S00F0000736C725F626173652E7331399A
S20500000013E7
S20500000100F9
S20500000200F8
S20500000300F7
S20500000413E3
S20500000500F5
S20500000600F4
S20500000700F3
S20500000813DF
S20500000900F1
S20500000A00F0
S20500000B00EF
S20500000C13DB
S20500000D00ED
S20500000E00EC
S20500000F00EB
S20500001013D7
S20500001100E9
S20500001200E8
S20500001300E7
S20500001413D3
S20500001500E5
S20500001600E4
S20500001700E3
S20500001813CF
S20500001900E1
S20500001A00E0
S20500001B00DF
S20500001C13CB
S20500001D00DD
S20500001E00DC
S20500001F00DB
S20500002013C7
S20500002100D9
S20500002200D8
S20500002300D7
S20500002413C3
S20500002500D5
S20500002600D4
S20500002700D3
S20500002813BF
S20500002900D1
S20500002A00D0
S20500002B00CF
S20500002C13BB
S20500002D00CD
S20500002E00CC
S20500002F00CB
S20500003013B7
S20500003100C9
S20500003200C8
S20500003300C7
S20500003413B3
S20500003500C5
S20500003600C4
S20500003700C3
S20500003813AF
S20500003900C1
S20500003A00C0
S20500003B00BF
S20500003C13AB
S20500003D00BD
S20500003E00BC
S20500003F00BB
S20500004013A7
S20500004100B9
S20500004200B8
S20500004300B7
S20500004413A3
S20500004500B5
S20500004600B4
S20500004700B3
S205000048139F
S20500004900B1
S20500004A00B0
S20500004B00AF
S20500004C139B
S20500004D00AD
S20500004E00AC
S20500004F00AB
S2050000501397
S20500005100A9
S20500005200A8
S20500005300A7
S2050000541393
S20500005500A5
S20500005600A4
S20500005700A3
S205000058138F
S20500005900A1
S20500005A00A0
S20500005B009F
S20500005C138B
S20500005D009D
S20500005E009C
S20500005F009B
S2050000601387
S2050000610099
S2050000620098
S2050000630097
S2050000641383
S2050000650095
S2050000660094
S2050000670093
S205000068137F
S2050000690091
S20500006A0090
S20500006B008F
S20500006C137B
S20500006D008D
S20500006E008C
S20500006F008B
S2050000701377
S2050000710089
S2050000720088
S2050000730087
S2050000741373
S2050000750085
S2050000760084
S2050000770083
S205000078136F
S2050000790081
S20500007A0080
S20500007B007F
S20500007C136B
S20500007D007D
S20500007E007C
S20500007F007B
S2050000806F0B
S2050000810079
S2050000824038
S2050000830077
S20500008493E3
S2050000850075
S2050000860074
S2050000870073
S205000088135F
S20500008981F0
S20500008A0070
S20500008B006F
S20500008C93DB
S20500008D81EC
S20500008E006C
S20500008F006B
S2050000901357
S20500009182E7
S2050000920068
S2050000930067
S20500009493D3
S20500009582E3
S2050000960064
S2050000970063
S205000098134F
S20500009983DE
S20500009A0060
S20500009B005F
S20500009C93CB
S20500009D83DA
S20500009E005C
S20500009F005B
S2050000A01347
S2050000A184D5
S2050000A20058
S2050000A30057
S2050000A493C3
S2050000A584D1
S2050000A60054
S2050000A70053
S2050000A8133F
S2050000A985CC
S2050000AA0050
S2050000AB004F
S2050000AC93BB
S2050000AD85C8
S2050000AE004C
S2050000AF004B
S2050000B01337
S2050000B186C3
S2050000B20048
S2050000B30047
S2050000B493B3
S2050000B586BF
S2050000B60044
S2050000B70043
S2050000B8132F
S2050000B987BA
S2050000BA0040
S2050000BB003F
S2050000BC93AB
S2050000BD87B6
S2050000BE003C
S2050000BF003B
S2050000C01327
S2050000C188B1
S2050000C20038
S2050000C30037
S2050000C493A3
S2050000C588AD
S2050000C60034
S2050000C70033
S2050000C8131F
S2050000C989A8
S2050000CA0030
S2050000CB002F
S2050000CC939B
S2050000CD89A4
S2050000CE002C
S2050000CF002B
S2050000D01317
S2050000D18A9F
S2050000D20028
S2050000D30027
S2050000D49393
S2050000D58A9B
S2050000D60024
S2050000D70023
S2050000D8130F
S2050000D98B96
S2050000DA0020
S2050000DB001F
S2050000DC938B
S2050000DD8B92
S2050000DE001C
S2050000DF001B
S2050000E01307
S2050000E18C8D
S2050000E20018
S2050000E30017
S2050000E49383
S2050000E58C89
S2050000E60014
S2050000E70013
S2050000E813FF
S2050000E98D84
S2050000EA0010
S2050000EB000F
S2050000EC937B
S2050000ED8D80
S2050000EE000C
S2050000EF000B
S2050000F013F7
S2050000F18E7B
S2050000F20008
S2050000F30007
S2050000F49373
S2050000F58E77
S2050000F60004
S2050000F70003
S2050000F813EF
S2050000F98F72
S2050000FA0000
S2050000FB00FF
S2050000FC936B
S2050000FD8F6E
S2050000FE00FC
S2050000FF00FB
S20500010017E2
S2050001016197
S20500010210E7
S20500010300F6
S20500010413E2
S20500010501F3
S20500010601F2
S205000107DF13
S20500010817DA
S2050001090DE3
S20500010A10DF
S20500010B00EE
S20500010C13DA
S20500010D0DDF
S20500010E8D5E
S20500010F707A
S2050001109752
S2050001111DCB
S20500011210D7
S20500011300E6
S2050001149352
S2050001158D57
S2050001164D96
S205000117835F
S205000118637E
S2050001195888
S20500011ABD22
S20500011B01DD
S20500011C23BA
S20500011D20BC
S20500011E0DCE
S20500011F00DA
S20500012013C6
S2050001210DCB
S2050001224D8A
S20500012300D6
S205000124E3F2
S205000125DCF8
S205000126AD26
S205000127FFD3
S205000128EFE2
S20500012920B0
S20500012AD0FF
S20500012B6A64
S20500012C13BA
S20500012D05C7
S20500012E00CB
S20500012F00CA
S2050001309336
S20500013105C3
S20500013200C7
S20500013300C6
S205000134EFD6
S2050001354084
S20500013600C3
S2050001374E74
S205000138EFD2
S20500013900C0
S20500013A00BF
S20500013B00BE
S20500013C6756
S20500013D803C
S20500013E00BB
S20500013F00BA
S2050001409326
S205000141D7E1
S2050001424572
S2050001434175
S20500014413A2
S20500014501B3
S20500014601B2
S205000147FFB3
S205000148931E
S205000149F7B9
S20500014AF7B8
S20500014B7F2F
S20500014C238A
S20500014D2488
S20500014E812A
S20500014F00AA
S2050001502386
S2050001512286
S2050001529116
S20500015300A6
S2050001542382
S2050001552084
S2050001562182
S20500015701A1
S205000158237E
S205000159267A
S20500015A118E
S20500015B009E
S20500015C138A
S20500015D8715
S20500015E1784
S20500015FC0DA
S2050001609306
S2050001610692
S2050001623067
S2050001630195
S2050001641382
S2050001658410
S205000166058E
S2050001670092
S20500016893FE
S205000169048C
S20500016A058A
S20500016B008E
S20500016C137A
S20500016D0983
S20500016E0685
S20500016F008A
S2050001706326
S205000171CCBC
S205000172E6A1
S2050001730482
S2050001746322
S2050001754A3A
S205000176077C
S2050001771072
S205000178B7CA
S2050001790779
S20500017A106F
S20500017B007E
S20500017C93EA
S20500017D87F5
S20500017EF784
S20500017FFF7B
S205000180B3C6
S205000181D7A1
S205000182E790
S2050001834036
S2050001843342
S205000185F77D
S205000186B7BC
S2050001870072
S205000188333E
S2050001896709
S20500018AA7C8
S20500018B006E
S20500018C630A
S20500018D1A52
S20500018E0764
S20500018F0664
S20500019093D6
S2050001910761
S2050001920463
S2050001930066
S205000194B7AE
S205000195065E
S2050001960063
S20500019780E2
S205000198233E
S2050001992040
S20500019A99C6
S20500019B005E
S20500019C332A
S20500019DF468
S20500019E86D5
S20500019F005A
S2050001A02336
S2050001A12236
S2050001A2F95E
S2050001A30056
S2050001A493C2
S2050001A50450
S2050001A60053
S2050001A70052
S2050001A883CE
S2050001A92030
S2050001AAC18E
S2050001AB004E
S2050001AC93BA
S2050001AD0547
S2050001AE0447
S2050001AF004A
S2050001B00346
S2050001B12424
S2050001B281C6
S2050001B30046
S2050001B40342
S2050001B5291B
S2050001B60142
S2050001B70042
S2050001B8132E
S2050001B985BB
S2050001BA043B
S2050001BB003E
S2050001BC83BA
S2050001BD2418
S2050001BE41FA
S2050001BF003A
S2050001C01326
S2050001C10137
S2050001C20136
S2050001C30135
S2050001C467CE
S2050001C580B4
S2050001C60033
S2050001C70032
S2050001C8939E
S2050001C9062A
S2050001CA30FF
S2050001CB032B
S2050001CC63CA
S2050001CDC26A
S2050001CEE645
S2050001CF0822
S2050001D01316
S2050001D10721
S2050001D2F037
S2050001D3FF27
S2050001D49392
S2050001D5879D
S2050001D6D74C
S2050001D7BE64
S2050001D8B36E
S2050001D957C9
S2050001DAF728
S2050001DB001E
S2050001DC33EA
S2050001DDF725
S2050001DEA774
S2050001DF001A
S2050001E0E336
S2050001E10810
S2050001E20710
S2050001E3FA1C
S2050001E49382
S2050001E5C74D
S2050001E6F71C
S2050001E7FF13
S2050001E8B35E
S2050001E9F719
S2050001EAA768
S2050001EB000E
S2050001EC13FA
S2050001ED8884
S2050001EE0704
S2050001EF000A
S2050001F013F6
S2050001F18682
S2050001F20700
S2050001F30006
S2050001F49372
S2050001F5887C
S2050001F605FE
S2050001F70002
S2050001F8936E
S2050001F9867A
S2050001FA05FA
S2050001FB00FE
S2050001FC6F8E
S2050001FD00FC
S2050001FE00FB
S2050001FF02F8
S2050002009365
S205000201C730
S205000202F7FF
S205000203FFF6
S20500020413E1
S20500020507EC
S20500020600F2
S20500020700F1
S205000208B33D
S205000209F7F8
S20500020AB737
S20500020B00ED
S20500020C13D9
S20500020D08E3
S20500020E07E3
S20500020F00E9
S20500021013D5
S20500021106E1
S20500021207DF
S20500021300E5
S2050002149351
S205000215885B
S20500021607DB
S20500021700E1
S205000218934D
S2050002198659
S20500021A07D7
S20500021B00DD
S20500021C23B9
S20500021D20BB
S20500021E09D1
S20500021F01D8
S20500022023B5
S20500022122B5
S20500022219BD
S20500022301D4
S205000224EFE5
S20500022510C3
S2050002269042
S2050002274A87
S20500022813BD
S205000229844B
S20500022A05C9
S20500022B00CD
S20500022C8349
S20500022D20AB
S20500022EC109
S20500022F00C9
S2050002309335
S20500023105C2
S20500023204C2
S20500023300C5
S20500023403C1
S205000235249F
S2050002368141
S20500023700C1
S205000238932D
S20500023904BB
S20500023A05B9
S20500023B00BD
S20500023C03B9
S20500023D2992
S20500023E01B9
S20500023F00B9
S20500024013A5
S2050002418532
S20500024204B2
S20500024300B5
S2050002448331
S205000245248F
S2050002464171
S20500024700B1
S205000248139D
S20500024901AE
S20500024A01AD
S20500024B01AC
S20500024C6745
S20500024D802B
S20500024E00AA
S20500024F00A9
S2050002502385
S2050002512087
S205000252A9FD
S20500025300A5
S2050002542381
S2050002552281
S205000256B9E9
S20500025700A1
S205000258EFB1
S205000259009F
S20500025A009E
S20500025B0796
S20500025C6339
S20500025D1E7D
S20500025E0595
S20500025F0495
S2050002601385
S2050002618611
S2050002620492
S2050002630095
S2050002641381
S205000265850E
S205000266048E
S2050002670091
S20500026893FD
S2050002690689
S20500026A048A
S20500026B008D
S20500026C93F9
S20500026D0586
S20500026E0486
S20500026F0089
S205000270EF99
S2050002710087
S2050002728006
S2050002730C79
S20500027493F1
S205000275047F
S205000276057D
S2050002770081
S205000278136D
S20500027984FB
S20500027A0579
S20500027B007D
S20500027C2359
S20500027D205B
S20500027EA9D1
S20500027F0079
S2050002802355
S2050002812255
S205000282B9BD
S2050002830075
S2050002846F05
S205000285F083
S2050002865F13
S205000287F27F
S205000288B7B9
S2050002890768
S20500028A006E
S20500028B80ED
S20500028C83E9
S20500028D204B
S20500028EC1A9
S20500028F0069
S205000290B3B5
S205000291F770
S205000292B7AF
S2050002930065
S20500029493D1
S205000295055E
S205000296045E
S2050002970061
S205000298035D
S205000299243B
S20500029A81DD
S20500029B005D
S20500029C2339
S20500029D203B
S20500029E0654
S20500029F0059
S2050002A02335
S2050002A12235
S2050002A2F660
S2050002A30055
S2050002A40351
S2050002A5292A
S2050002A60151
S2050002A70051
S2050002A8133D
S2050002A985CA
S2050002AA044A
S2050002AB004D
S2050002AC83C9
S2050002AD2427
S2050002AE4109
S2050002AF0049
S2050002B01335
S2050002B10146
S2050002B20145
S2050002B30144
S2050002B467DD
S2050002B580C3
S2050002B60042
S2050002B70041
S2050002B8B789
S2050002B90738
S2050002BA003E
S2050002BB80BD
S2050002BC3309
S2050002BDF447
S2050002BE87B3
S2050002BF0039
S2050002C093A5
S2050002C10433
S2050002C20036
S2050002C30035
S2050002C46FC5
S2050002C5F043
S2050002C65FD3
S2050002C7EE43
S2050002C833FD
S2050002C967C8
S2050002CAB579
S2050002CB002D
S2050002CC9399
S2050002CD0724
S2050002CE0525
S2050002CF0029
S2050002D063C5
S2050002D10C1B
S2050002D2071F
S2050002D30421
S2050002D437ED
S2050002D5071C
S2050002D60022
S2050002D780A1
S2050002D863BD
S2050002D9829D
S2050002DAE539
S2050002DB0419
S2050002DC9389
S2050002DD0615
S2050002DEF723
S2050002DFFF1A
S2050002E0B365
S2050002E1F621
S2050002E2B660
S2050002E30015
S2050002E437DD
S2050002E5080B
S2050002E6F022
S2050002E7FF12
S2050002E833DD
S2050002E98887
S2050002EA0608
S2050002EB010C
S2050002ECB755
S2050002ED0803
S2050002EEE02A
S2050002EF7F8A
S2050002F013F5
S2050002F10502
S2050002F240C6
S2050002F30005
S2050002F463A1
S2050002F562A1
S2050002F618EA
S2050002F703FE
S2050002F837C9
S2050002F908F7
S2050002FA10EE
S2050002FB00FD
S2050002FC13E9
S2050002FD05F6
S2050002FE30CA
S2050002FF00F9
S2050003006394
S205000301EC0A
S20500030205F0
S20500030301F3
S20500030433C0
S20500030507EB
S205000306B73A
S20500030700F0
S205000308638C
S2050003096886
S20500030A07E6
S20500030B01EB
S20500030C37B4
S20500030D07E3
S20500030EF0F9
S20500030F7F69
S20500031013D4
S20500031105E1
S20500031200E5
S20500031300E4
S2050003146380
S2050003158E54
S205000316E6FB
S20500031700E0
S2050003186778
S205000319805E
S20500031A00DD
S20500031B00DC
S20500031C33A8
S20500031D35A5
S20500031EA039
S20500031F00D8
S20500032013C4
S20500032105D1
S20500032225B0
S20500032300D4
S205000324676C
S2050003258052
S20500032600D1
S20500032700D0
S20500032813BC
S20500032905C9
S20500032A20AD
S20500032B00CC
S20500032C6764
S20500032D804A
S20500032E00C9
S20500032F00C8
S20500033013B4
S205000331B511
S20500033217AE
S20500033300C4
S205000334675C
S2050003358042
S20500033600C1
S20500033700C0
S205000338B708
S20500033907B7
S20500033A10AD
S20500033B00BC
S20500033C13A8
S20500033D01B9
S20500033E01B8
S20500033FFEBA
S2050003409324
S2050003418E28
S205000342F7BE
S205000343FFB5
S2050003443380
S205000345F8BA
S205000346BEF3
S20500034700B0
S205000348B3FC
S205000349F7B7
S20500034ADECF
S20500034B00AC
S20500034C1398
S20500034DD3D7
S20500034E4663
S20500034F01A7
S2050003502384
S205000351287E
S2050003522184
S20500035301A3
S2050003541390
S205000355D9C9
S205000356455C
S205000357019F
S205000358930C
S2050003599707
S20500035A3766
S20500035B009C
S20500035C2378
S20500035D2C6E
S20500035E8118
S20500035F0098
S2050003601384
S205000361187E
S205000362385D
S2050003630094
S2050003641380
S205000365D4BE
S205000366F59C
S205000367018F
S205000368137C
S2050003695737
S20500036AD5B8
S20500036B018B
S20500036C93F8
S20500036D5832
S20500036ED6B3
S20500036F0187
S2050003701374
S205000371790D
S205000372F98C
S2050003737F05
S2050003741370
S205000375730F
S205000376F38E
S2050003777F01
S205000378235C
S2050003792E50
S20500037A116C
S20500037B007C
S20500037C2358
S20500037D2A50
S20500037E91E8
S20500037F0078
S2050003802354
S2050003812650
S2050003823144
S2050003830173
S20500038493E0
S205000385D69C
S205000386F67B
S205000387016F
S205000388B3BC
S205000389E886
S20500038AF875
S20500038B006C
S20500038C3338
S20500038D6703
S20500038E0762
S20500038F0167
S20500039093D4
S2050003911551
S2050003923530
S2050003930064
S2050003941350
S2050003951F43
S205000396362B
S2050003970060
S205000398B3AC
S2050003990757
S20500039A69F4
S20500039B401C
S20500039C63F8
S20500039D0456
S20500039ED485
S20500039F1E3A
S2050003A063F4
S2050003A15204
S2050003A2F065
S2050003A3163E
S2050003A463F0
S2050003A5064C
S2050003A6034E
S2050003A72828
S2050003A893BC
S2050003A90648
S2050003AAF05D
S2050003AB7FCD
S2050003AC63E8
S2050003AD0644
S2050003AED970
S2050003AF4206
S2050003B093B4
S2050003B10640
S2050003B280C5
S2050003B30341
S2050003B41330
S2050003B5063C
S2050003B61031
S2050003B70040
S2050003B863DC
S2050003B9CE70
S2050003BAF647
S2050003BB023A
S2050003BCB784
S2050003BD0634
S2050003BE80B9
S2050003BF0038
S2050003C0B384
S2050003C1E84E
S2050003C2D85D
S2050003C30034
S2050003C493A0
S2050003C5062C
S2050003C6F041
S2050003C7012F
S2050003C863CC
S2050003C9CE60
S2050003CAF637
S2050003CB52DA
S2050003CC9398
S2050003CD0624
S2050003CE0029
S2050003CF0226
S2050003D0B374
S2050003D186A0
S2050003D2F62F
S2050003D340E4
S2050003D433F0
S2050003D5968C
S2050003D6D849
S2050003D70020
S2050003D833EC
S2050003D955C9
S2050003DAFF1E
S2050003DB001C
S2050003DCB368
S2050003DD1604
S2050003DEDF3A
S2050003DF0018
S2050003E033E4
S2050003E166B0
S2050003E2A66F
S2050003E30014
S2050003E4B360
S2050003E536DC
S2050003E6D041
S2050003E70010
S2050003E8B35C
S2050003E9D836
S2050003EAF815
S2050003EB000C
S2050003EC33D8
S2050003ED66A4
S2050003EED633
S2050003EF0008
S2050003F033D4
S2050003F107FF
S2050003F217EE
S2050003F341C3
S2050003F433D0
S2050003F5867C
S2050003F6C53C
S2050003F740C0
S2050003F8B34C
S2050003F9B549
S2050003FAC538
S2050003FB00FC
S2050003FC9368
S2050003FD04F6
S2050003FE06F3
S2050003FF00F8
S205000400B343
S20500040109EC
S205000402B73D
S20500040340B3
S205000404935F
S205000405975A
S2050004068967
S20500040700EF
S205000408638B
S205000409DA13
S20500040A07E5
S20500040B32B9
S20500040CB733
S20500040D07E2
S20500040E8068
S20500040F00E7
S2050004109353
S205000411875E
S205000412F7ED
S205000413FFE4
S205000414B32F
S205000415F9E8
S205000416F9E7
S20500041700DF
S205000418637B
S2050004198855
S20500041A09D3
S20500041B2CAF
S20500041C13C7
S20500041D8554
S20500041E09CF
S20500041F00D7
S205000420EFE7
S20500042120B5
S205000422D004
S20500042332A1
S205000424933F
S20500042507CA
S205000426854B
S205000427FFD0
S205000428933B
S20500042906C7
S20500042A00CC
S20500042B02C9
S20500042C3397
S20500042D8742
S20500042EF6D2
S20500042F4087
S2050004303393
S205000431D7EE
S205000432E4E0
S20500043300C3
S205000434B30F
S2050004359928
S205000436F9C7
S20500043700BF
S205000438338B
S2050004396756
S20500043A3785
S20500043B01BA
S20500043CB307
S20500043D9425
S20500043EF4C4
S20500043F00B7
S2050004406353
S205000441C8ED
S205000442278D
S2050004434B68
S205000444B3FF
S205000445872A
S2050004462789
S205000447416E
S205000448931B
S2050004498726
S20500044A1795
S20500044B00AB
S20500044CB3F7
S20500044D8623
S20500044EF6B2
S20500044F4067
S2050004503373
S205000451960F
S205000452D4D0
S20500045300A3
S205000454B3EF
S205000455D9C8
S205000456F4AC
S205000457009F
S205000458336B
S2050004593667
S20500045AC0DC
S20500045B009B
S20500045C3367
S20500045D6633
S20500045E3662
S20500045F0196
S205000460B3E3
S205000461167F
S205000462D7BD
S2050004630093
S205000464B3DF
S205000465E4AD
S205000466C6CA
S205000467008F
S205000468B3DB
S2050004695934
S20500046AF795
S20500046B008B
S20500046C1377
S20500046D0980
S20500046E0088
S20500046F0087
S20500047093F3
S205000471F78E
S2050004727410
S2050004730083
S205000474631F
S2050004758001
S2050004760779
S205000477027D
S20500047893EB
S205000479F786
S20500047AF488
S20500047B007B
S20500047C1367
S20500047D0772
S20500047E4038
S20500047F0077
S2050004806313
S2050004818AEB
S205000482E78D
S2050004830073
S20500048493DF
S20500048587EA
S205000486442C
S205000487006F
S205000488333B
S205000489B6B7
S20500048A97D5
S20500048B006B
S20500048CB3B7
S20500048D89E0
S20500048EC99F
S20500048F0067
S20500049093D3
S20500049184E1
S205000492075D
S2050004930063
S20500049493CF
S20500049597CA
S20500049689D7
S205000497005F
S20500049863FB
S205000499DA83
S20500049A0755
S20500049B6EED
S20500049C93C7
S20500049D0752
S20500049E193F
S20500049F0057
S2050004A01343
S2050004A1074E
S2050004A2F064
S2050004A37FD4
S2050004A4133F
S2050004A50E43
S2050004A6044C
S2050004A7004F
S2050004A863EB
S2050004A986C7
S2050004AAE765
S2050004AB2A21
S2050004AC3713
S2050004AD0742
S2050004AE80C8
S2050004AFFF48
S2050004B01333
S2050004B1073E
S2050004B2F74D
S2050004B3FF44
S2050004B4330F
S2050004B5F74A
S2050004B6E957
S2050004B7003F
S2050004B893AB
S2050004B9F746
S2050004BAF745
S2050004BB7FBC
S2050004BC1327
S2050004BD1821
S2050004BED761
S2050004BF0136
S2050004C01323
S2050004C1D65F
S2050004C23400
S2050004C30033
S2050004C4131F
S2050004C5171A
S2050004C69799
S2050004C7002F
S2050004C833FB
S2050004C968C5
S2050004CAC864
S2050004CB002B
S2050004CC1317
S2050004CD57D2
S2050004CEC761
S2050004CF0027
S2050004D083A3
S2050004D12005
S2050004D2C163
S2050004D30122
S2050004D4031F
S2050004D524FD
S2050004D6819F
S2050004D7011E
S2050004D8938B
S2050004D99786
S2050004DA47D5
S2050004DB011A
S2050004DCB367
S2050004DDE732
S2050004DEE731
S2050004DF0017
S2050004E01303
S2050004E117FE
S2050004E2FE16
S2050004E30112
S2050004E4B35F
S2050004E5E72A
S2050004E6E729
S2050004E7000F
S2050004E8838B
S2050004E924E9
S2050004EA41CB
S2050004EB010A
S2050004EC0307
S2050004ED29E0
S2050004EE0107
S2050004EF0106
S2050004F08383
S2050004F129DC
S2050004F2C143
S2050004F30003
S2050004F413EF
S2050004F505FC
S2050004F608F8
S2050004F700FF
S2050004F8936B
S2050004F98578
S2050004FA07F5
S2050004FB00FB
S2050004FC13E7
S2050004FD01F8
S2050004FE01F7
S2050004FF02F5
S205000500678E
S2050005018074
S20500050200F3
S20500050300F2
S205000504638E
S2050005058C64
S20500050607E8
S20500050714DA
S205000508B33A
S20500050907E5
S20500050A23C8
S20500050B41A9
S20500050C6386
S20500050D12D6
S20500050E09DE
S20500050F3CAA
S20500051033B2
S205000511657F
S205000512B72C
S20500051300E2
S205000514637E
S20500051504DC
S20500051605DA
S2050005174C92
S20500051813CA
S2050005198557
S20500051AF7E4
S20500051BFFDB
S20500051C6376
S20500051D02D6
S20500051E05D2
S20500051F6076
S20500052013C2
S20500052108CC
S205000522F0E3
S2050005237F53
S205000524636E
S205000525864A
S20500052607C8
S2050005275777
S205000528933A
S20500052907C5
S20500052A804B
S20500052B03C7
S20500052C13B6
S20500052D06C2
S20500052E10B7
S20500052F00C6
S2050005306362
S205000531CCF8
S205000532A71C
S20500053302C0
S205000534932E
S20500053507B9
S20500053605BA
S20500053700BE
S20500053813AA
S20500053906B6
S20500053AF0CB
S20500053B01B9
S20500053C6356
S20500053D4C6C
S20500053EF6C1
S20500053F5660
S20500054013A2
S20500054105AF
S20500054200B3
S20500054302B0
S205000544337E
S20500054505AB
S205000546F5BA
S205000547406E
S205000548337A
S2050005491696
S20500054AA704
S20500054B00AA
S20500054C3376
S20500054DD8D0
S20500054EF5B2
S20500054F00A6
S2050005503372
S205000551950F
S205000552A5FE
S20500055300A2
S205000554336E
S205000555663A
S2050005560699
S205000557019D
S205000558336A
S2050005593567
S20500055AA0FB
S20500055B009A
S20500055C3366
S20500055D5741
S20500055EF7A0
S20500055F0096
S2050005603362
S205000561662E
S205000562A6ED
S2050005630092
S205000564B3DE
S2050005658808
S205000566E8A7
S205000567404E
S205000568335A
S2050005690686
S20500056ACFBC
S20500056B404A
S20500056C3356
S20500056D3751
S20500056ECFB8
S20500056F0086
S20500057093F2
S2050005710480
S205000572067D
S2050005730082
S205000574B3CE
S20500057589F7
S205000576E897
S205000577403E
S205000578136A
S2050005790973
S20500057A0378
S20500057B007A
S20500057C1366
S20500057D84F4
S20500057E0671
S20500057F0076
S2050005806F06
S205000581F084
S2050005825F14
S205000583E88A
S205000584630E
S2050005855020
S205000586F07F
S2050005871E50
S205000588630A
S205000589105C
S20500058A0368
S20500058B1456
S20500058CB3B6
S20500058DE682
S20500058EE87F
S20500058F0165
S2050005906302
S2050005918CD8
S205000592065D
S205000593263C
S20500059493CE
S20500059586DA
S205000596F768
S205000597FF5F
S20500059863FA
S20500059980DC
S20500059A0655
S20500059B4812
S20500059C1346
S20500059D0652
S20500059EF067
S20500059F7FD7
S2050005A063F2
S2050005A18CC8
S2050005A2C78C
S2050005A32230
S2050005A493BE
S2050005A50749
S2050005A680CF
S2050005A7034B
S2050005A893BA
S2050005A90943
S2050005AA103B
S2050005AB004A
S2050005AC63E6
S2050005ADCC7C
S2050005AED770
S2050005AF0244
S2050005B093B2
S2050005B187BD
S2050005B2063D
S2050005B30042
S2050005B493AE
S2050005B5063A
S2050005B6F04F
S2050005B7013D
S2050005B863DA
S2050005B9C07C
S2050005BAF645
S2050005BB4AF0
S2050005BC93A6
S2050005BD0632
S2050005BE0037
S2050005BF0234
S2050005C0B382
S2050005C186AE
S2050005C2F63D
S2050005C340F2
S2050005C4B37E
S2050005C59997
S2050005C6D857
S2050005C7002E
S2050005C833FA
S2050005C956D6
S2050005CAFF2C
S2050005CB002A
S2050005CCB376
S2050005CD1612
S2050005CEDF48
S2050005CF0026
S2050005D0B372
S2050005D1E93B
S2050005D2C95A
S2050005D30022
S2050005D4B36E
S2050005D536EA
S2050005D6D04F
S2050005D7001E
S2050005D8B36A
S2050005D9D844
S2050005DAF823
S2050005DB001A
S2050005DCB366
S2050005DDE92F
S2050005DED93E
S2050005DF0016
S2050005E033E2
S2050005E1070D
S2050005E217FC
S2050005E30111
S2050005E4B35E
S2050005E5858B
S2050005E6B956
S2050005E7000E
S2050005E8B35A
S2050005E9B953
S2050005EA35D6
S2050005EB0109
S2050005EC9376
S2050005ED8484
S2050005EE0502
S2050005EF0006
S2050005F0B352
S2050005F1897B
S2050005F2E91A
S2050005F30002
S2050005F4936E
S2050005F59769
S2050005F68976
S2050005F700FE
S2050005F8639A
S2050005F9D22A
S2050005FA07F4
S2050005FB14E6
S2050005FC13E6
S2050005FD09EF
S2050005FE19DE
S2050005FF00F6
S2050006009361
S20500060107EC
S205000602F002
S2050006037F72
S205000604638D
S2050006050CE3
S205000606F9F5
S20500060736B7
S205000608B735
S20500060907E4
S20500060A806A
S20500060BFFEA
S20500060C9355
S20500060D8760
S20500060EF7EF
S20500060FFFE6
S20500061013D1
S205000611F6ED
S20500061214CE
S20500061300E1
S205000614B32D
S205000615F7E8
S205000616F9E5
S20500061700DD
S20500061813C9
S205000619D704
S20500061A14C6
S20500061B00D9
S20500061C33A5
S20500061D6770
S20500061EC70F
S20500061F00D5
S20500062013C1
S205000621963D
S205000622F7DB
S20500062301D0
S205000624B31D
S205000625646B
S205000626E6E8
S20500062700CD
S2050006289339
S205000629D9F2
S20500062A17B3
S20500062B00C9
S20500062C6F59
S20500062DF0D7
S20500062E5F67
S20500062FE4E1
S205000630B311
S205000631E6DD
S205000632E8DA
S20500063301C0
S205000634635D
S2050006358A35
S20500063606B8
S2050006371CA1
S2050006389329
S2050006398635
S20500063AF7C3
S20500063BFFBA
S20500063C6355
S20500063D8037
S20500063E06B0
S20500063F4075
S20500064013A1
S20500064106AD
S205000642F0C2
S2050006437F32
S205000644634D
S2050006458A25
S205000646C7E7
S2050006471895
S2050006489319
S20500064907A4
S20500064A802A
S20500064B03A6
S20500064C1395
S20500064D06A1
S20500064E1096
S20500064F00A5
S205000650E3C1
S205000651C2E1
S205000652D7CB
S205000653DAC7
S205000654930D
S2050006558718
S2050006560698
S205000657009D
S2050006586F2D
S205000659F0AB
S20500065ADFBB
S20500065BD6C3
S20500065C1385
S20500065D088F
S20500065E197D
S20500065F0095
S2050006601381
S205000661781B
S205000662E8AA
S2050006637F12
S205000664632D
S2050006651C73
S2050006660886
S205000667226B
S2050006683359
S2050006696328
S20500066AB7D3
S20500066B0089
S20500066C3355
S20500066DE89F
S20500066EE89E
S20500066F0184
S2050006706321
S2050006711073
S2050006720979
S2050006733849
S205000674631D
S2050006750E71
S205000676037B
S2050006774637
S2050006786319
S2050006790675
S20500067A0872
S20500067B4039
S20500067CB3C5
S20500067D89EE
S20500067EE591
S20500067F4134
S2050006803341
S205000681B5BE
S205000682353D
S2050006830170
S205000684333D
S2050006850669
S2050006861757
S205000687412C
S2050006883339
S2050006890665
S20500068AA6C4
S20500068B4029
S20500068C1355
S20500068D1552
S20500068E86E0
S20500068F0065
S2050006906301
S2050006915E05
S205000692055D
S2050006935011
S205000694B3AD
S205000695055A
S205000696BF9F
S205000697401D
S2050006983329
S20500069987D4
S20500069AE872
S20500069B4019
S20500069C3325
S20500069D3F18
S20500069EBF97
S20500069F0055
S2050006A03321
S2050006A1074C
S2050006A2E76B
S2050006A34110
S2050006A4133D
S2050006A51639
S2050006A687C7
S2050006A7004D
S2050006A893B9
S2050006A984C7
S2050006AA0545
S2050006AB0049
S2050006AC63E5
S2050006AD5EE9
S2050006AE0640
S2050006AF52F3
S2050006B0B78D
S2050006B1073C
S2050006B280C2
S2050006B3FF42
S2050006B493AD
S2050006B587B8
S2050006B6F747
S2050006B7FF3E
S2050006B83309
S2050006B977C4
S2050006BAF743
S2050006BB0039
S2050006BC1325
S2050006BD8EA9
S2050006BE0630
S2050006BF0035
S2050006C093A1
S2050006C1072C
S2050006C21022
S2050006C30031
S2050006C46FC1
S2050006C5F03F
S2050006C69F8F
S2050006C7DF4E
S2050006C89399
S2050006C90625
S2050006CAF03A
S2050006CB7FAA
S2050006CC63C5
S2050006CD0621
S2050006CED94D
S2050006CF1015
S2050006D09391
S2050006D1061D
S2050006D280A2
S2050006D3031E
S2050006D4938D
S2050006D50916
S2050006D6100E
S2050006D7001D
S2050006D8E339
S2050006D9C655
S2050006DAF624
S2050006DBF029
S2050006DCB761
S2050006DD0611
S2050006DE8096
S2050006DF0015
S2050006E0B361
S2050006E1E82B
S2050006E2D83A
S2050006E30011
S2050006E46FA1
S2050006E5F01F
S2050006E61FEF
S2050006E7ED20
S2050006E813F9
S2050006E98586
S2050006EA0406
S2050006EB0009
S2050006ECEF19
S2050006ED20E7
S2050006EE10F6
S2050006EF06FF
S2050006F09371
S2050006F107FC
S2050006F2857D
S2050006F30100
S2050006F4936D
S2050006F506F9
S2050006F6F00E
S2050006F701FC
S2050006F8E319
S2050006F9D823
S2050006FAF604
S2050006FBD227
S2050006FC13E5
S2050006FD07F0
S2050006FE8571
S2050006FFFFF6
S20500070033C0
S205000701975B
S205000702E40D
S20500070300F0
S205000704638C
S205000705C628
S20500070627C6
S20500070723C9
S20500070833B8
S2050007098961
S20500070A27C2
S20500070B41A7
S20500070C9354
S20500070D07DF
S20500070E19CC
S20500070F00E4
S2050007106380
S205000711D60C
S205000712F6EB
S2050007134898
S20500071413CC
S20500071509D5
S20500071619C4
S205000717FEDE
S2050007189348
S20500071906D4
S20500071A00D9
S20500071B02D6
S20500071CB324
S20500071D5482
S20500071E27AE
S20500071F01D3
S2050007206370
S2050007218C46
S205000722D7FA
S20500072300D0
S205000724933C
S20500072506C8
S20500072600CD
S20500072704C8
S205000728B318
S2050007298743
S20500072AF6D3
S20500072B4088
S20500072C3394
S20500072D17AF
S20500072EF7CE
S20500072F00C4
S2050007303390
S205000731378B
S205000732E0E1
S20500073300C0
S205000734B30C
S205000735E4DA
S205000736E4D9
S20500073700BC
S20500073813A8
S20500073909B1
S20500073A00B9
S20500073B00B8
S20500073C9324
S20500073DF7BF
S20500073E7441
S20500073F00B4
S205000740E3D0
S2050007419C16
S20500074207AA
S205000743D2DE
S205000744931C
S20500074507A7
S20500074609A4
S20500074700AC
S2050007481398
S205000749D6D4
S20500074A3475
S20500074B00A8
S20500074C1394
S20500074D871F
S20500074E099C
S20500074F00A4
S2050007506F34
S20500075100A2
S20500075200A1
S2050007530C94
S205000754930C
S2050007550797
S205000756F0AD
S2050007577F1D
S2050007581388
S2050007590793
S20500075A0099
S20500075B0098
S20500075C1384
S20500075D088E
S20500075E0095
S20500075F0094
S2050007606F24
S205000761F0A2
S2050007621F72
S205000763D7B9
S205000764632C
S2050007658A04
S2050007660786
S2050007670C80
S205000768B3D8
S2050007690783
S20500076A2366
S20500076B4147
S20500076C6324
S20500076D0284
S20500076E097C
S20500076F1E66
S20500077093F0
S205000771067C
S205000772F091
S2050007737F01
S205000774631C
S2050007750876
S205000776D3AA
S205000777324A
S20500077893E8
S2050007790674
S20500077A80F9
S20500077B0375
S20500077C93E4
S20500077D096D
S20500077E1065
S20500077F0074
S2050007806310
S205000781CEA4
S205000782F67B
S205000783026E
S205000784B7B8
S2050007850668
S20500078680ED
S205000787006C
S2050007883338
S2050007896703
S20500078AD792
S20500078B0068
S20500078C93D4
S20500078D0660
S20500078EF075
S20500078F0163
S2050007906300
S205000791C89A
S205000792F66B
S2050007933C24
S20500079493CC
S2050007950658
S205000796005D
S205000797025A
S205000798B3A8
S20500079986D4
S20500079AF663
S20500079B4018
S20500079CB3A4
S20500079D193D
S20500079ED77E
S20500079F0054
S2050007A03320
S2050007A1D67C
S2050007A2F55C
S2050007A30050
S2050007A4B39C
S2050007A596B8
S2050007A6D578
S2050007A7004C
S2050007A8B398
S2050007A9E961
S2050007AAC980
S2050007AB0048
S2050007ACB394
S2050007AD3610
S2050007AED075
S2050007AF0044
S2050007B03310
S2050007B157EB
S2050007B2F74A
S2050007B30040
S2050007B4B38C
S2050007B5E955
S2050007B6D964
S2050007B7003C
S2050007B8B388
S2050007B988B2
S2050007BAE851
S2050007BB0038
S2050007BC3304
S2050007BD87AF
S2050007BEE94C
S2050007BF0133
S2050007C0B380
S2050007C139F9
S2050007C237FA
S2050007C3012F
S2050007C4939C
S2050007C5042A
S2050007C60726
S2050007C7002C
S2050007C8B378
S2050007C989A1
S2050007CA1910
S2050007CB0127
S2050007CC1314
S2050007CD091D
S2050007CE0322
S2050007CF0024
S2050007D06FB4
S2050007D1F032
S2050007D25FC2
S2050007D3E23E
S2050007D463BC
S2050007D5100E
S2050007D60815
S2050007D7021A
S2050007D81308
S2050007D91604
S2050007DA35E4
S2050007DB0018
S2050007DC1304
S2050007DD56C0
S2050007DE36DF
S2050007DF0014
S2050007E01300
S2050007E118FA
S2050007E2D73A
S2050007E3010F
S2050007E433DC
S2050007E568A6
S2050007E6C845
S2050007E7000C
S2050007E813F8
S2050007E957B3
S2050007EA37D2
S2050007EB0008
S2050007EC33D4
S2050007ED679F
S2050007EE07FE
S2050007EF0103
S2050007F063A0
S2050007F106FC
S2050007F207FA
S2050007F318E8
S2050007F413EC
S2050007F50EF0
S2050007F600FD
S2050007F700FC
S2050007F89368
S2050007F907F3
S2050007FAF009
S2050007FB7F79
S2050007FC37C0
S2050007FD07EF
S2050007FE08ED
S2050007FF00F4
S20500080013DF
S20500080108E9
S20500080200F0
S20500080300EF
S2050008046F7F
S205000805F0FD
S205000806DF0D
S205000807CC1F
S20500080813D7
S20500080916D3
S20500080A35B3
S20500080B00E7
S20500080C13D3
S20500080D568F
S20500080E36AE
S20500080F00E3
S20500081013CF
S20500081118C9
S205000812D709
S20500081301DE
S205000814934B
S20500081506D7
S205000816F0EC
S2050008177F5C
S20500081833A7
S2050008196871
S20500081AC810
S20500081B00D7
S20500081C13C3
S20500081D577E
S20500081E379D
S20500081F00D3
S205000820E3EF
S205000821864B
S205000822D7F9
S205000823FCD3
S20500082413BB
S20500082517B6
S205000826C705
S20500082700CB
S20500082813B7
S2050008295772
S20500082AC701
S20500082B00C7
S20500082C9333
S20500082DF7CE
S20500082EF7CD
S20500082F7F44
S20500083013AF
S2050008310EB3
S20500083204BC
S20500083300BF
S2050008346F4F
S205000835F0CD
S205000836DFDD
S205000837C9F2
S2050008389327
S20500083906B3
S20500083A199F
S20500083B00B7
S20500083C13A3
S20500083DF8BD
S20500083EE6CE
S20500083F7F34
S205000840634F
S2050008411899
S20500084208A8
S205000843149B
S205000844B3FB
S2050008456647
S205000846B7F5
S20500084700AB
S2050008486347
S2050008491C8D
S20500084A099F
S20500084B287F
S20500084C6343
S20500084D8223
S20500084E069E
S20500084F3073
S205000850B3EF
S205000851E6BB
S205000852E8B8
S205000853019E
S205000854633B
S2050008558815
S2050008560696
S2050008572279
S205000858B3E7
S2050008598712
S20500085AE5B3
S20500085B0196
S20500085CB3E3
S20500085DB5E0
S20500085EB7DD
S20500085F0093
S205000860335F
S205000861078A
S2050008621779
S205000863018E
S205000864335B
S2050008650786
S205000866B7D5
S205000867008B
S2050008681377
S205000869D8B1
S20500086A3751
S20500086B0087
S20500086C93F3
S20500086D176E
S20500086E87FD
S20500086F0083
S205000870136F
S2050008710E73
S205000872047C
S205000873007F
S205000874631B
S205000875DE9F
S2050008760775
S2050008773447
S205000878B7C3
S2050008790772
S20500087A80F8
S20500087BFF78
S20500087C93E3
S20500087D87EE
S20500087EF77D
S20500087FFF74
S205000880333F
S20500088177FA
S205000882F779
S205000883006F
S20500088493DB
S2050008851756
S205000886D795
S205000887016A
S2050008881357
S2050008895712
S20500088A3731
S20500088B0067
S20500088C3333
S20500088DE87D
S20500088E075D
S20500088F0162
S205000890332F
S20500089177EA
S205000892D789
S205000893015E
S20500089493CB
S2050008950756
S205000896104C
S205000897005B
S2050008986FEB
S205000899F069
S20500089A9FB9
S20500089BC394
S20500089C3323
S20500089D88CD
S20500089EE56F
S20500089F4112
S2050008A0B39F
S2050008A1B79A
S2050008A2054B
S2050008A3014E
S2050008A4B39B
S2050008A50944
S2050008A61735
S2050008A7410A
S2050008A8B397
S2050008A989C0
S2050008AAF94F
S2050008AB4007
S2050008AC93B3
S2050008AD97AE
S2050008AE89BB
S2050008AF0043
S2050008B093AF
S2050008B1043D
S2050008B20838
S2050008B3003F
S2050008B463DB
S2050008B5C677
S2050008B60735
S2050008B7102B
S2050008B83307
S2050008B968D1
S2050008BA3800
S2050008BB0136
S2050008BCE353
S2050008BD1E17
S2050008BE082C
S2050008BFB47F
S2050008C0131F
S2050008C10E23
S2050008C20030
S2050008C3002F
S2050008C4939B
S2050008C50726
S2050008C6002C
S2050008C7002B
S2050008C81317
S2050008C90722
S2050008CA0028
S2050008CB0027
S2050008CC6FB7
S2050008CDF035
S2050008CE5FC5
S2050008CFC063
S2050008D0130F
S2050008D1051C
S2050008D2F030
S2050008D37FA0
S2050008D463BB
S2050008D50E0F
S2050008D6A379
S2050008D71A01
S2050008D81307
S2050008D90514
S2050008DA8098
S2050008DB0314
S2050008DC1303
S2050008DD060F
S2050008DE1004
S2050008DF0013
S2050008E0E32F
S2050008E144CD
S2050008E2F51B
S2050008E3C847
S2050008E437D7
S2050008E50607
S2050008E6808C
S2050008E7000B
S2050008E833D7
S2050008E967A2
S2050008EAC741
S2050008EB0007
S2050008EC6F97
S2050008EDF015
S2050008EEDF25
S2050008EFC43F
S2050008F0B74B
S2050008F109F8
S2050008F28080
S2050008F3FF00
S2050008F4936B
S2050008F58974
S2050008F6F903
S2050008F7FFFC
S2050008F833C7
S2050008F909F0
S2050008FAF9FF
S2050008FB40B7
S2050008FCB343
S2050008FD797C
S2050008FE37BD
S2050008FF01F2
S2050009006F82
S205000901F000
S2050009021FD0
S205000903B737
S205000904935A
S2050009058666
S20500090607E4
S205000907FEEC
S20500090813D6
S20500090906E2
S20500090A00E7
S20500090B02E4
S20500090CB332
S20500090DD60E
S20500090ED80B
S20500090F00E2
S205000910637E
S2050009118A56
S205000912C718
S20500091300DE
S20500091413CA
S20500091506D6
S20500091600DB
S20500091704D6
S205000918B326
S20500091907D1
S20500091AF6E1
S20500091B4096
S20500091CB322
S20500091D973D
S20500091EF8DB
S20500091F00D2
S205000920339E
S2050009216F61
S205000922FFD0
S20500092300CE
S205000924339A
S2050009253696
S205000926E0EB
S20500092701C9
S2050009283396
S2050009296662
S20500092AD6F1
S20500092B00C6
S20500092C6F56
S20500092DF0D4
S20500092E9F24
S20500092FAC16
S205000930B70A
S20500093106BA
S205000932803F
S205000933FFBF
S205000934932A
S2050009358636
S205000936F6C5
S205000937FFBB
S205000938B306
S20500093907B1
S20500093AF9BE
S20500093B4076
S20500093C3382
S20500093D773D
S20500093ED7DC
S20500093F00B2
S205000940139E
S2050009411898
S205000942D7D8
S20500094301AD
S205000944337A
S2050009456844
S2050009463873
S20500094701A9
S2050009481396
S2050009495751
S20500094A3770
S20500094B00A6
S20500094C6F36
S20500094DF0B4
S20500094E9F04
S20500094FEDB5
S205000950B3EE
S205000951663A
S205000952B7E8
S205000953009E
S205000954633A
S2050009558616
S2050009560695
S2050009571E7C
S2050009589306
S2050009598612
S20500095AF7A0
S20500095BFF97
S20500095C6332
S20500095D8E06
S20500095E068D
S20500095F0A88
S205000960137E
S205000961058B
S205000962F09F
S2050009637F0F
S205000964632A
S205000965800C
S205000966A7E4
S2050009671476
S20500096893F6
S2050009690781
S20500096A8007
S20500096B0383
S20500096C93F2
S20500096D097B
S20500096E1073
S20500096F0082
S205000970E39E
S205000971C6BA
S205000972D7A8
S205000973E49A
S20500097493EA
S20500097587F5
S2050009760675
S205000977007A
S2050009786F0A
S205000979F088
S20500097A5F18
S20500097BE195
S20500097C1362
S20500097D0E66
S20500097E046F
S20500097F0072
S20500098093DE
S2050009810769
S205000982F07F
S2050009837FEF
S205000984135A
S2050009850765
S205000986006B
S205000987006A
S2050009881356
S2050009890860
S20500098A0067
S20500098B0066
S20500098C6FF6
S20500098DF074
S20500098E5F04
S20500098FB4AE
S20500099093CE
S2050009910759
S205000992F06F
S2050009937FDF
S205000994E37A
S20500099584D8
S205000996F665
S205000997FE5C
S2050009983326
S2050009998FC9
S20500099AE572
S20500099B0155
S20500099CB3A2
S20500099D351F
S20500099EBF94
S20500099F0052
S2050009A0B39E
S2050009A10749
S2050009A21738
S2050009A3014D
S2050009A4B39A
S2050009A587C5
S2050009A6B794
S2050009A7004A
S2050009A81336
S2050009A996B2
S2050009AAF750
S2050009AB0145
S2050009AC1332
S2050009AD5FE5
S2050009AE1F24
S2050009AF0042
S2050009B0B38E
S2050009B164DC
S2050009B2E659
S2050009B3013D
S2050009B493AA
S2050009B5D963
S2050009B61724
S2050009B7003A
S2050009B81326
S2050009B989AF
S2050009BA0631
S2050009BB0036
S2050009BC6FC6
S2050009BDF044
S2050009BE5FD4
S2050009BFAB87
S2050009C033FE
S2050009C1062A
S2050009C2BF70
S2050009C340EE
S2050009C4B37A
S2050009C587A5
S2050009C6E843
S2050009C740EA
S2050009C833F6
S2050009C937F1
S2050009CACF58
S2050009CB0026
S2050009CC9392
S2050009CD0420
S2050009CE061D
S2050009CF0022
S2050009D0B36E
S2050009D18997
S2050009D2E738
S2050009D340DE
S2050009D4130A
S2050009D58498
S2050009D60615
S2050009D7001A
S2050009D86FAA
S2050009D9F028
S2050009DA1FF8
S2050009DBA472
S2050009DC1302
S2050009DD16FE
S2050009DE36DD
S2050009DF0012
S2050009E013FE
S2050009E156BA
S2050009E236D9
S2050009E3000E
S2050009E413FA
S2050009E58488
S2050009E60605
S2050009E7000A
S2050009E813F6
S2050009E98781
S2050009EA08FF
S2050009EB0006
S2050009EC6F96
S2050009EDF014
S2050009EE5FA4
S2050009EFE220
S2050009F0E31E
S2050009F112EE
S2050009F203FC
S2050009F3DE20
S2050009F4639A
S2050009F506F6
S2050009F608F3
S2050009F71CDE
S2050009F813E6
S2050009F9D721
S2050009FA38BF
S2050009FB00F6
S2050009FC13E2
S2050009FD16DE
S2050009FE36BD
S2050009FF00F2
S205000A00935D
S205000A019857
S205000A02D816
S205000A0301EC
S205000A0433B9
S205000A056784
S205000A0617D3
S205000A0701E8
S205000A0813D5
S205000A095691
S205000A0A36B0
S205000A0B00E5
S205000A0C33B1
S205000A0D677C
S205000A0EC71B
S205000A0F00E1
S205000A1013CD
S205000A11845B
S205000A1206D8
S205000A1300DD
S205000A146F6D
S205000A15F0EB
S205000A16DFFB
S205000A17DDFC
S205000A1833A5
S205000A198F48
S205000A1AE5F1
S205000A1B01D4
S205000A1CB321
S205000A1D08CB
S205000A1E17BB
S205000A1F01D0
S205000A20B31D
S205000A21359A
S205000A22BF0F
S205000A2300CD
S205000A24B319
S205000A258942
S205000A26B812
S205000A2700C9
S205000A289335
S205000A299730
S205000A2A893D
S205000A2B00C5
S205000A2C9331
S205000A2D04BF
S205000A2E0FB3
S205000A2F00C1
S205000A30635D
S205000A31D4EB
S205000A3207B7
S205000A330EAF
S205000A3413A9
S205000A3509B2
S205000A36209A
S205000A3700B9
S205000A386F49
S205000A39F0C7
S205000A3A1F97
S205000A3BBDF8
S205000A3C3381
S205000A3D8F24
S205000A3EE5CD
S205000A3F4170
S205000A40B3FD
S205000A4108A7
S205000A421797
S205000A43416C
S205000A44B3F9
S205000A45B5F6
S205000A46E5C5
S205000A4701A8
S205000A489315
S205000A4904A3
S205000A4A0F97
S205000A4B00A5
S205000A4CB3F1
S205000A4D891A
S205000A4EB8EA
S205000A4F4061
S205000A50138D
S205000A510996
S205000A52108E
S205000A53009D
S205000A546F2D
S205000A55F0AB
S205000A561F7B
S205000A579BFE
S205000A589305
S205000A598611
S205000A5A078F
S205000A5BFE97
S205000A5C1381
S205000A5D068D
S205000A5E0092
S205000A5F028F
S205000A60B3DD
S205000A61D6B9
S205000A62D8B6
S205000A63008D
S205000A646329
S205000A658A01
S205000A66C7C3
S205000A670089
S205000A681375
S205000A690681
S205000A6A0086
S205000A6B0481
S205000A6CB3D1
S205000A6D077C
S205000A6EF68C
S205000A6F4041
S205000A70B3CD
S205000A7197E8
S205000A72F886
S205000A73007D
S205000A743349
S205000A756F0C
S205000A76FF7B
S205000A770079
S205000A78B3C5
S205000A79393E
S205000A7AE096
S205000A7B0174
S205000A7CB3C1
S205000A7DE98A
S205000A7ED999
S205000A7F0071
S205000A806F01
S205000A81F07F
S205000A825F0F
S205000A83B6B7
S205000A841359
S205000A851655
S205000A863535
S205000A870069
S205000A8893D5
S205000A89590E
S205000A8A3630
S205000A8B0065
S205000A8C6FF5
S205000A8DF073
S205000A8E5F03
S205000A8FEB76
S205000A90134D
S205000A911649
S205000A923628
S205000A93005D
S205000A941349
S205000A955605
S205000A963624
S205000A970059
S205000A981345
S205000A9984D3
S205000A9A0650
S205000A9B0055
S205000A9C1341
S205000A9D87CC
S205000A9E084A
S205000A9F0051
S205000AA06FE1
S205000AA1F05F
S205000AA21F2F
S205000AA3D479
S205000AA41339
S205000AA51635
S205000AA63614
S205000AA70049
S205000AA81335
S205000AA956F1
S205000AAA3610
S205000AAB0045
S205000AAC1331
S205000AAD87BC
S205000AAE083A
S205000AAF0041
S205000AB06FD1
S205000AB1F04F
S205000AB21F1F
S205000AB3D36A
S205000AB41329
S205000AB585B6
S205000AB60733
S205000AB7FE3B
S205000AB81325
S205000AB90631
S205000ABA0036
S205000ABB0233
S205000ABC3301
S205000ABD55DE
S205000ABEA78B
S205000ABF0031
S205000AC063CD
S205000AC18AA5
S205000AC2C767
S205000AC3002D
S205000AC41319
S205000AC50625
S205000AC6002A
S205000AC70425
S205000AC8B375
S205000AC90720
S205000ACAF630
S205000ACB40E5
S205000ACCB371
S205000ACD170C
S205000ACEF72B
S205000ACF0021
S205000AD0B36D
S205000AD1E53A
S205000AD2F529
S205000AD3001D
S205000AD433E9
S205000AD536E5
S205000AD6B06A
S205000AD70019
S205000AD833E5
S205000AD966B1
S205000ADAA670
S205000ADB0015
S205000ADC6FA5
S205000ADDF023
S205000ADEDF33
S205000ADFA869
S205000AE0E32D
S205000AE1828D
S205000AE20608
S205000AE3FC11
S205000AE433D9
S205000AE5EF1C
S205000AE6E822
S205000AE70108
S205000AE8E325
S205000AE916F1
S205000AEA0FF7
S205000AEBD035
S205000AEC6F95
S205000AEDF013
S205000AEEDF23
S205000AEFCE33
S205000AF0E31D
S205000AF108F7
S205000AF208F6
S205000AF3DC21
S205000AF413E9
S205000AF518E3
S205000AF636C4
S205000AF700F9
S205000AF89365
S205000AF99760
S205000AFAD81E
S205000AFB01F4
S205000AFC13E1
S205000AFD589B
S205000AFE38BA
S205000AFF00F1
S205000B0013DC
S205000B01D717
S205000B0238B5
S205000B0300EC
S205000B0433B8
S205000B056882
S205000B06F8F1
S205000B0700E8
S205000B0833B4
S205000B09776F
S205000B0AD70E
S205000B0B01E3
S205000B0C13D0
S205000B0D8E54
S205000B0E06DB
S205000B0F00E0
S205000B10934C
S205000B1107D7
S205000B1200DD
S205000B1300DC
S205000B146F6C
S205000B15F0EA
S205000B16DFFA
S205000B179B3D
S205000B189344
S205000B1907CF
S205000B1A10C5
S205000B1B00D4
S205000B1C6F64
S205000B1DF0E2
S205000B1EDFF2
S205000B1FC20E
S205000B20B31C
S205000B2105C9
S205000B22BF0E
S205000B23408C
S205000B24B318
S205000B258842
S205000B26E8E1
S205000B274088
S205000B283394
S205000B29378F
S205000B2ABF06
S205000B2B00C4
S205000B2C9330
S205000B2D843E
S205000B2E05BC
S205000B2F00C0
S205000B30B30C
S205000B318935
S205000B32E8D5
S205000B33407C
S205000B3413A8
S205000B358436
S205000B3606B3
S205000B3700B8
S205000B3813A4
S205000B3909AD
S205000B3A10A5
S205000B3B00B4
S205000B3C6F44
S205000B3DF0C2
S205000B3E9F12
S205000B3F8C24
S205000B40139C
S205000B411698
S205000B423677
S205000B4300AC
S205000B441398
S205000B455654
S205000B463673
S205000B4700A8
S205000B481394
S205000B49871F
S205000B4A089D
S205000B4B00A4
S205000B4C6F34
S205000B4DF0B2
S205000B4E5F42
S205000B4FCCD4
S205000B50138C
S205000B511688
S205000B523667
S205000B53009C
S205000B549308
S205000B555941
S205000B563663
S205000B570098
S205000B581384
S205000B59870F
S205000B5A088D
S205000B5B0094
S205000B5C6F24
S205000B5DF0A2
S205000B5E5F32
S205000B5FDEB2
S205000B6093FC
S205000B618608
S205000B620786
S205000B63FE8E
S205000B641378
S205000B650684
S205000B660089
S205000B670286
S205000B68B3D4
S205000B695630
S205000B6AD7AE
S205000B6B0084
S205000B6C6320
S205000B6D8AF8
S205000B6EC7BA
S205000B6F0080
S205000B70136C
S205000B710678
S205000B72007D
S205000B730478
S205000B74B3C8
S205000B750773
S205000B76F683
S205000B774038
S205000B78B3C4
S205000B79175F
S205000B7AF77E
S205000B7B0074
S205000B7CB3C0
S205000B7DE58D
S205000B7EF57C
S205000B7F0070
S205000B80B3BC
S205000B813935
S205000B82B0BD
S205000B83006C
S205000B84B3B8
S205000B85E981
S205000B86D990
S205000B870068
S205000B886FF8
S205000B89F076
S205000B8A5F06
S205000B8BC3A1
S205000B8C1350
S205000B8DD68C
S205000B8E342D
S205000B8F0060
S205000B9093CC
S205000B910757
S205000B920954
S205000B93005C
S205000B941348
S205000B9587D3
S205000B960950
S205000B970058
S205000B986FE8
S205000B99F066
S205000B9A9FB6
S205000B9BC78D
S205000B9C93C0
S205000B9D064C
S205000B9E0051
S205000B9F024E
S205000BA0B39C
S205000BA186C8
S205000BA2F657
S205000BA3400C
S205000BA41338
S205000BA50644
S205000BA60049
S205000BA70048
S205000BA86FD8
S205000BA9F056
S205000BAA5FE6
S205000BAB8BB9
S205000BAC3310
S205000BADE85A
S205000BAEC978
S205000BAF0040
S205000BB0E35C
S205000BB10836
S205000BB20835
S205000BB3D06C
S205000BB493A8
S205000BB5D961
S205000BB63900
S205000BB70038
S205000BB81324
S205000BB9072F
S205000BBA062F
S205000BBB0034
S205000BBC6FC4
S205000BBDF042
S205000BBE5FD2
S205000BBFD858
S205000BC0131C
S205000BC10E20
S205000BC2002D
S205000BC3002C
S205000BC49398
S205000BC50723
S205000BC6F039
S205000BC77FA9
S205000BC837F0
S205000BC9071F
S205000BCA081D
S205000BCB0024
S205000BCC6FB4
S205000BCDF032
S205000BCE5FC2
S205000BCF9090
S205000BD0938C
S205000BD11707
S205000BD2D746
S205000BD3011B
S205000BD41308
S205000BD557C3
S205000BD637E2
S205000BD70018
S205000BD833E4
S205000BD9E82E
S205000BDA070E
S205000BDB0113
S205000BDC33E0
S205000BDD779B
S205000BDED73A
S205000BDF010F
S205000BE0937C
S205000BE10707
S205000BE2000D
S205000BE3000C
S205000BE46F9C
S205000BE5F01A
S205000BE6DF2A
S205000BE78E7A
S205000BE813F4
S205000BE918EE
S205000BEAD72E
S205000BEB0103
S205000BEC9370
S205000BEDD52D
S205000BEE35CC
S205000BEF0000
S205000BF033CC
S205000BF16896
S205000BF2B845
S205000BF300FC
S205000BF413E8
S205000BF557A3
S205000BF637C2
S205000BF700F8
S205000BF813E4
S205000BF98472
S205000BFA06EF
S205000BFB00F4
S205000BFC6F84
S205000BFDF002
S205000BFE9F52
S205000BFFC22E
S205000C0013DB
S205000C0101EC
S205000C0201EB
S205000C03FBF0
S205000C049357
S205000C05D712
S205000C0645A3
S205000C0701E6
S205000C0823C3
S205000C0924C1
S205000C0A8163
S205000C0B04DF
S205000C0C23BF
S205000C0D22BF
S205000C0E914F
S205000C0F04DB
S205000C1023BB
S205000C1120BD
S205000C1221BB
S205000C1305D6
S205000C1423B7
S205000C152CAD
S205000C164197
S205000C1703D4
S205000C1823B3
S205000C192AAB
S205000C1A5183
S205000C1B03D0
S205000C1C933F
S205000C1D943D
S205000C1EC50B
S205000C1F00CF
S205000C2023AB
S205000C2126A7
S205000C2211BB
S205000C2304C7
S205000C2423A7
S205000C252E9B
S205000C263197
S205000C2703C4
S205000C2823A3
S205000C29289D
S205000C2A6163
S205000C2B03C0
S205000C2C239F
S205000C2D269B
S205000C2E714F
S205000C2F03BC
S205000C30239B
S205000C312499
S205000C32813B
S205000C3303B8
S205000C349327
S205000C35F7C2
S205000C36F7C1
S205000C377F38
S205000C3813A3
S205000C3904B1
S205000C3A05AF
S205000C3B00B3
S205000C3C139F
S205000C3D0AA7
S205000C3E06AA
S205000C3F00AF
S205000C40139B
S205000C418924
S205000C4206A6
S205000C4300AB
S205000C449317
S205000C45D4D5
S205000C46C4E4
S205000C4700A7
S205000C489313
S205000C49DACB
S205000C4AF5AF
S205000C4B01A2
S205000C4C633F
S205000C4D8A17
S205000C4E0799
S205000C4F1887
S205000C50138B
S205000C510796
S205000C52F0AC
S205000C537F1C
S205000C546337
S205000C558811
S205000C56E7B1
S205000C57088F
S205000C581383
S205000C595B3A
S205000C5AD5BF
S205000C5B0192
S205000C5C93FF
S205000C5D94FD
S205000C5E345C
S205000C5F008F
S205000C60B3DB
S205000C616429
S205000C629BF1
S205000C63008B
S205000C643753
S205000C650782
S205000C668008
S205000C670087
S205000C683353
S205000C69EB9A
S205000C6AE4A0
S205000C6B0083
S205000C6C93EF
S205000C6D1B66
S205000C6E354B
S205000C6F007F
S205000C7093EB
S205000C7189F4
S205000C721765
S205000C73C0BB
S205000C7493E7
S205000C750475
S205000C760078
S205000C770077
S205000C781363
S205000C790C69
S205000C7A0074
S205000C7B0073
S205000C7C93DF
S205000C7D571A
S205000C7E4927
S205000C7F016E
S205000C80135B
S205000C811459
S205000C82C9A3
S205000C83006B
S205000C8493D7
S205000C85F772
S205000C86F771
S205000C877FE8
S205000C881353
S205000C895411
S205000C8AC4A0
S205000C8B0063
S205000C8C134F
S205000C8D5908
S205000C8EF967
S205000C8F015E
S205000C9063FB
S205000C9182DB
S205000C920755
S205000C930853
S205000C941347
S205000C950752
S205000C96F068
S205000C977FD8
S205000C9863F3
S205000C998ACB
S205000C9AE76D
S205000C9B183B
S205000C9C133F
S205000C9D143D
S205000C9E341C
S205000C9F004F
S205000CA0133B
S205000CA157F6
S205000CA2DA72
S205000CA3014A
S205000CA43317
S205000CA567E2
S205000CA687C1
S205000CA70047
S205000CA893B3
S205000CA987BE
S205000CAA172D
S205000CABC083
S205000CAC370B
S205000CAD043D
S205000CAE80C0
S205000CAF003F
S205000CB0B38B
S205000CB189B4
S205000CB2F943
S205000CB340FB
S205000CB43307
S205000CB564D5
S205000CB687B1
S205000CB70037
S205000CB81323
S205000CB9181D
S205000CBA3AFA
S205000CBB0033
S205000CBC939F
S205000CBD072A
S205000CBE0030
S205000CBF002F
S205000CC0131B
S205000CC10726
S205000CC2F03C
S205000CC3002B
S205000CC433F7
S205000CC5CA5F
S205000CC62AFE
S205000CC70126
S205000CC863C3
S205000CC964C1
S205000CCA978D
S205000CCB24FF
S205000CCC37EB
S205000CCD071A
S205000CCE1010
S205000CCF001F
S205000CD0130B
S205000CD10716
S205000CD20715
S205000CD3001B
S205000CD49387
S205000CD59485
S205000CD624F4
S205000CD70017
S205000CD8B363
S205000CD98491
S205000CDAE430
S205000CDB0013
S205000CDC030F
S205000CDDA76A
S205000CDE040C
S205000CDF000F
S205000CE067A7
S205000CE1000D
S205000CE20705
S205000CE3000B
S205000CE433D7
S205000CE5EB1E
S205000CE6A464
S205000CE70007
S205000CE863A3
S205000CE91EE7
S205000CEA0BF9
S205000CEB1CE7
S205000CEC936F
S205000CED57AA
S205000CEE49B7
S205000CEF01FE
S205000CF013EB
S205000CF114E9
S205000CF2C933
S205000CF300FB
S205000CF49367
S205000CF5F702
S205000CF6F701
S205000CF77F78
S205000CF89363
S205000CF90BEA
S205000CFA00F4
S205000CFB00F3
S205000CFC935F
S205000CFD04ED
S205000CFE8070
S205000CFF00EF
S205000D00935A
S205000D0109E3
S205000D02F0FB
S205000D037F6B
S205000D0413D6
S205000D050CDC
S205000D0620C7
S205000D0700E6
S205000D0813D2
S205000D095490
S205000D0AC41F
S205000D0B00E2
S205000D0C13CE
S205000D0D5987
S205000D0EF9E6
S205000D0F01DD
S205000D10E3FA
S205000D11924A
S205000D1207D4
S205000D13F8E2
S205000D1433A6
S205000D156870
S205000D164493
S205000D1701D5
S205000D186372
S205000D1902D2
S205000D1A08CB
S205000D1B1CB6
S205000D1C636E
S205000D1D06CA
S205000D1E04CB
S205000D1F5C72
S205000D2013BA
S205000D2105C7
S205000D2204C7
S205000D2300CA
S205000D24EFDA
S205000D2520A8
S205000D268047
S205000D2722A4
S205000D289332
S205000D2907BD
S205000D2A05BE
S205000D2B00C2
S205000D2C932E
S205000D2D06BA
S205000D2E556A
S205000D2FFFBF
S205000D3013AA
S205000D3107B5
S205000D32D0EB
S205000D3301B9
S205000D3413A6
S205000D358830
S205000D368730
S205000D37FFB7
S205000D383382
S205000D3907AD
S205000D3AD7DC
S205000D3B4072
S205000D3C337E
S205000D3D149C
S205000D3E04AB
S205000D3F01AD
S205000D40337A
S205000D415755
S205000D42EAC1
S205000D4300AA
S205000D443376
S205000D456444
S205000D468720
S205000D4700A6
S205000D483372
S205000D49188C
S205000D4A0A99
S205000D4B01A1
S205000D4CB3EE
S205000D4D8719
S205000D4E3768
S205000D4F019D
S205000D50930A
S205000D518913
S205000D523764
S205000D533F5B
S205000D549306
S205000D550791
S205000D560097
S205000D570096
S205000D586F26
S205000D59F0A4
S205000D5A9FF4
S205000D5BF69C
S205000D5C335E
S205000D5D0789
S205000D5EF798
S205000D5F404E
S205000D6093FA
S205000D610686
S205000D62800B
S205000D630387
S205000D646326
S205000D65D0B8
S205000D66E6A1
S205000D676026
S205000D6893F2
S205000D69077D
S205000D6A0083
S205000D6B0082
S205000D6C93EE
S205000D6D067A
S205000D6E007F
S205000D6F007E
S205000D70136A
S205000D710775
S205000D72007B
S205000D73007A
S205000D7483F6
S205000D752058
S205000D76C1B6
S205000D770472
S205000D780372
S205000D792450
S205000D7A81F2
S205000D7B046E
S205000D7C93DE
S205000D7D97D9
S205000D7E4728
S205000D7F016D
S205000D80B3BA
S205000D81E785
S205000D82D794
S205000D83006A
S205000D8493D6
S205000D851652
S205000D86FA6D
S205000D870165
S205000D88B3B2
S205000D89E77D
S205000D8AD78C
S205000D8B0062
S205000D8C83DE
S205000D8D243C
S205000D8E411E
S205000D8F045A
S205000D90035A
S205000D912933
S205000D92015A
S205000D930456
S205000D9483D6
S205000D95292F
S205000D96C196
S205000D970353
S205000D980352
S205000D992A2A
S205000D9A81D2
S205000D9B034F
S205000D9C83CE
S205000D9D2A26
S205000D9E410E
S205000D9F034B
S205000DA0034A
S205000DA12B21
S205000DA2014A
S205000DA30347
S205000DA483C6
S205000DA52B1D
S205000DA6C186
S205000DA70244
S205000DA80342
S205000DA92C18
S205000DAA81C2
S205000DAB0240
S205000DAC132E
S205000DAD053B
S205000DAE0738
S205000DAF003E
S205000DB093AA
S205000DB185B7
S205000DB20734
S205000DB3003A
S205000DB41326
S205000DB50137
S205000DB60136
S205000DB70531
S205000DB867CE
S205000DB980B4
S205000DBA0033
S205000DBB0032
S205000DBC939E
S205000DBD0729
S205000DBEF03F
S205000DBF7FAF
S205000DC0939A
S205000DC10626
S205000DC2002B
S205000DC3002A
S205000DC41316
S205000DC50721
S205000DC60027
S205000DC70026
S205000DC86FB6
S205000DC9F034
S205000DCADF44
S205000DCBFA28
S205000DCC130E
S205000DCD0A16
S205000DCE001F
S205000DCF001E
S205000DD0938A
S205000DD10715
S205000DD2F02B
S205000DD37F9B
S205000DD4B762
S205000DD50612
S205000DD6080F
S205000DD70016
S205000DD81302
S205000DD9070D
S205000DDA0013
S205000DDB0012
S205000DDC6FA2
S205000DDDF020
S205000DDE9F70
S205000DDFF915
S205000DE033DA
S205000DE1EB21
S205000DE2A467
S205000DE3000A
S205000DE463A6
S205000DE50CFC
S205000DE60BFC
S205000DE710F6
S205000DE863A2
S205000DE98480
S205000DEA04FF
S205000DEB52B0
S205000DEC13EE
S205000DED857B
S205000DEE04FB
S205000DEF00FE
S205000DF0EF0E
S205000DF120DC
S205000DF2C03B
S205000DF315E5
S205000DF413E6
S205000DF507F1
S205000DF605F2
S205000DF700F6
S205000DF89362
S205000DF907ED
S205000DFA559E
S205000DFBFFF3
S205000DFC13DE
S205000DFD0BE5
S205000DFED01F
S205000DFF01ED
S205000E009359
S205000E010BE0
S205000E028763
S205000E03FFEA
S205000E0433B5
S205000E050BDC
S205000E06FBEB
S205000E0740A5
S205000E08B331
S205000E09944F
S205000E0A746E
S205000E0B01E0
S205000E0C33AD
S205000E0D5B84
S205000E0E647A
S205000E0F01DC
S205000E1033A9
S205000E116B70
S205000E129B3F
S205000E1300D9
S205000E14B325
S205000E151BBC
S205000E167462
S205000E1701D4
S205000E189341
S205000E1907CC
S205000E1AD002
S205000E1BC011
S205000E1CB31D
S205000E1D8946
S205000E1EE7E7
S205000E1F408D
S205000E209339
S205000E2104C7
S205000E2200CA
S205000E2300C9
S205000E2413B5
S205000E250CBB
S205000E2600C6
S205000E2700C5
S205000E286F55
S205000E29F0D3
S205000E2A5F63
S205000E2BE5DC
S205000E2C338D
S205000E2D6857
S205000E2E447A
S205000E2F01BC
S205000E309329
S205000E318932
S205000E3219A1
S205000E338039
S205000E346355
S205000E351C9B
S205000E3608AE
S205000E370AAB
S205000E389321
S205000E39E4CF
S205000E3A248E
S205000E3B00B1
S205000E3C139D
S205000E3D04AB
S205000E3E00AE
S205000E3F00AD
S205000E409319
S205000E4107A4
S205000E42208A
S205000E4300A9
S205000E446F39
S205000E45F0B7
S205000E46DFC7
S205000E47E7BE
S205000E481391
S205000E49891A
S205000E4A0A98
S205000E4B00A1
S205000E4C138D
S205000E4D049B
S205000E4E0B93
S205000E4F009D
S205000E501389
S205000E518813
S205000E520B8F
S205000E530099
S205000E549305
S205000E550790
S205000E562076
S205000E570095
S205000E586331
S205000E59088B
S205000E5AFC96
S205000E5B6031
S205000E5C93FD
S205000E5D0788
S205000E5E305E
S205000E5F008D
S205000E60E3A9
S205000E610685
S205000E62FC8E
S205000E63F693
S205000E6493F5
S205000E650780
S205000E661076
S205000E670085
S205000E681371
S205000E690A79
S205000E6A0979
S205000E6B0081
S205000E6CE39D
S205000E6D0E71
S205000E6EFC82
S205000E6FEE8F
S205000E7093E9
S205000E7187F4
S205000E72F981
S205000E733F3A
S205000E746315
S205000E755225
S205000E76F086
S205000E773C39
S205000E781361
S205000E7977FC
S205000E7A78FA
S205000E7B0071
S205000E7C630D
S205000E7D1659
S205000E7E0767
S205000E7F5C11
S205000E801359
S205000E811754
S205000E8274F6
S205000E830069
S205000E846305
S205000E855A0D
S205000E86075F
S205000E870065
S205000E88B7AD
S205000E89075C
S205000E8A0062
S205000E8BFF62
S205000E8C93CD
S205000E8D87D8
S205000E8EF767
S205000E8FFF5E
S205000E903329
S205000E9174E7
S205000E92F466
S205000E930059
S205000E9493C5
S205000E9587D0
S205000E96094D
S205000E974015
S205000E981341
S205000E99074C
S205000E9AE072
S205000E9B7FD2
S205000E9CE36D
S205000E9D400F
S205000E9EF757
S205000E9FF25B
S205000EA01339
S205000EA158F3
S205000EA23812
S205000EA30049
S205000EA41335
S205000EA51730
S205000EA6D472
S205000EA70144
S205000EA893B1
S205000EA9162D
S205000EAA94AE
S205000EAB0041
S205000EAC330D
S205000EAD67D8
S205000EAE0737
S205000EAF013C
S205000EB093A9
S205000EB1D665
S205000EB2C674
S205000EB30039
S205000EB493A5
S205000EB5F740
S205000EB6F73F
S205000EB77FB6
S205000EB86FC5
S205000EB9F043
S205000EBADF53
S205000EBBEB46
S205000EBC131D
S205000EBD8CA3
S205000EBE0727
S205000EBF002D
S205000EC06FBD
S205000EC1F03B
S205000EC25FCB
S205000EC3F930
S205000EC41315
S205000EC58B9C
S205000EC60422
S205000EC70025
S205000EC89391
S205000EC90B18
S205000ECA051D
S205000ECB0021
S205000ECC938D
S205000ECD041B
S205000ECEC05E
S205000ECF001D
S205000ED09389
S205000ED10912
S205000ED2F02A
S205000ED37F9A
S205000ED41305
S205000ED50C0B
S205000ED630E6
S205000ED70015
S205000ED86FA5
S205000ED9F023
S205000EDA5FB3
S205000EDBDA37
S205000EDC937D
S205000EDDE42B
S205000EDE14FA
S205000EDF000D
S205000EE013F9
S205000EE10407
S205000EE2000A
S205000EE30009
S205000EE49375
S205000EE50700
S205000EE610F6
S205000EE70005
S205000EE86F95
S205000EE9F013
S205000EEA9F63
S205000EEBDD24
S205000EEC936D
S205000EEDE41B
S205000EEE34CA
S205000EEF00FD
S205000EF013E9
S205000EF108F3
S205000EF20AF0
S205000EF300F9
S205000EF49365
S205000EF507F0
S205000EF630C6
S205000EF700F5
S205000EF86F85
S205000EF9F003
S205000EFA9F53
S205000EFBDC15
S205000EFC935D
S205000EFD0BE4
S205000EFE00EE
S205000EFF00ED
S205000F009358
S205000F0104E6
S205000F0240A9
S205000F0300E8
S205000F049354
S205000F0509DD
S205000F0600E5
S205000F0700E4
S205000F0813D0
S205000F090CD6
S205000F0A10D1
S205000F0B00E0
S205000F0C6F70
S205000F0DF0EE
S205000F0E1FBE
S205000F0FD705
S205000F1023B8
S205000F1122B8
S205000F129148
S205000F1303D5
S205000F1423B4
S205000F1520B6
S205000F16A134
S205000F1703D1
S205000F1823B0
S205000F192EA4
S205000F1AB120
S205000F1B01CF
S205000F1C636C
S205000F1D6A64
S205000F1E6469
S205000F1F3B91
S205000F206368
S205000F2106C4
S205000F228B3E
S205000F233A8E
S205000F249334
S205000F25893D
S205000F26F9CC
S205000F27FFC5
S205000F2813B0
S205000F298C36
S205000F2A0BB6
S205000F2B00C0
S205000F2C932C
S205000F2D04BA
S205000F2E0BB2
S205000F2F00BC
S205000F3013A8
S205000F310DAD
S205000F3200B9
S205000F3300B8
S205000F349324
S205000F355C5A
S205000F36882D
S205000F3701B3
S205000F3813A0
S205000F39149E
S205000F3A842D
S205000F3B00B0
S205000F3C139C
S205000F3D5955
S205000F3E04A9
S205000F3F01AB
S205000F40B3F8
S205000F41ECBE
S205000F428C1D
S205000F4300A8
S205000F449314
S205000F4505A1
S205000F46099C
S205000F4700A4
S205000F481390
S205000F49851D
S205000F4A049D
S205000F4B00A0
S205000F4C138C
S205000F4D9B03
S205000F4E0C91
S205000F4F019B
S205000F509308
S205000F511A80
S205000F528811
S205000F530098
S205000F541384
S205000F555B3B
S205000F560B8A
S205000F570193
S205000F58EFA4
S205000F591082
S205000F5A9001
S205000F5B741C
S205000F5C93FC
S205000F5D0589
S205000F5E0588
S205000F5F008C
S205000F601378
S205000F610486
S205000F620584
S205000F630088
S205000F641374
S205000F650581
S205000F660B7A
S205000F670084
S205000F68EF94
S205000F691072
S205000F6AD0B1
S205000F6B7010
S205000F6C93EC
S205000F6D0777
S205000F6E0578
S205000F6F007C
S205000F7093E8
S205000F710575
S205000F720970
S205000F730078
S205000F741364
S205000F7585F1
S205000F760471
S205000F770074
S205000F7893E0
S205000F7984EE
S205000F7A076A
S205000F7B0070
S205000F7CEF80
S205000F7D105E
S205000F7ED09D
S205000F7F76F6
S205000F801358
S205000F811555
S205000F820564
S205000F830167
S205000F8493D4
S205000F85570F
S205000F860C59
S205000F870163
S205000F88B3B0
S205000F89E77B
S205000F8AA7BA
S205000F8B0060
S205000F8C63FC
S205000F8DFA64
S205000F8E97C6
S205000F8F005C
S205000F90B3A8
S205000F9187D3
S205000F92FC5D
S205000F930058
S205000F941344
S205000F95074F
S205000F96F461
S205000F97FF55
S205000F9863F0
S205000F99FE54
S205000F9A97BA
S205000F9B3B15
S205000F9C133C
S205000F9D044A
S205000F9E0746
S205000F9F004C
S205000FA0B398
S205000FA184C6
S205000FA297B2
S205000FA34008
S205000FA493B4
S205000FA50541
S205000FA6093C
S205000FA70044
S205000FA81330
S205000FA985BD
S205000FAA043D
S205000FAB0040
S205000FACEF50
S205000FAD102E
S205000FAE50ED
S205000FAF6FCD
S205000FB093A8
S205000FB10535
S205000FB20534
S205000FB30038
S205000FB493A4
S205000FB50B2B
S205000FB60530
S205000FB70034
S205000FB81320
S205000FB9052D
S205000FBA0B26
S205000FBB0030
S205000FBCEF40
S205000FBD101E
S205000FBE909D
S205000FBF6BC1
S205000FC09398
S205000FC10723
S205000FC20524
S205000FC30028
S205000FC49394
S205000FC50521
S205000FC6091C
S205000FC70024
S205000FC81310
S205000FC9859D
S205000FCA041D
S205000FCB0020
S205000FCC938C
S205000FCD849A
S205000FCE0716
S205000FCF001C
S205000FD0EF2C
S205000FD1100A
S205000FD29089
S205000FD371A7
S205000FD49384
S205000FD517FF
S205000FD60C09
S205000FD70113
S205000FD81300
S205000FD915FD
S205000FDA050C
S205000FDB010F
S205000FDC937C
S205000FDDD737
S205000FDE0706
S205000FDF010B
S205000FE0B358
S205000FE1E723
S205000FE2A762
S205000FE30008
S205000FE463A4
S205000FE5FA0C
S205000FE6976E
S205000FE70004
S205000FE8B350
S205000FE9877B
S205000FEAFC05
S205000FEB0000
S205000FEC13EC
S205000FED8777
S205000FEEFB02
S205000FEFFFFD
S205000FF06398
S205000FF1FA00
S205000FF29762
S205000FF335C3
S205000FF49364
S205000FF50BEB
S205000FF607EE
S205000FF700F4
S205000FF837BC
S205000FF903EF
S205000FFA01F0
S205000FFB00F0
S205000FFC13DC
S205000FFD14DA
S205000FFE04E9
S205000FFF01EB
S20500100033B7
S2050010016485
S2050010027474
S20500100301E6
S2050010049353
S2050010050DD8
S205001006F3F1
S205001007FFE4
S205001008B32F
S2050010097869
S20500100AB42C
S20500100B01DE
S20500100CB32B
S20500100DFDE0
S20500100EBA22
S20500100F01DA
S205001010B327
S2050010118B4E
S2050010129741
S2050010134097
S20500101413C3
S205001015DCF9
S2050010160ACA
S20500101701D2
S205001018933F
S205001019577A
S20500101A04CC
S20500101B01CE
S20500101C13BB
S20500101D8548
S20500101E08C4
S20500101F00CB
S2050010209337
S2050010218544
S2050010220DBB
S20500102300C7
S205001024EFD7
S20500102510B5
S20500102610B4
S205001027655E
S20500102813AF
S20500102908B9
S20500102A05BB
S20500102B00BF
S20500102C932B
S20500102D05B8
S20500102E0CB0
S20500102F00BB
S20500103013A7
S2050010318534
S20500103208B0
S20500103300B7
S205001034EFC7
S20500103510A5
S20500103610A4
S205001037644F
S205001038931F
S20500103908A9
S20500103A05AB
S20500103B00AF
S20500103C931B
S20500103D8528
S20500103E0D9F
S20500103F00AB
S2050010401397
S2050010418524
S20500104207A1
S20500104300A7
S205001044EFB7
S2050010451095
S2050010461094
S2050010476340
S205001048138F
S2050010490E93
S20500104A059B
S20500104B009F
S20500104C930B
S20500104D0598
S20500104E0C90
S20500104F009B
S2050010501387
S2050010518514
S2050010520791
S2050010530097
S205001054EFA7
S2050010551085
S2050010561084
S2050010576231
S20500105893FF
S205001059573A
S20500105A0888
S20500105B018E
S20500105CB3DB
S20500105D8805
S20500105EC8C4
S20500105F018A
S205001060B3D7
S2050010618702
S2050010621771
S2050010630186
S2050010646323
S205001065F491
S205001066C7BD
S2050010670182
S205001068334F
S205001069057C
S20500106A651B
S20500106B007F
S20500106C3747
S20500106D0677
S20500106E017B
S20500106F007B
S2050010701367
S2050010710673
S205001072F682
S205001073FF78
S205001074B3C3
S205001075F481
S205001076C7AD
S2050010770073
S20500107893DF
S205001079D69B
S20500107A0769
S20500107B016E
S20500107C93DB
S20500107D94D9
S20500107E0468
S20500107F016A
S2050010803337
S20500108178F1
S205001082C8A0
S2050010830067
S205001084B3B3
S20500108587DE
S205001086A6BE
S2050010870063
S205001088B3AF
S20500108984DD
S20500108A045C
S20500108B015E
S20500108C63FB
S20500108DEA73
S20500108EFB61
S20500108F203B
S20500109063F7
S20500109186D3
S205001092FB5D
S2050010932037
S205001094B3A3
S2050010950451
S2050010969DB7
S2050010974013
S205001098B39F
S2050010998BC6
S20500109AFB55
S20500109B400F
S20500109C331B
S20500109D3D10
S20500109E9DAF
S20500109F004B
S2050010A0B397
S2050010A18BBE
S2050010A2AB9D
S2050010A34106
S2050010A463E3
S2050010A58ABB
S2050010A67CC8
S2050010A7370C
S2050010A893AF
S2050010A9053C
S2050010AA0937
S2050010AB003F
S2050010AC132B
S2050010AD85B8
S2050010AE0B31
S2050010AF003B
S2050010B0EF4B
S2050010B11029
S2050010B21028
S2050010B35FD8
S2050010B493A3
S2050010B50530
S2050010B6052F
S2050010B70033
S2050010B8230F
S2050010B9260B
S2050010BAA18F
S2050010BB002F
S2050010BC131B
S2050010BD0D20
S2050010BE0527
S2050010BF002B
S2050010C01317
S2050010C10524
S2050010C20B1D
S2050010C30027
S2050010C4EF37
S2050010C51015
S2050010C61014
S2050010C75BC8
S2050010C8938F
S2050010C9071A
S2050010CA051B
S2050010CB001F
S2050010CC938B
S2050010CD0518
S2050010CE0913
S2050010CF001B
S2050010D01307
S2050010D18594
S2050010D20B0D
S2050010D30017
S2050010D49383
S2050010D58B8A
S2050010D6070D
S2050010D70013
S2050010D8EF23
S2050010D91001
S2050010DA1000
S2050010DB61AE
S2050010DC13FB
S2050010DD15F8
S2050010DE0507
S2050010DF010A
S2050010E09377
S2050010E1D732
S2050010E20404
S2050010E30106
S2050010E4B353
S2050010E5E71E
S2050010E6A75D
S2050010E70003
S2050010E8639F
S2050010E9F011
S2050010EA7789
S2050010EB03FC
S2050010ECB34B
S2050010ED8776
S2050010EEFC00
S2050010EF00FB
S2050010F09367
S2050010F106F3
S2050010F2FDFB
S2050010F3FFF8
S2050010F46393
S2050010F5E213
S2050010F6975D
S2050010F737BC
S2050010F8638F
S2050010F9F001
S2050010FA7779
S2050010FB37B8
S2050010FC13DB
S2050010FD07E6
S2050010FEEDFF
S2050010FFFFEC
S20500110023C6
S20500110126C2
S205001102E106
S20500110300E6
S205001104B332
S205001105875D
S205001106974C
S20500110701E1
S205001108B32E
S2050011098B55
S20500110A7768
S20500110B419D
S20500110C934A
S20500110D05D7
S20500110E09D2
S20500110F00DA
S20500111013C6
S2050011118553
S2050011120BCC
S20500111300D6
S205001114EFE6
S20500111510C4
S205001116D003
S205001117587A
S205001118933E
S20500111905CB
S20500111A05CA
S20500111B00CE
S20500111C13BA
S20500111D0DBF
S20500111E05C6
S20500111F00CA
S20500112013B6
S20500112105C3
S2050011220BBC
S20500112300C6
S205001124EFD6
S20500112510B4
S20500112610B3
S205001127556D
S205001128932E
S20500112907B9
S20500112A05BA
S20500112B00BE
S20500112C932A
S20500112D05B7
S20500112E09B2
S20500112F00BA
S20500113013A6
S2050011318533
S2050011320BAC
S20500113300B6
S20500113413A2
S205001135892B
S20500113607AC
S20500113700B2
S205001138931E
S205001139941C
S20500113A04AB
S20500113B01AD
S20500113CEFBE
S20500113D109C
S20500113ED0DB
S20500113F5A50
S2050011401396
S2050011411593
S20500114205A2
S20500114301A5
S2050011449312
S205001145D4D0
S205001146049F
S20500114701A1
S205001148B3EE
S205001149E4BC
S20500114AA4FB
S20500114B009E
S20500114C633A
S20500114DFE9E
S20500114E2477
S20500114F0199
S205001150B3E6
S2050011518414
S2050011529CFB
S2050011530096
S2050011549302
S205001155078D
S205001156FD96
S205001157FF93
S205001158632E
S205001159E4AC
S20500115A94FB
S20500115B315D
S20500115C632A
S20500115DF29A
S20500115E2467
S20500115F3159
S2050011601376
S2050011610D7B
S205001162ED9A
S205001163FF87
S205001164B3D2
S2050011658400
S20500116694EF
S2050011670181
S20500116883FE
S2050011692759
S20500116AC1BE
S20500116B007E
S20500116CB3CA
S20500116D84F8
S20500116E2457
S20500116F4139
S20500117093E6
S20500117185F3
S2050011720D6A
S2050011730076
S2050011741362
S20500117598DC
S205001176076C
S2050011770171
S205001178333E
S2050011796808
S20500117AA8C7
S20500117B016D
S20500117C135A
S20500117D1359
S20500117E0863
S20500117F0169
S2050011801356
S2050011815315
S2050011820364
S2050011830165
S20500118493D2
S205001185570D
S205001186085B
S2050011870161
S205001188134E
S205001189055B
S20500118A035C
S20500118B005E
S20500118CEF6E
S20500118D104C
S20500118E90CB
S20500118F4E0C
S20500119093C6
S2050011910850
S2050011920552
S2050011930056
S20500119493C2
S205001195054F
S2050011960C47
S2050011970052
S205001198133E
S205001199054B
S20500119A034C
S20500119B004E
S20500119CEF5E
S20500119D103C
S20500119E90BB
S20500119F4DFD
S2050011A01336
S2050011A10345
S2050011A20542
S2050011A30046
S2050011A493B2
S2050011A585BF
S2050011A60D36
S2050011A70042
S2050011A8132E
S2050011A985BB
S2050011AA0738
S2050011AB003E
S2050011ACEF4E
S2050011AD102C
S2050011AE90AB
S2050011AF4CEE
S2050011B01326
S2050011B10E2A
S2050011B20532
S2050011B30036
S2050011B493A2
S2050011B5052F
S2050011B60C27
S2050011B70032
S2050011B8131E
S2050011B985AB
S2050011BA0728
S2050011BB002E
S2050011BCEF3E
S2050011BD101C
S2050011BE909B
S2050011BF4BDF
S2050011C09396
S2050011C1D751
S2050011C2081F
S2050011C30125
S2050011C433F2
S2050011C50321
S2050011C6C360
S2050011C70121
S2050011C8B36E
S2050011C98799
S2050011CA67B8
S2050011CB001E
S2050011CC63BA
S2050011CDF626
S2050011CEC754
S2050011CF0119
S2050011D037E2
S2050011D10711
S2050011D20116
S2050011D30016
S2050011D433E2
S2050011D5050F
S2050011D6E52E
S2050011D70012
S2050011D8B75A
S2050011D9060A
S2050011DA010E
S2050011DB000E
S2050011DC937A
S2050011DD8686
S2050011DEF615
S2050011DFFF0B
S2050011E013F6
S2050011E1D731
S2050011E20700
S2050011E30105
S2050011E4B352
S2050011E5F70D
S2050011E6D72C
S2050011E70002
S2050011E8936E
S2050011E99769
S2050011EA07F8
S2050011EB01FD
S2050011ECB34A
S2050011EDF804
S2050011EED823
S2050011EF00FA
S2050011F033C6
S2050011F107F1
S2050011F2A750
S2050011F300F6
S2050011F4B342
S2050011F5876D
S2050011F617DC
S2050011F701F1
S2050011F8638E
S2050011F9E010
S2050011FAE40B
S2050011FB02EC
S2050011FC638A
S2050011FD8C60
S2050011FEE407
S2050011FF00EA
S2050012008365
S2050012012CBB
S20500120241A5
S20500120302E3
S20500120403E1
S2050012052DB6
S20500120601E1
S20500120702DF
S205001208835D
S2050012092DB2
S20500120AC11D
S20500120B01DC
S20500120C13C9
S20500120D6873
S20500120E18C2
S20500120F00D9
S2050012106F69
S205001211F0E7
S2050012121FB7
S205001213C60F
S2050012146371
S2050012158A49
S20500121607CB
S2050012171CB5
S205001218B31D
S205001219844B
S20500121A9C32
S20500121B00CD
S20500121C13B9
S20500121D06C5
S20500121EF8D2
S20500121FFFCA
S2050012209335
S2050012218641
S20500122204C2
S20500122300C5
S2050012246361
S205001225ECD7
S205001226942E
S2050012271BA6
S205001228635D
S205001229EAD5
S20500122AE4DA
S20500122B2499
S20500122C6359
S20500122D8833
S20500122EE4D6
S20500122F2693
S20500123013A5
S20500123108AF
S20500123206B0
S20500123300B5
S2050012346F45
S205001235F0C3
S205001236DFD3
S205001237FCB5
S205001238139D
S20500123907A8
S20500123A109E
S20500123B00AD
S20500123CE3C9
S20500123D901B
S20500123E07A3
S20500123FB2F7
S2050012409315
S2050012418720
S205001242E9BD
S2050012434164
S205001244B3F1
S205001245168D
S205001246F8AA
S20500124700A1
S205001248B3ED
S2050012493669
S20500124AD0CE
S20500124B009D
S20500124CB3E9
S20500124D1784
S20500124EF4A6
S20500124F0099
S205001250B3E5
S205001251E7B0
S205001252F6A0
S2050012530095
S2050012543361
S205001255583B
S205001256E8AA
S2050012570091
S205001258335D
S2050012596827
S20500125AF896
S20500125B008D
S20500125C93F9
S20500125D7714
S20500125E7812
S20500125F0089
S2050012603355
S2050012615433
S205001262E4A2
S2050012630085
S2050012646321
S2050012658003
S205001266077B
S205001267027F
S20500126893ED
S2050012697708
S20500126AF886
S20500126B007D
S20500126C1369
S20500126D0774
S20500126E403A
S20500126F0079
S2050012706315
S2050012718AED
S205001272E78F
S2050012730075
S20500127493E1
S205001275076C
S205001276482A
S2050012770071
S205001278333D
S205001279B8B7
S20500127A0767
S20500127B016C
S20500127C3339
S20500127D0467
S20500127E0466
S20500127F0168
S2050012801355
S20500128188DF
S205001282075F
S2050012830065
S2050012841351
S205001285164D
S20500128684DE
S2050012870061
S20500128893CD
S2050012890758
S20500128A104E
S20500128B005D
S20500128C93C9
S20500128D0655
S20500128E005A
S20500128F0059
S2050012901345
S2050012910750
S2050012920056
S2050012930055
S205001294E371
S2050012954013
S205001296064C
S205001297AEA3
S2050012986FE1
S205001299004F
S20500129A80CE
S20500129B123B
S20500129CE369
S20500129D7CCF
S20500129E9DAD
S20500129FDE6B
S2050012A0B395
S2050012A10641
S2050012A25DE9
S2050012A30144
S2050012A43311
S2050012A5B68D
S2050012A6A69C
S2050012A70140
S2050012A8B38D
S2050012A9053A
S2050012AA96A8
S2050012AB013C
S2050012ACB389
S2050012AD8BB0
S2050012AEBB7F
S2050012AF0039
S2050012B01325
S2050012B18DAA
S2050012B20630
S2050012B30035
S2050012B493A1
S2050012B5052E
S2050012B6F43E
S2050012B7FF32
S2050012B863CD
S2050012B9FE31
S2050012BA7CB2
S2050012BB0726
S2050012BC63C9
S2050012BDE04B
S2050012BEFB2F
S2050012BF1415
S2050012C063C5
S2050012C18C9B
S2050012C277AF
S2050012C31312
S2050012C41311
S2050012C5849F
S2050012C6051D
S2050012C70021
S2050012C86FB1
S2050012C9F02F
S2050012CADF3F
S2050012CBDC41
S2050012CCE339
S2050012CDEC2F
S2050012CE0B0F
S2050012CFC554
S2050012D01305
S2050012D11CFB
S2050012D2FB1B
S2050012D30114
S2050012D41301
S2050012D5D73C
S2050012D61BF7
S2050012D70011
S2050012D8937D
S2050012D954BB
S2050012DA1BF3
S2050012DB000D
S2050012DC33D9
S2050012DD6C9F
S2050012DEEC1E
S2050012DF0009
S2050012E013F5
S2050012E19D6A
S2050012E2FB0B
S2050012E30104
S2050012E46F95
S2050012E5F013
S2050012E61FE3
S2050012E7C53C
S2050012E813ED
S2050012E905FA
S2050012EA0AF4
S2050012EB00FD
S2050012ECEF0D
S2050012ED10EB
S2050012EE10EA
S2050012EF46B3
S2050012F09365
S2050012F106F1
S2050012F255A1
S2050012F301F4
S2050012F413E1
S2050012F507EC
S2050012F6C032
S2050012F701F0
S2050012F8935D
S2050012F907E8
S2050012FA05E9
S2050012FB02EB
S2050012FCE309
S2050012FD5A91
S2050012FED713
S2050012FFA247
S20500130013D4
S20500130105E1
S2050013028560
S205001303FFE5
S20500130413D0
S20500130508DA
S20500130600E1
S20500130700E0
S20500130833AC
S20500130914CA
S20500130AAA33
S20500130B00DC
S20500130C6F6C
S20500130DF0EA
S20500130E1FBA
S20500130FA434
S205001310EFE8
S20500131110C6
S205001312D005
S2050013134391
S2050013149340
S20500131507CB
S205001316557C
S20500131701CF
S205001318933C
S20500131906C8
S20500131AC00D
S20500131B01CB
S20500131C13B8
S20500131D07C3
S20500131E05C4
S20500131F02C6
S205001320E3E4
S205001321DEE8
S205001322F6CF
S205001323AC18
S2050013249330
S20500132504BE
S205001326853C
S205001327FFC1
S205001328338C
S2050013291BA3
S20500132A9429
S20500132B00BC
S20500132C9328
S20500132D0BAF
S20500132E00B9
S20500132F00B8
S2050013306F48
S205001331F0C6
S2050013329F16
S205001333AE06
S205001334E3D0
S205001335981A
S2050013367C35
S205001337F9B7
S205001338E3CC
S20500133902AC
S20500133A06A7
S20500133BF8B4
S20500133C1398
S20500133D8426
S20500133E05A4
S20500133F00A8
S2050013406F38
S205001341F0B6
S2050013425F46
S205001343D5CF
S205001344E3C0
S205001345F8AA
S205001346970A
S205001347CAD6
S205001348930C
S2050013498B13
S20500134AEBB2
S20500134BFF9D
S20500134CB3E8
S20500134D8713
S20500134E9702
S20500134F0197
S2050013506F28
S205001351F0A6
S2050013529FF6
S205001353CACA
S205001354E3B0
S205001355F49E
S20500135697FA
S205001357C4CC
S205001358137C
S205001359048A
S20500135AE4A9
S20500135BFF8D
S20500135CB3D8
S20500135D8703
S20500135E97F2
S20500135F0187
S2050013606F18
S205001361F096
S2050013621F66
S205001363C4C0
S20500136493F0
S205001365067C
S205001366F091
S205001367017F
S205001368E39C
S205001369DCA2
S20500136AE697
S20500136BEC90
S20500136C93E8
S20500136D0674
S20500136E1069
S20500136FFE7A
S205001370B3C4
S20500137186F0
S205001372F67F
S2050013734034
S20500137493E0
S205001375076B
S2050013760071
S205001377026E
S205001378B3BC
S2050013795618
S20500137AD499
S20500137B006C
S20500137C6308
S20500137D0862
S20500137EF772
S20500137F0068
S20500138093D4
S20500138187DF
S205001382E97C
S2050013834321
S205001384B3B0
S205001385174B
S205001386F46D
S2050013870060
S205001388332C
S20500138968F6
S20500138AF865
S20500138B005C
S20500138C3328
S20500138D3822
S20500138E0059
S20500138F0157
S2050013903324
S20500139168EE
S205001392D87D
S2050013930054
S2050013941340
S20500139577DB
S20500139678D9
S2050013970050
S20500139893BC
S2050013990648
S20500139A004D
S20500139B004C
S20500139C63E8
S20500139D0842
S20500139E0742
S20500139F0246
S2050013A093B4
S2050013A177CF
S2050013A2F84D
S2050013A30044
S2050013A41330
S2050013A5073B
S2050013A64001
S2050013A70040
S2050013A8132C
S2050013A9043A
S2050013AA003D
S2050013AB003C
S2050013AC63D8
S2050013AD8AB0
S2050013AEE752
S2050013AF0038
S2050013B093A4
S2050013B1072F
S2050013B248ED
S2050013B30034
S2050013B43300
S2050013B5B87A
S2050013B6072A
S2050013B7012F
S2050013B833FC
S2050013B934FA
S2050013BA002D
S2050013BB012B
S2050013BC1318
S2050013BD88A2
S2050013BE0722
S2050013BF0028
S2050013C09394
S2050013C11610
S2050013C29491
S2050013C30024
S2050013C41310
S2050013C5170B
S2050013C6D44D
S2050013C7011F
S2050013C8938C
S2050013C9D648
S2050013CAC657
S2050013CB001C
S2050013CC1308
S2050013CD58C2
S2050013CE38E1
S2050013CF0018
S2050013D033E4
S2050013D167AF
S2050013D2E82D
S2050013D30014
S2050013D49380
S2050013D5070B
S2050013D60011
S2050013D70010
S2050013D86FA0
S2050013D9F01E
S2050013DADF2E
S2050013DB9973
S2050013DC13F8
S2050013DD0802
S2050013DE0603
S2050013DF0008
S2050013E0E324
S2050013E19076
S2050013E2E61F
S2050013E3E222
S2050013E4E320
S2050013E59E64
S2050013E657AA
S2050013E7E11F
S2050013E8837C
S2050013E92CD2
S2050013EA41BC
S2050013EB02FA
S2050013EC03F8
S2050013ED2DCD
S2050013EE01F8
S2050013EF02F6
S2050013F08374
S2050013F12DC9
S2050013F2C134
S2050013F301F3
S2050013F46F84
S2050013F5F002
S2050013F6DF12
S2050013F7A749
S2050013F8E30C
S2050013F9F6F8
S2050013FA9657
S2050013FBEC00
S2050013FCB338
S2050013FD8664
S2050013FEDA0F
S2050013FF00E8
S20500140033B3
S205001401B62F
S205001402568E
S20500140301E2
S20500140433AF
S20500140506DB
S205001406964A
S20500140701DE
S20500140813CB
S20500140904D9
S20500140AE4F8
S20500140BFFDC
S20500140C13C7
S20500140D8D4C
S20500140E06D2
S20500140F00D7
S205001410B323
S2050014118B4A
S205001412CB09
S20500141300D3
S2050014146F63
S205001415F0E1
S2050014161FB1
S205001417C807
S20500141813BB
S20500141907C6
S20500141A20AC
S20500141BC00B
S20500141C8347
S20500141D2C9D
S20500141E4187
S20500141F02C5
S20500142003C3
S2050014212D98
S20500142201C3
S20500142302C1
S205001424833F
S2050014252D94
S205001426C1FF
S20500142701BE
S205001428932B
S2050014298736
S20500142AF9C3
S20500142B3F7C
S20500142C13A7
S20500142D08B1
S20500142EF0C8
S20500142FFFB8
S205001430E3D3
S205001431C4F1
S205001432E9CB
S205001433E0D3
S205001434139F
S20500143507AA
S2050014364868
S20500143700AF
S205001438337B
S2050014393875
S20500143A07A5
S20500143B01AA
S20500143C3377
S20500143D04A5
S20500143E04A4
S20500143F01A6
S2050014401393
S205001441089D
S205001442079D
S20500144300A3
S2050014446F33
S205001445F0B1
S205001446DFC1
S205001447A3FC
S205001448138B
S2050014497726
S20500144AF8A4
S20500144B009B
S20500144C9307
S20500144D0693
S20500144E4058
S20500144F0097
S205001450E3B3
S205001451088D
S205001452D7BD
S205001453A2F1
S2050014546F23
S205001455F0A1
S2050014561F71
S205001457FE91
S205001458236B
S2050014592667
S20500145AD1BB
S20500145B008B
S20500145C6F1B
S20500145DF099
S20500145EDFA9
S20500145FCABD
S2050014601373
S2050014618DF8
S205001462077D
S2050014630083
S2050014646F13
S205001465F091
S2050014665F21
S205001467D0AF
S205001468136B
S2050014690A73
S20500146A0973
S20500146B007B
S20500146C93E7
S20500146D0772
S20500146EF088
S20500146F7FF8
S20500147093E3
S205001471066F
S2050014720074
S2050014730073
S205001474135F
S205001475076A
S2050014760070
S205001477006F
S2050014786FFF
S205001479F07D
S20500147ADF8D
S20500147B8FDC
S20500147C1357
S20500147D96D3
S20500147E1A4E
S20500147F0067
S205001480B3B3
S205001481362F
S205001482560E
S2050014830162
S205001484B3AF
S20500148586DB
S20500148696CA
S205001487015E
S205001488B3AB
S20500148986D7
S20500148AD488
S20500148B005B
S20500148C1347
S20500148D0851
S20500148EE870
S20500148FFF58
S20500149093C3
S2050014910A4B
S205001492064E
S2050014930053
S205001494E36F
S20500149588C9
S205001496E66A
S205001497F45B
S2050014986FDF
S205001499F05D
S20500149A9FAD
S20500149BD675
S20500149CE367
S20500149DE069
S20500149EFA4E
S20500149FFE49
S2050014A01333
S2050014A1083D
S2050014A2063E
S2050014A30043
S2050014A46FD3
S2050014A5F051
S2050014A61F21
S2050014A7F44B
S2050014A8132B
S2050014A9D766
S2050014AA45F7
S2050014AB013A
S2050014ACB783
S2050014AD0732
S2050014AE1028
S2050014AF0037
S2050014B093A3
S2050014B187AE
S2050014B2F73D
S2050014B3FF34
S2050014B4131F
S2050014B5D859
S2050014B646EA
S2050014B7012E
S2050014B8131B
S2050014B977B6
S2050014BAF735
S2050014BB7FAC
S2050014BC1317
S2050014BD0326
S2050014BEF038
S2050014BF7FA8
S2050014C033F3
S2050014C1FE27
S2050014C2B76D
S2050014C30023
S2050014C4938F
S2050014C50819
S2050014C6051B
S2050014C7001F
S2050014C8B36B
S2050014C9F726
S2050014CAD745
S2050014CB001B
S2050014CC9387
S2050014CDD544
S2050014CEF523
S2050014CF0116
S2050014D01303
S2050014D1789D
S2050014D2F81C
S2050014D37F94
S2050014D4937F
S2050014D5D63B
S2050014D6F61A
S2050014D7010E
S2050014D813FB
S2050014D90508
S2050014DA10FC
S2050014DB000B
S2050014DC63A7
S2050014DD0CFD
S2050014DE67A1
S2050014DF0007
S2050014E063A3
S2050014E108FD
S2050014E2689C
S2050014E30003
S2050014E4639F
S2050014E514ED
S2050014E607F9
S2050014E701FE
S2050014E8639B
S2050014E906F7
S2050014EAFEFE
S2050014EB02F9
S2050014EC6793
S2050014ED8079
S2050014EE00F8
S2050014EF00F7
S2050014F0678F
S2050014F18075
S2050014F200F4
S2050014F300F3
S2050014F4E30F
S2050014F51CD5
S2050014F6E808
S2050014F7FEF1
S2050014F8B33B
S2050014F96786
S2050014FAFEEE
S2050014FB00EB
S2050014FCB337
S2050014FDE702
S2050014FEC721
S2050014FF00E7
S205001500B332
S205001501E7FD
S20500150217CC
S20500150301E1
S205001504E3FE
S205001505944C
S20500150607D8
S205001507FEE0
S205001508B32A
S2050015098557
S20500150AD506
S20500150B409A
S20500150C33A6
S20500150D35A3
S20500150EB027
S20500150F00D6
S205001510676E
S2050015118054
S20500151200D3
S20500151300D2
S205001514E3EE
S2050015159C34
S205001516C807
S205001517FCD2
S205001518636A
S2050015198A42
S20500151AD5F6
S20500151B00CA
S20500151CE3E6
S20500151D18B0
S20500151E07C0
S20500151FFCCA
S2050015203392
S2050015216E56
S2050015221EA5
S20500152301C1
S205001524338E
S205001525358B
S205001526C0FF
S20500152701BD
S2050015286756
S205001529803C
S20500152A00BB
S20500152B00BA
S20500152C13A6
S20500152D05B3
S20500152E00B7
S20500152F00B6
S205001530674E
S2050015318034
S20500153200B3
S20500153300B2
S205001534931E
S205001535D8D8
S205001536456A
S20500153701AD
S205001538B7F6
S20500153907A5
S20500153A109B
S20500153B00AA
S20500153C9316
S20500153D8721
S20500153EF7B0
S20500153FFFA7
S2050015401392
S205001541D7CD
S205001542465D
S20500154301A1
S205001544930E
S205001545F8A8
S205001546F8A7
S2050015477F1F
S205001548138A
S2050015490E8E
S20500154AF0AB
S20500154B7F1B
S20500154C3366
S20500154DF3A5
S20500154EB7E0
S20500154F0096
S2050015501382
S205001551088C
S205001552058E
S2050015530092
S20500155493FE
S2050015550E82
S205001556058A
S205001557008E
S205001558B3DA
S205001559F795
S20500155AD7B4
S20500155B008A
S20500155C93F6
S20500155DD5B3
S20500155EF592
S20500155F0185
S2050015601372
S2050015610F75
S205001562067D
S2050015630082
S205001564136E
S205001565750B
S205001566F788
S2050015677FFF
S20500156893EA
S205001569D6A6
S20500156AF685
S20500156B0179
S20500156C6316
S20500156D88F0
S20500156EC8AF
S20500156F0571
S2050015706312
S2050015710470
S205001572C5AE
S205001573036F
S205001574630E
S2050015759AD6
S2050015760867
S2050015770668
S205001578333A
S2050015796804
S20500157A0368
S20500157B0169
S20500157C6306
S20500157D1058
S20500157E0562
S20500157F0660
S2050015803332
S205001581E67E
S205001582C79C
S2050015830062
S20500158463FE
S2050015850C54
S2050015860659
S2050015870856
S20500158863FA
S205001589124A
S20500158A0853
S20500158B0A50
S20500158C1346
S20500158D0553
S20500158E1047
S20500158F0056
S20500159063F2
S20500159182D2
S205001592064D
S205001593084A
S20500159467EA
S20500159580D0
S205001596004F
S205001597004E
S205001598331A
S205001599E666
S20500159AC784
S20500159B004A
S20500159C63E6
S20500159D1434
S20500159E0641
S20500159F083E
S2050015A063E2
S2050015A196AE
S2050015A2083B
S2050015A30042
S2050015A4330E
S2050015A563DD
S2050015A6033C
S2050015A7013D
S2050015A8E35A
S2050015A9023A
S2050015AA0338
S2050015ABFE3C
S2050015AC63D6
S2050015AD80B8
S2050015AED562
S2050015AF0630
S2050015B063D2
S2050015B192A2
S2050015B2052E
S2050015B3062C
S2050015B4131E
S2050015B5052B
S2050015B6101F
S2050015B7002E
S2050015B867C6
S2050015B980AC
S2050015BA002B
S2050015BB002A
S2050015BC33F6
S2050015BD63C5
S2050015BE0324
S2050015BF0125
S2050015C063C2
S2050015C11212
S2050015C20320
S2050015C3061C
S2050015C4E33E
S2050015C5160A
S2050015C6150A
S2050015C7FF1F
S2050015C8B36A
S2050015C9E735
S2050015CAC754
S2050015CB001A
S2050015CC63B6
S2050015CD9C7C
S2050015CE0710
S2050015CF0412
S2050015D0E332
S2050015D19084
S2050015D2D53E
S2050015D3FE14
S2050015D413FE
S2050015D5050B
S2050015D6000F
S2050015D7000E
S2050015D867A6
S2050015D9808C
S2050015DA000B
S2050015DB000A
S2050015DCE326
S2050015DD0800
S2050015DE08FF
S2050015DFFA0C
S2050015E0E322
S2050015E1986C
S2050015E2D52E
S2050015E3FC06
S2050015E46F92
S2050015E50000
S2050015E6807F
S2050015E702FC
S2050015E8E31A
S2050015E904F8
S2050015EA05F6
S2050015EBFCFE
S2050015ECE316
S2050015ED9266
S2050015EED522
S2050015EFFCFA
S2050015F0E312
S2050015F140B4
S2050015F215DE
S2050015F3FDF5
S2050015F4638E
S2050015F5CC24
S2050015F6A847
S2050015F700EE
S2050015F8E30A
S2050015F9EC00
S2050015FA6784
S2050015FBFAF0
S2050015FC6386
S2050015FD18D0
S2050015FEF3F4
S2050015FF00E6
S205001600E301
S205001601687B
S205001602DF03
S205001603FBE6
S20500160413CD
S20500160505DA
S20500160600DE
S20500160700DD
S205001608E3F9
S205001609F6E5
S20500160AEEEC
S20500160BF9E0
S20500160C13C5
S20500160D05D2
S20500160E10C6
S20500160F00D5
S205001610E3F1
S2050016119241
S20500161205CD
S205001613F8D9
S20500161413BD
S20500161505CA
S205001616F0DE
S205001617FFCE
S2050016186765
S205001619804B
S20500161A00CA
S20500161B00C9
S20500161CE3E5
S20500161D1AAD
S20500161E08BE
S20500161FF8CD
S205001620675D
S2050016218043
S20500162200C2
S20500162300C1
S20500162413AD
S20500162505BA
S205001626E0DE
S205001627FFBE
S2050016286755
S205001629803B
S20500162A00BA
S20500162B00B9
S20500162CE3D5
S20500162D8631
S20500162ED5E1
S20500162FFCB9
S2050016306F45
S205001631F0C3
S2050016321F93
S205001633F8B9
S205001634931D
S205001635D8D7
S2050016364569
S20500163701AC
S205001638B7F5
S20500163907A4
S20500163A109A
S20500163B00A9
S20500163C9315
S20500163D8720
S20500163EF7AF
S20500163FFFA6
S2050016401391
S205001641D7CC
S205001642465C
S20500164301A0
S205001644930D
S205001645F8A7
S205001646F8A6
S2050016477F1E
S2050016481389
S2050016490398
S20500164AF0AA
S20500164B7F1A
S20500164C3365
S20500164DFE99
S20500164EB7DF
S20500164F0095
S2050016501381
S205001651088B
S205001652058D
S2050016530091
S20500165493FD
S2050016550E81
S2050016560589
S205001657008D
S205001658B3D9
S205001659F794
S20500165AD7B3
S20500165B0089
S20500165C93F5
S20500165DD5B2
S20500165EF591
S20500165F0184
S2050016601371
S2050016610F74
S205001662067C
S2050016630081
S205001664136D
S205001665750A
S205001666F787
S2050016677FFE
S20500166893E9
S205001669D6A5
S20500166AF684
S20500166B0178
S20500166C6315
S20500166D8AED
S20500166E680E
S20500166F0471
S2050016706311
S205001671046F
S205001672650D
S205001673026F
S205001674630D
S20500167598D7
S2050016760866
S2050016770667
S2050016783339
S2050016796803
S20500167A0E5C
S20500167B0168
S20500167C6305
S20500167D1E49
S20500167E0561
S20500167F085D
S2050016803331
S205001681E67D
S205001682C79B
S2050016830061
S20500168463FD
S205001685045B
S2050016860658
S2050016870A53
S20500168863F9
S2050016891645
S20500168A0852
S20500168B0A4F
S20500168C1345
S20500168D0552
S20500168E1046
S20500168F0055
S20500169063F1
S20500169180D3
S205001692064C
S2050016930849
S20500169467E9
S20500169580CF
S205001696004E
S205001697004D
S2050016983319
S205001699E665
S20500169AC783
S20500169B0049
S20500169C1335
S20500169D0542
S20500169E2026
S20500169F0045
S2050016A0E361
S2050016A11A29
S2050016A2063C
S2050016A3FE43
S2050016A463DD
S2050016A596A9
S2050016A60836
S2050016A7003D
S2050016A83309
S2050016A96ECD
S2050016AA0E2C
S2050016AB0138
S2050016ACE355
S2050016AD0037
S2050016AE0E28
S2050016AFFE37
S2050016B063D1
S2050016B18CA7
S2050016B2D55D
S2050016B3042D
S2050016B463CD
S2050016B59E91
S2050016B60529
S2050016B70429
S2050016B81319
S2050016B90526
S2050016BA101A
S2050016BB0029
S2050016BC67C1
S2050016BD80A7
S2050016BE0026
S2050016BF0025
S2050016C033F1
S2050016C16EB5
S2050016C20E14
S2050016C30120
S2050016C463BD
S2050016C5100F
S2050016C60E10
S2050016C70617
S2050016C8E339
S2050016C91605
S2050016CA1505
S2050016CBFF1A
S2050016CCB365
S2050016CDE730
S2050016CEC74F
S2050016CF0015
S2050016D01301
S2050016D1050E
S2050016D220F2
S2050016D30011
S2050016D4E32D
S2050016D5907F
S2050016D60707
S2050016D7FC11
S2050016D8E329
S2050016D99E6D
S2050016DAD535
S2050016DBFC0D
S2050016DC13F5
S2050016DD0502
S2050016DE0006
S2050016DF0005
S2050016E0679D
S2050016E18083
S2050016E20002
S2050016E30001
S2050016E4E31D
S2050016E508F7
S2050016E605F9
S2050016E7FC01
S2050016E8E319
S2050016E99665
S2050016EAD525
S2050016EBFCFD
S2050016ECE315
S2050016ED44B3
S2050016EE15E1
S2050016EFFDF8
S2050016F06391
S2050016F1CC27
S2050016F2A84A
S2050016F300F1
S2050016F4E30D
S2050016F5E00F
S2050016F6C727
S2050016F7FDF0
S2050016F86389
S2050016F918D3
S2050016FAFEEC
S2050016FB00E9
S2050016FCE305
S2050016FD6C7B
S2050016FEDF07
S2050016FFFBEA
S20500170013D0
S20500170105DD
S20500170200E1
S20500170300E0
S205001704E3FC
S205001705F8E6
S205001706EEEF
S205001707F9E3
S20500170813C8
S20500170905D5
S20500170A10C9
S20500170B00D8
S20500170CE3F4
S20500170D9442
S20500170E05D0
S20500170FF8DC
S20500171013C0
S20500171105CD
S205001712F0E1
S205001713FFD1
S2050017146768
S205001715804E
S20500171600CD
S20500171700CC
S205001718E3E8
S2050017190AC0
S20500171A08C1
S20500171BF6D2
S20500171CE3E4
S20500171D9C2A
S20500171ED5F0
S20500171FF8CC
S2050017206F54
S205001721F0D2
S2050017229F22
S205001723FEC2
S20500172413AC
S20500172505B9
S205001726209D
S20500172700BC
S2050017286754
S205001729803A
S20500172A00B9
S20500172B00B8
S20500172CE3D4
S20500172D14A2
S20500172E08AD
S20500172FF8BC
S205001730674C
S2050017318032
S20500173200B1
S20500173300B0
S205001734E3CC
S205001735802E
S205001736D5D8
S205001737FCB0
S2050017386F3C
S205001739F0BA
S20500173ADFCA
S20500173BF7B1
S20500173C1394
S20500173D01A5
S20500173E01A4
S20500173FFDA7
S2050017409310
S205001741D7CB
S205001742455C
S205001743019F
S205001744237C
S205001745247A
S205001746811C
S205001747029A
S2050017482378
S2050017492278
S20500174A9108
S20500174B0296
S20500174C2374
S20500174D2076
S20500174E2174
S20500174F0391
S2050017502370
S2050017512E64
S2050017523160
S205001753018F
S205001754236C
S2050017552A64
S205001756513C
S205001757018B
S20500175893F8
S20500175994F6
S20500175AC5C4
S20500175B0088
S20500175C2364
S20500175D2660
S20500175E1174
S20500175F0282
S2050017602360
S2050017612C56
S2050017624140
S205001763017F
S205001764235C
S2050017652856
S205001766611C
S205001767017B
S2050017682358
S2050017692654
S20500176A7108
S20500176B0177
S20500176C2354
S20500176D2452
S20500176E81F4
S20500176F0173
S20500177093E0
S205001771F77B
S205001772F77A
S2050017737FF1
S205001774135C
S205001775046A
S2050017760568
S205001777006C
S20500177893D8
S2050017790A60
S20500177A0663
S20500177B0068
S20500177C93D4
S20500177D89DD
S20500177E065F
S20500177F0064
S20500178093D0
S205001781D48E
S205001782C49D
S2050017830060
S205001784134C
S205001785D985
S205001786F568
S205001787015B
S20500178863F8
S20500178980DA
S20500178A0752
S20500178B4E0A
S20500178C1344
S20500178D074F
S20500178EF065
S20500178F7FD5
S20500179063F0
S20500179186CC
S205001792E76A
S2050017930A46
S20500179493BC
S20500179596B8
S2050017963419
S205001797004C
S2050017981338
S20500179957F3
S20500179AD574
S20500179B0147
S20500179C3314
S20500179D67DF
S20500179ED76E
S20500179F0044
S2050017A0B78C
S2050017A1063C
S2050017A280C1
S2050017A30040
S2050017A4B38C
S2050017A564DA
S2050017A6D766
S2050017A7003C
S2050017A81328
S2050017A91A20
S2050017AA3504
S2050017AB0038
S2050017AC1324
S2050017AD8CAA
S2050017AE171E
S2050017AFC074
S2050017B01320
S2050017B10B27
S2050017B20031
S2050017B30030
S2050017B4939C
S2050017B50B23
S2050017B6002D
S2050017B7002C
S2050017B89398
S2050017B9D753
S2050017BA49E0
S2050017BB0127
S2050017BC1314
S2050017BD978F
S2050017BEC95C
S2050017BF0024
S2050017C09390
S2050017C1F72B
S2050017C2F72A
S2050017C37FA1
S2050017C4130C
S2050017C58E90
S2050017C60A13
S2050017C7001C
S2050017C81308
S2050017C954C6
S2050017CAC752
S2050017CB0018
S2050017CC9384
S2050017CDD93D
S2050017CEF91C
S2050017CF0113
S2050017D063B0
S2050017D18092
S2050017D2070A
S2050017D30A06
S2050017D413FC
S2050017D50707
S2050017D6F01D
S2050017D77F8D
S2050017D863A8
S2050017D98E7C
S2050017DAE722
S2050017DB14F4
S2050017DC13F4
S2050017DD17EF
S2050017DE34D1
S2050017DF0004
S2050017E09370
S2050017E1D62C
S2050017E2DA27
S2050017E301FF
S2050017E4B34C
S2050017E5E618
S2050017E6E617
S2050017E700FC
S2050017E89368
S2050017E98773
S2050017EA17E2
S2050017EBC038
S2050017EC37C0
S2050017ED07EF
S2050017EE8075
S2050017EF00F4
S2050017F033C0
S2050017F1E40E
S2050017F2E60B
S2050017F300F0
S2050017F413DC
S2050017F59E50
S2050017F63AB3
S2050017F700EC
S2050017F833B8
S2050017F98367
S2050017FA8762
S2050017FB01E7
S2050017FC9354
S2050017FD06E0
S2050017FE00E5
S2050017FF00E4
S205001800934F
S20500180107DA
S205001802A040
S20500180300DF
S205001804934B
S20500180508D5
S20500180613C9
S20500180700DB
S2050018086377
S205001809CC0D
S20500180A6771
S20500180B0BCC
S20500180CB323
S20500180D4590
S20500180E399B
S20500180F01D2
S205001810933F
S20500181107CA
S20500181220B0
S20500181300CF
S20500181413BB
S2050018158845
S20500181605C7
S20500181700CB
S2050018186367
S205001819C603
S20500181A6761
S20500181B15B2
S20500181C13B3
S20500181D0BBA
S20500181EFBC9
S20500181FFFC4
S20500182013AF
S20500182107BA
S20500182210B0
S20500182300BF
S205001824635B
S205001825605D
S2050018266755
S20500182717A4
S2050018286357
S2050018298633
S20500182AF6C2
S20500182B486F
S20500182C9323
S20500182D04B1
S20500182E04B0
S20500182F00B3
S205001830139F
S2050018310AA7
S2050018320EA2
S20500183300AF
S205001834931B
S2050018358B22
S20500183606A6
S20500183700AB
S2050018386F3B
S20500183900A9
S20500183AC0E8
S20500183B099E
S20500183C3373
S20500183DEABB
S20500183EA400
S20500183F00A3
S205001840633F
S205001841148D
S2050018420A96
S2050018434857
S205001844930B
S205001845D7C6
S2050018464953
S205001847019A
S2050018481387
S2050018499702
S20500184AC9CF
S20500184B0097
S20500184C9303
S20500184DF79E
S20500184EF79D
S20500184F7F14
S20500185093FF
S205001851048D
S2050018520090
S205001853008F
S205001854137B
S2050018550B82
S205001856800C
S205001857008B
S2050018581377
S2050018590C7D
S20500185AF098
S20500185B7F08
S20500185C93F3
S20500185D0B7A
S20500185E2064
S20500185F0083
S205001860136F
S2050018618EF3
S2050018620A76
S205001863007F
S205001864136B
S2050018655429
S205001866C7B5
S205001867007B
S20500186893E7
S205001869D9A0
S20500186AF97F
S20500186B0176
S20500186CE393
S20500186D94E1
S20500186E076D
S20500186FF67D
S205001870B3BF
S205001871670A
S205001872541C
S205001873016E
S205001874630B
S2050018758EDF
S2050018760765
S2050018774625
S2050018786307
S2050018790C5D
S20500187A0464
S20500187B5413
S20500187C1353
S20500187D0560
S20500187E0460
S20500187F0063
S205001880EF73
S2050018811051
S205001882C0A0
S2050018836CF3
S205001884134B
S205001885035A
S2050018860557
S205001887005B
S2050018881347
S2050018890752
S20500188A5503
S20500188BFF58
S20500188C93C3
S20500188D074E
S20500188ED084
S20500188F0152
S205001890133F
S2050018910E43
S20500189283CD
S205001893FF50
S205001894B39B
S20500189587C6
S205001896E765
S205001897400B
S205001898B397
S205001899D772
S20500189AFA4E
S20500189B0047
S20500189C3313
S20500189D172E
S20500189EC480
S20500189F0142
S2050018A0330F
S2050018A1E45D
S2050018A2E759
S2050018A3003F
S2050018A4330B
S2050018A59E9F
S2050018A6CA72
S2050018A7013A
S2050018A83307
S2050018A90336
S2050018AA6CCC
S2050018AB40F7
S2050018AC1323
S2050018AD0332
S2050018AED361
S2050018AFC073
S2050018B0939F
S2050018B1072A
S2050018B2A090
S2050018B3002F
S2050018B4939B
S2050018B50627
S2050018B6002C
S2050018B7002B
S2050018B89397
S2050018B90821
S2050018BA1315
S2050018BB0027
S2050018BCE343
S2050018BDD84D
S2050018BE67BD
S2050018BFF52E
S2050018C0938F
S2050018C1051C
S2050018C20917
S2050018C3001F
S2050018C4938B
S2050018C50716
S2050018C620FC
S2050018C7001B
S2050018C863B7
S2050018C98693
S2050018CAFB1D
S2050018CB3ED9
S2050018CC9383
S2050018CD070E
S2050018CE30E4
S2050018CF0013
S2050018D063AF
S2050018D18889
S2050018D2FB15
S2050018D354BB
S2050018D4937B
S2050018D50706
S2050018D610FC
S2050018D7000B
S2050018D813F7
S2050018D98881
S2050018DA0503
S2050018DB0007
S2050018DC63A3
S2050018DD966F
S2050018DEFB09
S2050018DF52B1
S2050018E0936F
S2050018E107FA
S2050018E20000
S2050018E300FF
S2050018E4936B
S2050018E506F7
S2050018E600FC
S2050018E700FB
S2050018E813E7
S2050018E907F2
S2050018EA00F8
S2050018EB00F7
S2050018EC8373
S2050018ED20D5
S2050018EEC133
S2050018EF02F1
S2050018F003EF
S2050018F124CD
S2050018F2816F
S2050018F302ED
S2050018F4935B
S2050018F59756
S2050018F647A5
S2050018F701EA
S2050018F8B337
S2050018F9E702
S2050018FAD711
S2050018FB00E7
S2050018FC13D3
S2050018FD18CD
S2050018FEF8EC
S2050018FF01E2
S205001900B32E
S205001901E7F9
S20500190207D8
S20500190301DD
S205001904835A
S20500190524B8
S205001906419A
S20500190702D8
S20500190803D6
S20500190929AF
S20500190A01D6
S20500190B02D4
S20500190C8352
S20500190D29AB
S20500190EC112
S20500190F01D1
S20500191003CE
S2050019112AA6
S205001912814E
S20500191301CD
S205001914834A
S2050019152AA2
S205001916418A
S20500191701C9
S20500191803C6
S2050019192B9D
S20500191A01C6
S20500191B01C5
S20500191C8342
S20500191D2B99
S20500191EC102
S20500191F00C2
S20500192003BE
S2050019212C94
S205001922813E
S20500192300BE
S20500192413AA
S20500192505B7
S20500192607B4
S20500192700BA
S2050019289326
S2050019298533
S20500192A07B0
S20500192B00B6
S20500192C13A2
S20500192D01B3
S20500192E01B2
S20500192F03AF
S205001930674A
S2050019318030
S20500193200AF
S20500193300AE
S205001934337A
S2050019356745
S2050019365457
S20500193701A9
S2050019381396
S20500193903A5
S20500193AFCAB
S20500193B7F27
S20500193C6342
S20500193D069E
S20500193E079C
S20500193F3C66
S205001940376A
S2050019411789
S205001942009F
S205001943009E
S205001944336A
S2050019454854
S2050019463962
S2050019470199
S2050019481386
S2050019490791
S20500194A0790
S20500194B8016
S20500194C1382
S20500194D6B29
S20500194E3B58
S20500194F0092
S20500195093FE
S205001951068A
S205001952A0EF
S205001953008E
S20500195493FA
S2050019550587
S2050019560883
S205001957008A
S205001958B3D6
S2050019590880
S20500195AEC9B
S20500195B0086
S20500195C6322
S20500195DCCB8
S20500195E661D
S20500195F433F
S20500196093EE
S205001961067A
S205001962304F
S205001963007E
S205001964136A
S2050019650676
S205001966106B
S205001967007A
S2050019683346
S2050019691662
S20500196A6611
S20500196B0175
S20500196C1362
S20500196D77FD
S20500196E066D
S20500196F531F
S205001970E38E
S2050019711A56
S2050019720768
S205001973F47A
S20500197493DA
S20500197577F5
S2050019760665
S2050019772446
S2050019786306
S20500197990D8
S20500197A0760
S20500197B481E
S20500197C1352
S20500197D76EE
S20500197E86DD
S20500197F085A
S20500198063FE
S2050019811E42
S2050019820659
S2050019833826
S205001984B7A6
S2050019850F4D
S205001986015A
S205001987005A
S20500198893C6
S20500198982D6
S20500198AFF58
S20500198BFF57
S20500198C3322
S20500198D7FD5
S20500198E5AF9
S20500198F0052
S205001990B39E
S20500199172DE
S2050019925EF1
S205001993004E
S205001994133A
S2050019955AF2
S2050019960A41
S2050019970149
S2050019981336
S2050019995EEA
S20500199A0E39
S20500199B0145
S20500199C1332
S20500199D053F
S20500199E0F34
S20500199F0042
S2050019A093AE
S2050019A185BB
S2050019A2023D
S2050019A3003E
S2050019A4EF4E
S2050019A5102C
S2050019A6003B
S2050019A74DED
S2050019A81326
S2050019A90731
S2050019AA0532
S2050019AB0036
S2050019AC93A2
S2050019AD052F
S2050019AE0E25
S2050019AF0032
S2050019B0131E
S2050019B1052B
S2050019B20F20
S2050019B3002E
S2050019B4EF3E
S2050019B5101C
S2050019B6002B
S2050019B74CDE
S2050019B89396
S2050019B90721
S2050019BA0522
S2050019BB0026
S2050019BC9392
S2050019BD859F
S2050019BE0221
S2050019BF0022
S2050019C0130E
S2050019C1051B
S2050019C20A15
S2050019C3001E
S2050019C4EF2E
S2050019C5100C
S2050019C6001B
S2050019C74BCF
S2050019C89386
S2050019C90E0A
S2050019CA0512
S2050019CB0016
S2050019CC9382
S2050019CD050F
S2050019CE0E05
S2050019CF0012
S2050019D013FE
S2050019D1050B
S2050019D20A05
S2050019D3000E
S2050019D4EF1E
S2050019D510FC
S2050019D6000B
S2050019D74AC0
S2050019D8B356
S2050019D98682
S2050019DAD730
S2050019DB0105
S2050019DC9372
S2050019DD53B1
S2050019DE07FC
S2050019DF0101
S2050019E0B34E
S2050019E1837D
S2050019E2D32C
S2050019E300FE
S2050019E4936A
S2050019E507F5
S2050019E605F6
S2050019E700FA
S2050019E86396
S2050019E9F404
S2050019EAD324
S2050019EB01F5
S2050019ECB342
S2050019ED07ED
S2050019EEF5FE
S2050019EF01F1
S2050019F0B73A
S2050019F109E7
S2050019F201EE
S2050019F300EE
S2050019F413DA
S2050019F58963
S2050019F6F9F2
S2050019F7FFEB
S2050019F8B336
S2050019F9FEEA
S2050019FA23C4
S2050019FB01E5
S2050019FC33B2
S2050019FD776D
S2050019FE27BC
S2050019FF01E1
S205001A00934D
S205001A019E41
S205001A020ED0
S205001A0301DC
S205001A0433A9
S205001A057962
S205001A0624B6
S205001A0701D8
S205001A089345
S205001A09D304
S205001A0A03D3
S205001A0B01D4
S205001A0CB321
S205001A0D8E45
S205001A0EEEE4
S205001A0F00D1
S205001A1013BD
S205001A11547B
S205001A1204CA
S205001A1301CC
S205001A1413B9
S205001A1505C6
S205001A160FBB
S205001A1700C9
S205001A189335
S205001A1905C2
S205001A1A09BD
S205001A1B00C5
S205001A1CEFD5
S205001A1D10B3
S205001A1E8042
S205001A1F457C
S205001A20932D
S205001A210FB0
S205001A2205B9
S205001A2300BD
S205001A249329
S205001A2505B6
S205001A2604B6
S205001A2700B9
S205001A2813A5
S205001A2905B2
S205001A2A0FA7
S205001A2B00B5
S205001A2CEFC5
S205001A2D10A3
S205001A2E8032
S205001A2F446D
S205001A30139D
S205001A3107A8
S205001A3205A9
S205001A3300AD
S205001A349319
S205001A3505A6
S205001A3609A1
S205001A3700A9
S205001A381395
S205001A3905A2
S205001A3A0A9C
S205001A3B00A5
S205001A3CEFB5
S205001A3D1093
S205001A3E8022
S205001A3F435E
S205001A40138D
S205001A410F90
S205001A420599
S205001A43009D
S205001A449309
S205001A450596
S205001A460496
S205001A470099
S205001A481385
S205001A490592
S205001A4A0A8C
S205001A4B0095
S205001A4CEFA5
S205001A4D1083
S205001A4E8012
S205001A4F424F
S205001A5093FD
S205001A51D6B9
S205001A520F7F
S205001A53018C
S205001A543359
S205001A550784
S205001A56E7A3
S205001A570188
S205001A58B3D5
S205001A598601
S205001A5AE6A0
S205001A5B0085
S205001A5C6321
S205001A5DF48F
S205001A5EE69C
S205001A5F0180
S205001A60334D
S205001A61057A
S205001A623549
S205001A63017C
S205001A643745
S205001A650A71
S205001A660179
S205001A670079
S205001A681365
S205001A690F68
S205001A6AFA7C
S205001A6BFF76
S205001A6C3341
S205001A6DF77C
S205001A6EE68C
S205001A6F0170
S205001A70B3BD
S205001A71FF70
S205001A72EF7F
S205001A73016C
S205001A741359
S205001A751754
S205001A760763
S205001A770168
S205001A783335
S205001A790760
S205001A7AF76F
S205001A7B0164
S205001A7C3331
S205001A7DFF64
S205001A7EE47E
S205001A7F0160
S205001A8093CD
S205001A81D689
S205001A820658
S205001A83015C
S205001A84B3A9
S205001A858FCC
S205001A86A6B4
S205001A870059
S205001A88B3A5
S205001A8983D4
S205001A8AE373
S205001A8B0055
S205001A8C93C1
S205001A8DD47F
S205001A8E044E
S205001A8F0150
S205001A90133D
S205001A91054A
S205001A920F3F
S205001A93004D
S205001A9493B9
S205001A9585C6
S205001A960248
S205001A970049
S205001A98EF59
S205001A991037
S205001A9AC086
S205001A9B3D08
S205001A9C93B1
S205001A9D0A39
S205001A9E053D
S205001A9F0041
S205001AA093AD
S205001AA1053A
S205001AA20E30
S205001AA3003D
S205001AA41329
S205001AA50536
S205001AA60F2B
S205001AA70039
S205001AA8EF49
S205001AA91027
S205001AAAC076
S205001AAB3CF9
S205001AAC93A1
S205001AAD092A
S205001AAE052D
S205001AAF0031
S205001AB0939D
S205001AB185AA
S205001AB2022C
S205001AB3002D
S205001AB41319
S205001AB585A6
S205001AB60426
S205001AB70029
S205001AB8EF39
S205001AB91017
S205001ABAC066
S205001ABB3BEA
S205001ABC9391
S205001ABD0221
S205001ABE051D
S205001ABF0021
S205001AC0938D
S205001AC1051A
S205001AC20E10
S205001AC3001D
S205001AC41309
S205001AC58596
S205001AC60416
S205001AC70019
S205001AC8EF29
S205001AC91007
S205001ACAC056
S205001ACB3ADB
S205001ACC1301
S205001ACDD63D
S205001ACE0A08
S205001ACF0110
S205001AD0B35D
S205001AD18986
S205001AD259B5
S205001AD3000D
S205001AD433D9
S205001AD50605
S205001AD636D4
S205001AD70108
S205001AD863A5
S205001AD97493
S205001ADA56B0
S205001ADB0005
S205001ADC33D1
S205001ADD05FE
S205001ADE45BD
S205001ADF0100
S205001AE037C9
S205001AE10AF5
S205001AE201FD
S205001AE300FD
S205001AE49369
S205001AE506F5
S205001AE6FA00
S205001AE7FFFA
S205001AE8B345
S205001AE97285
S205001AEAD620
S205001AEB00F5
S205001AECB341
S205001AEDFAF9
S205001AEEDA18
S205001AEF00F1
S205001AF013DD
S205001AF15699
S205001AF206E8
S205001AF301EC
S205001AF49359
S205001AF59259
S205001AF602E8
S205001AF701E8
S205001AF833B5
S205001AF90ED9
S205001AFAA640
S205001AFB00E5
S205001AFCB331
S205001AFD8261
S205001AFE5290
S205001AFF01E0
S205001B0013CC
S205001B0105D9
S205001B020FCE
S205001B0300DC
S205001B049348
S205001B0505D5
S205001B0609D0
S205001B0700D8
S205001B08EFE8
S205001B0910C6
S205001B0AC015
S205001B0B369E
S205001B0C9340
S205001B0D09C9
S205001B0E05CC
S205001B0F00D0
S205001B10933C
S205001B1105C9
S205001B1204C9
S205001B1300CC
S205001B1413B8
S205001B1505C5
S205001B160FBA
S205001B1700C8
S205001B18EFD8
S205001B1910B6
S205001B1AC005
S205001B1B358F
S205001B1C13B0
S205001B1D0FB3
S205001B1E05BC
S205001B1F00C0
S205001B20932C
S205001B2105B9
S205001B2209B4
S205001B2300BC
S205001B2413A8
S205001B258535
S205001B2604B5
S205001B2700B8
S205001B28EFC8
S205001B2910A6
S205001B2AC0F5
S205001B2B3480
S205001B2C13A0
S205001B2D09A9
S205001B2E05AC
S205001B2F00B0
S205001B30931C
S205001B3105A9
S205001B3204A9
S205001B3300AC
S205001B341398
S205001B358525
S205001B3604A5
S205001B3700A8
S205001B38EFB8
S205001B391096
S205001B3AC0E5
S205001B3B3371
S205001B3CB3F0
S205001B3D069C
S205001B3E2F72
S205001B3F019F
S205001B40930C
S205001B41D5C9
S205001B420994
S205001B43019B
S205001B443368
S205001B458416
S205001B46D5C4
S205001B470098
S205001B481384
S205001B490F87
S205001B4A0590
S205001B4B0094
S205001B4C6330
S205001B4D741E
S205001B4E246D
S205001B4F018F
S205001B50335C
S205001B510F7F
S205001B524548
S205001B53018B
S205001B543754
S205001B550684
S205001B560188
S205001B570088
S205001B581374
S205001B590680
S205001B5AF68F
S205001B5BFF85
S205001B5CB3D0
S205001B5D760C
S205001B5EC4BD
S205001B5F0080
S205001B60B3CC
S205001B61F985
S205001B62C9B4
S205001B63007C
S205001B6493E8
S205001B6596E4
S205001B660673
S205001B670177
S205001B68B3C4
S205001B6987EF
S205001B6A77FE
S205001B6B0074
S205001B6CB3C0
S205001B6D86EC
S205001B6E363B
S205001B6F016F
S205001B70B3BC
S205001B7185E9
S205001B72F677
S205001B73016B
S205001B743338
S205001B75B7B3
S205001B76E782
S205001B770068
S205001B783334
S205001B7987DF
S205001B7AE580
S205001B7B0064
S205001B7CB3B0
S205001B7D82E0
S205001B7E570A
S205001B7F0060
S205001B80332C
S205001B810658
S205001B82C796
S205001B83015B
S205001B84B3A8
S205001B85B7A3
S205001B86F267
S205001B870058
S205001B88B3A4
S205001B89074F
S205001B8AF65F
S205001B8B0054
S205001B8CB3A0
S205001B8DB69C
S205001B8ED57C
S205001B8F0050
S205001B90B39C
S205001B913519
S205001B92B796
S205001B93004C
S205001B94B398
S205001B95E664
S205001B96B693
S205001B970048
S205001B983314
S205001B99370F
S205001B9AE65F
S205001B9B0044
S205001B9C93B0
S205001B9D55ED
S205001B9E043D
S205001B9F013F
S205001BA0330C
S205001BA1B688
S205001BA2C776
S205001BA3003C
S205001BA4B388
S205001BA586B4
S205001BA6B683
S205001BA70038
S205001BA81324
S205001BA99A9C
S205001BAA92A3
S205001BAB0034
S205001BAC3300
S205001BAD67CB
S205001BAEC76A
S205001BAF0030
S205001BB033FC
S205001BB10727
S205001BB2D756
S205001BB3002C
S205001BB433F8
S205001BB56AC0
S205001BB6DA4F
S205001BB70127
S205001BB833F4
S205001BB9071F
S205001BBAE73E
S205001BBB0123
S205001BBC33F0
S205001BBD3AE8
S205001BBE40E1
S205001BBF011F
S205001BC0938C
S205001BC1D24C
S205001BC272AB
S205001BC3011B
S205001BC41308
S205001BC51703
S205001BC69782
S205001BC70018
S205001BC89384
S205001BC9D640
S205001BCA779E
S205001BCB0113
S205001BCC33E0
S205001BCD6AA8
S205001BCE5AB7
S205001BCF0010
S205001BD0937C
S205001BD19777
S205001BD29776
S205001BD3000C
S205001BD433D8
S205001BD56AA0
S205001BD6FA0F
S205001BD70008
S205001BD89374
S205001BD917EF
S205001BDA778E
S205001BDB0004
S205001BDCB350
S205001BDD649E
S205001BDED72A
S205001BDF0000
S205001BE0639C
S205001BE1D02E
S205001BE207F6
S205001BE302FA
S205001BE49368
S205001BE557A3
S205001BE61ADF
S205001BE700F8
S205001BE813E4
S205001BE97A7C
S205001BEA1ADB
S205001BEB00F4
S205001BEC13E0
S205001BED975B
S205001BEEF4FD
S205001BEF01EF
S205001BF0B33C
S205001BF1E707
S205001BF247A6
S205001BF301EB
S205001BF433B8
S205001BF5EA00
S205001BF6E702
S205001BF700E8
S205001BF89354
S205001BF9D412
S205001BFA14D1
S205001BFB00E4
S205001BFC13D0
S205001BFD835F
S205001BFE08D9
S205001BFF00E0
S205001C00934B
S205001C0107D6
S205001C02F3E9
S205001C033F9C
S205001C046377
S205001C055683
S205001C06F0E8
S205001C0712C5
S205001C0813C3
S205001C09775E
S205001C0A7A5A
S205001C0B00D3
S205001C0C636F
S205001C0D00D1
S205001C0E07C9
S205001C0F02CD
S205001C1013BB
S205001C117756
S205001C12FAD2
S205001C1300CB
S205001C149337
S205001C1506C3
S205001C164088
S205001C1700C7
S205001C186363
S205001C190ABB
S205001C1AD7ED
S205001C1B00C3
S205001C1C13AF
S205001C1D07BA
S205001C1E4A76
S205001C1F00BF
S205001C20338B
S205001C213A83
S205001C224775
S205001C2301BA
S205001C24B307
S205001C258435
S205001C264474
S205001C2701B6
S205001C2813A3
S205001C290AAB
S205001C2A07AD
S205001C2B00B3
S205001C2C139F
S205001C2D971A
S205001C2E743C
S205001C2F00AF
S205001C30634B
S205001C315A53
S205001C3207A5
S205001C3300AB
S205001C34B7F3
S205001C3507A2
S205001C3600A8
S205001C37FFA8
S205001C389313
S205001C39871E
S205001C3AF7AD
S205001C3BFFA4
S205001C3CB3EF
S205001C3DF4AD
S205001C3EF4AC
S205001C3F009F
S205001C40930B
S205001C410796
S205001C420399
S205001C43405B
S205001C441387
S205001C450792
S205001C46E0B8
S205001C477F18
S205001C486333
S205001C494451
S205001C4AF79D
S205001C4B1C77
S205001C4C137F
S205001C4D5A37
S205001C4E3A56
S205001C4F008F
S205001C50137B
S205001C5197F6
S205001C52D4B8
S205001C53018A
S205001C5493F7
S205001C5596F3
S205001C5694F4
S205001C570087
S205001C583353
S205001C59671E
S205001C5A473D
S205001C5B0182
S205001C5C93EF
S205001C5DD6AB
S205001C5EC6BA
S205001C5F007F
S205001C6093EB
S205001C61F786
S205001C62F785
S205001C637FFC
S205001C646F0B
S205001C65F089
S205001C669FD9
S205001C67C8AF
S205001C683343
S205001C69EA8B
S205001C6AA4D0
S205001C6B0073
S205001C6C630F
S205001C6D0869
S205001C6E0A66
S205001C6F0669
S205001C70630B
S205001C718EDF
S205001C720468
S205001C731259
S205001C741357
S205001C7585E4
S205001C760464
S205001C770067
S205001C78EF77
S205001C791055
S205001C7A4024
S205001C7B2D36
S205001C7C134F
S205001C7D075A
S205001C7E055B
S205001C7F005F
S205001C8093CB
S205001C810657
S205001C825507
S205001C83FF5C
S205001C8493C7
S205001C850752
S205001C86D088
S205001C870156
S205001C881343
S205001C890A4B
S205001C8A87CD
S205001C8BFF54
S205001C8CB39F
S205001C8D87CA
S205001C8ED779
S205001C8F400F
S205001C90B39B
S205001C9157F6
S205001C92F458
S205001C93004B
S205001C94B397
S205001C9596B3
S205001C964404
S205001C970146
S205001C98B393
S205001C99E461
S205001C9AD76D
S205001C9B0043
S205001C9C330F
S205001C9D1A27
S205001C9E44FC
S205001C9F013E
S205001CA093AB
S205001CA10736
S205001CA2D06C
S205001CA3C07B
S205001CA43307
S205001CA58CAD
S205001CA6E751
S205001CA740F7
S205001CA81323
S205001CA90B2A
S205001CAA0034
S205001CAB0033
S205001CAC939F
S205001CAD0B26
S205001CAE0030
S205001CAF002F
S205001CB06FBF
S205001CB1F03D
S205001CB29F8D
S205001CB3B07B
S205001CB41317
S205001CB588A1
S205001CB60523
S205001CB70027
S205001CB89393
S205001CB9071E
S205001CBAF034
S205001CBB7FA4
S205001CBC938F
S205001CBD061B
S205001CBE0020
S205001CBF001F
S205001CC0130B
S205001CC10716
S205001CC2001C
S205001CC3001B
S205001CC46FAB
S205001CC5F029
S205001CC69F79
S205001CC7C255
S205001CC81303
S205001CC90A0B
S205001CCA050F
S205001CCB0013
S205001CCC13FF
S205001CCD0B06
S205001CCEC050
S205001CCF000F
S205001CD013FB
S205001CD10C01
S205001CD2F01C
S205001CD37F8C
S205001CD49377
S205001CD50BFE
S205001CD630D8
S205001CD70007
S205001CD86F97
S205001CD9F015
S205001CDA1FE5
S205001CDBAE55
S205001CDC936F
S205001CDD04FD
S205001CDE0000
S205001CDF00FF
S205001CE013EB
S205001CE10BF2
S205001CE240BC
S205001CE300FB
S205001CE413E7
S205001CE50CED
S205001CE600F8
S205001CE700F7
S205001CE89363
S205001CE90BEA
S205001CEA10E4
S205001CEB00F3
S205001CEC6F83
S205001CEDF001
S205001CEEDF11
S205001CEFAC43
S205001CF013DB
S205001CF16B82
S205001CF21BD1
S205001CF300EB
S205001CF413D7
S205001CF503E6
S205001CF60CDC
S205001CF700E7
S205001CF813D3
S205001CF904E1
S205001CFA00E4
S205001CFB00E3
S205001CFC13CF
S205001CFD0ED3
S205001CFE00E0
S205001CFF00DF
S205001D00934A
S205001D0106D6
S205001D0210CB
S205001D0300DA
S205001D046F6A
S205001D05F0E8
S205001D06DFF8
S205001D07AF27
S205001D0813C2
S205001D096B69
S205001D0A2BA8
S205001D0B00D2
S205001D0C13BE
S205001D0D04CC
S205001D0E00CF
S205001D0F00CE
S205001D1013BA
S205001D110EBE
S205001D1200CB
S205001D1300CA
S205001D149336
S205001D1506C2
S205001D1620A7
S205001D1700C6
S205001D186F56
S205001D19F0D4
S205001D1A9F24
S205001D1BAE14
S205001D1C932E
S205001D1D04BC
S205001D1E04BB
S205001D1F00BE
S205001D2013AA
S205001D210AB2
S205001D220EAD
S205001D2300BA
S205001D249326
S205001D258B2D
S205001D2606B1
S205001D2700B6
S205001D289322
S205001D29852F
S205001D2A09AA
S205001D2B00B2
S205001D2C6F42
S205001D2DF0C0
S205001D2E9F10
S205001D2FB9F5
S205001D30139A
S205001D3107A5
S205001D32109B
S205001D3300AA
S205001D346346
S205001D359018
S205001D3607A0
S205001D371096
S205001D381392
S205001D3903A1
S205001D3AE3C0
S205001D3B4161
S205001D3C336E
S205001D3D168A
S205001D3E6A35
S205001D3F009E
S205001D40336A
S205001D413666
S205001D42C0DB
S205001D43009A
S205001D443366
S205001D459305
S205001D466433
S205001D470096
S205001D483362
S205001D495A3A
S205001D4AEAA9
S205001D4B0092
S205001D4C335E
S205001D4D662A
S205001D4E6629
S205001D4F008E
S205001D50335A
S205001D516626
S205001D524645
S205001D530189
S205001D5493F6
S205001D557711
S205001D567611
S205001D570086
S205001D58B3D2
S205001D59D5AF
S205001D5AE49F
S205001D5B0082
S205001D5C631E
S205001D5D8000
S205001D5E0778
S205001D5F027C
S205001D6093EA
S205001D617705
S205001D62F685
S205001D63007A
S205001D641366
S205001D650771
S205001D664037
S205001D670076
S205001D686312
S205001D698AEA
S205001D6AE78C
S205001D6B0072
S205001D6C93DE
S205001D6D0769
S205001D6E4629
S205001D6F006E
S205001D70333A
S205001D71B6B6
S205001D72C7A4
S205001D73006A
S205001D74B3B6
S205001D7585E3
S205001D76C5A2
S205001D770066
S205001D781352
S205001D7986DE
S205001D7A075C
S205001D7B0062
S205001D7C134E
S205001D7D95CB
S205001D7E85DA
S205001D7F005E
S205001D8093CA
S205001D810755
S205001D82104B
S205001D83005A
S205001D8493C6
S205001D850652
S205001D860057
S205001D870056
S205001D881342
S205001D89074D
S205001D8A0053
S205001D8B0052
S205001D8CE36E
S205001D8D4010
S205001D8E054A
S205001D8FB698
S205001D906FDE
S205001D91004C
S205001D92C08B
S205001D93103A
S205001D941336
S205001D950741
S205001D96F057
S205001D970046
S205001D9863E2
S205001D991034
S205001D9AEB58
S205001D9B1230
S205001D9C132E
S205001D9D0838
S205001D9E003F
S205001D9F003E
S205001DA0B786
S205001DA10636
S205001DA20833
S205001DA3003A
S205001DA41326
S205001DA50731
S205001DA60037
S205001DA70036
S205001DA86FC6
S205001DA9F044
S205001DAA5FD4
S205001DABB47E
S205001DACEF42
S205001DAD1020
S205001DAE002F
S205001DAF1A14
S205001DB0939A
S205001DB10626
S205001DB255D6
S205001DB30129
S205001DB49396
S205001DB50721
S205001DB6C067
S205001DB70125
S205001DB81312
S205001DB9071D
S205001DBA051E
S205001DBB0220
S205001DBCE33E
S205001DBDD44C
S205001DBED748
S205001DBFEC32
S205001DC0130A
S205001DC10517
S205001DC28596
S205001DC3FF1B
S205001DC41306
S205001DC50A0E
S205001DC60017
S205001DC70016
S205001DC8B362
S205001DC91400
S205001DCAA46F
S205001DCB0012
S205001DCC6FA2
S205001DCDF020
S205001DCE5FB0
S205001DCFED21
S205001DD013FA
S205001DD18587
S205001DD20A01
S205001DD3000A
S205001DD4EF1A
S205001DD510F8
S205001DD68087
S205001DD717EF
S205001DD813F2
S205001DD907FD
S205001DDA55AE
S205001DDB0101
S205001DDC936E
S205001DDD07F9
S205001DDEC03F
S205001DDF01FD
S205001DE013EA
S205001DE103F9
S205001DE205F6
S205001DE302F8
S205001DE4E316
S205001DE5D424
S205001DE6E710
S205001DE7AA4C
S205001DE813E2
S205001DE905EF
S205001DEA856E
S205001DEBFFF3
S205001DEC13DE
S205001DED0EE2
S205001DEE00EF
S205001DEF00EE
S205001DF033BA
S205001DF19458
S205001DF2AA41
S205001DF300EA
S205001DF46F7A
S205001DF5F0F8
S205001DF65F88
S205001DF7AB3B
S205001DF813D2
S205001DF908DC
S205001DFA00E3
S205001DFB00E2
S205001DFC934E
S205001DFD07D9
S205001DFEF0EF
S205001DFF7F5F
S205001E00B725
S205001E0106D5
S205001E0208D2
S205001E0300D9
S205001E046F69
S205001E05F0E7
S205001E069F37
S205001E07AE27
S205001E0813C1
S205001E098350
S205001E0A08CA
S205001E0B00D1
S205001E0C6F61
S205001E0DF0DF
S205001E0E5F6F
S205001E0FDFEE
S205001E109339
S205001E1107C4
S205001E12F0DA
S205001E137F4A
S205001E149335
S205001E1506C1
S205001E1600C6
S205001E1700C5
S205001E1813B1
S205001E1907BC
S205001E1A00C2
S205001E1B00C1
S205001E1C6F51
S205001E1DF0CF
S205001E1E1F9F
S205001E1FAD10
S205001E2013A9
S205001E2108B3
S205001E2200BA
S205001E2300B9
S205001E249325
S205001E2507B0
S205001E26F0C6
S205001E277F36
S205001E28B7FD
S205001E2906AD
S205001E2A08AA
S205001E2B00B1
S205001E2C139D
S205001E2D07A8
S205001E2E00AE
S205001E2F00AD
S205001E306F3D
S205001E31F0BB
S205001E32DFCB
S205001E33ABFE
S205001E343375
S205001E3507A0
S205001E36F7AF
S205001E374065
S205001E389311
S205001E39069D
S205001E3A8022
S205001E3B039E
S205001E3CE3BD
S205001E3DC2DD
S205001E3EE6B8
S205001E3FAAF3
S205001E409309
S205001E410695
S205001E42F0AA
S205001E430198
S205001E44E3B5
S205001E45DABD
S205001E46E6B0
S205001E47EEA7
S205001E489301
S205001E49068D
S205001E4A1082
S205001E4BFE93
S205001E4CB3DD
S205001E4D8708
S205001E4EF698
S205001E4F404D
S205001E5093F9
S205001E510685
S205001E52008A
S205001E530287
S205001E54B3D5
S205001E55D7B0
S205001E56F492
S205001E570085
S205001E586321
S205001E59087B
S205001E5AD7AB
S205001E5B0081
S205001E5C136D
S205001E5D037C
S205001E5EE39B
S205001E5F433A
S205001E603349
S205001E6193E8
S205001E626416
S205001E630079
S205001E643345
S205001E656A0D
S205001E666A0C
S205001E670075
S205001E683341
S205001E69363D
S205001E6A4032
S205001E6B0170
S205001E6C333D
S205001E6D6609
S205001E6EF678
S205001E6F006D
S205001E701359
S205001E7177F4
S205001E7276F4
S205001E730069
S205001E7493D5
S205001E750661
S205001E760066
S205001E770065
S205001E786301
S205001E79085B
S205001E7A075B
S205001E7B025F
S205001E7C93CD
S205001E7D77E8
S205001E7EF668
S205001E7F005D
S205001E801349
S205001E810754
S205001E82401A
S205001E830059
S205001E8493C5
S205001E850552
S205001E860056
S205001E870055
S205001E8863F1
S205001E898AC9
S205001E8AE76B
S205001E8B0051
S205001E8C93BD
S205001E8D0748
S205001E8E4608
S205001E8F004D
S205001E903319
S205001E91B695
S205001E92C783
S205001E930049
S205001E94B395
S205001E953512
S205001E96C086
S205001E970045
S205001E981331
S205001E9986BD
S205001E9A073B
S205001E9B0041
S205001E9C93AD
S205001E9D96A9
S205001E9E95A9
S205001E9F003D
S205001EA01329
S205001EA197A4
S205001EA2D565
S205001EA30138
S205001EA493A5
S205001EA5D661
S205001EA6C670
S205001EA70035
S205001EA81321
S205001EA956DD
S205001EAA36FC
S205001EAB0031
S205001EAC33FD
S205001EAD67C8
S205001EAEE648
S205001EAF002D
S205001EB09399
S205001EB10724
S205001EB2002A
S205001EB30029
S205001EB46FB9
S205001EB5F037
S205001EB69F87
S205001EB7A382
S205001EB89391
S205001EB9041F
S205001EBA041E
S205001EBB0021
S205001EBC130D
S205001EBD8A95
S205001EBE0A14
S205001EBF001D
S205001EC09389
S205001EC10B10
S205001EC230EA
S205001EC30019
S205001EC49385
S205001EC58592
S205001EC6090D
S205001EC70015
S205001EC86FA5
S205001EC9F023
S205001ECADF33
S205001ECB9F72
S205001ECCB759
S205001ECD0708
S205001ECE10FE
S205001ECF000D
S205001ED09379
S205001ED18784
S205001ED2F713
S205001ED3FF0A
S205001ED413F5
S205001ED50106
S205001ED60105
S205001ED7FE07
S205001ED8B351
S205001ED9F80B
S205001EDAB74B
S205001EDB0001
S205001EDC33CD
S205001EDDF807
S205001EDED727
S205001EDF00FD
S205001EE09369
S205001EE1D724
S205001EE246B4
S205001EE301F8
S205001EE49365
S205001EE5985F
S205001EE638BE
S205001EE700F5
S205001EE823D1
S205001EE92CC7
S205001EEA8171
S205001EEB00F1
S205001EEC23CD
S205001EED26C9
S205001EEE31BD
S205001EEF01EC
S205001EF013D9
S205001EF1D417
S205001EF2F5F5
S205001EF301E8
S205001EF49355
S205001EF5D90E
S205001EF645A1
S205001EF701E4
S205001EF813D1
S205001EF9578C
S205001EFAD50D
S205001EFB01E0
S205001EFC13CD
S205001EFD18C7
S205001EFE38A6
S205001EFF00DD
S205001F009348
S205001F015585
S205001F02D603
S205001F0301D7
S205001F0423B4
S205001F052EA8
S205001F0611C4
S205001F0700D4
S205001F0823B0
S205001F092AA8
S205001F0A9140
S205001F0B00D0
S205001F0C23AC
S205001F0D28A6
S205001F0E21AC
S205001F0F01CB
S205001F1013B8
S205001F11FFCB
S205001F12F7D2
S205001F137F49
S205001F1413B4
S205001F1503C3
S205001F16F0D5
S205001F177F45
S205001F183390
S205001F19675B
S205001F1A17AA
S205001F1B01BF
S205001F1C932C
S205001F1DF9C5
S205001F1EF9C4
S205001F1F7F3D
S205001F2013A8
S205001F210EAC
S205001F2204B5
S205001F2300B8
S205001F249324
S205001F25189E
S205001F263580
S205001F2700B4
S205001F289320
S205001F29D6DC
S205001F2AF6BB
S205001F2B01AF
S205001F2CB3FC
S205001F2DE5C9
S205001F2E05A8
S205001F2F01AB
S205001F309318
S205001F311E8C
S205001F323673
S205001F3300A8
S205001F346344
S205001F350C9A
S205001F366F36
S205001F372084
S205001F389310
S205001F39C6DC
S205001F3A168B
S205001F3B00A0
S205001F3CB3EC
S205001F3D8717
S205001F3EE9B4
S205001F3F415B
S205001F406338
S205001F410298
S205001F42D4C5
S205001F431682
S205001F44E3B4
S205001F455A3C
S205001F46F0A5
S205001F470094
S205001F486330
S205001F490A88
S205001F4A0F82
S205001F4B246C
S205001F4C632C
S205001F4D840A
S205001F4E6924
S205001F4F3C50
S205001F5093F8
S205001F510684
S205001F528009
S205001F530385
S205001F541374
S205001F550581
S205001F561075
S205001F570084
S205001F586320
S205001F59CEB4
S205001F5AF68B
S205001F5B027E
S205001F5CB7C8
S205001F5D0678
S205001F5E80FD
S205001F5F007C
S205001F60B3C8
S205001F61E595
S205001F62D5A4
S205001F630078
S205001F6493E4
S205001F650670
S205001F66F085
S205001F670173
S205001F686310
S205001F69C4AE
S205001F6AF67B
S205001F6B4E22
S205001F6C93DC
S205001F6D0668
S205001F6E006D
S205001F6F026A
S205001F70B3B8
S205001F7186E4
S205001F72F673
S205001F734028
S205001F743334
S205001F7595D1
S205001F76D590
S205001F770064
S205001F783330
S205001F79D68C
S205001F7AFE63
S205001F7B0060
S205001F7CB3AC
S205001F7D96C8
S205001F7EDE7F
S205001F7F005C
S205001F803328
S205001F8165F5
S205001F82C594
S205001F830058
S205001F84B3A4
S205001F853620
S205001F86D085
S205001F870054
S205001F88B3A0
S205001F89D77B
S205001F8AF55C
S205001F8B0050
S205001F8C331C
S205001F8D65E9
S205001F8ED578
S205001F8F004C
S205001F903318
S205001F910743
S205001F92F752
S205001F934008
S205001F943314
S205001F9585C1
S205001F96A89D
S205001F974004
S205001F983310
S205001F99B68C
S205001F9AA899
S205001F9B0040
S205001F9C93AC
S205001F9D043A
S205001F9E0538
S205001F9F003C
S205001FA03308
S205001FA10931
S205001FA2C772
S205001FA340F8
S205001FA493A4
S205001FA5171F
S205001FA689AC
S205001FA70034
S205001FA863D0
S205001FA9D85A
S205001FAA072A
S205001FAB34FC
S205001FACB778
S205001FAD0727
S205001FAE80AD
S205001FAF002C
S205001FB09398
S205001FB187A3
S205001FB2F732
S205001FB3FF29
S205001FB433F4
S205001FB579AD
S205001FB6F92C
S205001FB70024
S205001FB863C0
S205001FB9061C
S205001FBA0918
S205001FBB2EF2
S205001FBC130C
S205001FBD0519
S205001FBE0914
S205001FBF001C
S205001FC0EF2C
S205001FC1001A
S205001FC2D049
S205001FC378A0
S205001FC49384
S205001FC5070F
S205001FC68590
S205001FC7FF15
S205001FC89380
S205001FC9060C
S205001FCA0011
S205001FCB020E
S205001FCC33DC
S205001FCD8787
S205001FCEF617
S205001FCF40CC
S205001FD033D8
S205001FD1D733
S205001FD2E425
S205001FD30008
S205001FD433D4
S205001FD519ED
S205001FD6F90C
S205001FD70004
S205001FD833D0
S205001FD9679B
S205001FDA27DA
S205001FDB01FF
S205001FDCB34C
S205001FDD946A
S205001FDEF409
S205001FDF00FC
S205001FE06398
S205001FE1C436
S205001FE237C2
S205001FE33FB9
S205001FE4B344
S205001FE5876F
S205001FE637BE
S205001FE741B3
S205001FE89360
S205001FE9876B
S205001FEA17DA
S205001FEB00F0
S205001FECB33C
S205001FED8668
S205001FEEF6F7
S205001FEF40AC
S205001FF033B8
S205001FF19654
S205001FF2D415
S205001FF300E8
S205001FF433B4
S205001FF5D90D
S205001FF6F4F1
S205001FF700E4
S205001FF833B0
S205001FF936AC
S205001FFAC021
S205001FFB00E0
S205001FFC33AC
S205001FFD6678
S205001FFEC914
S205001FFF00DC
S205002000B327
S20500200116C3
S205002002D701
S20500200300D7
S205002004B323
S205002005E4F1
S205002006C60E
S20500200700D3
S205002008339F
S2050020095978
S20500200AF7D9
S20500200B00CF
S20500200C933B
S20500200D09C4
S20500200E00CC
S20500200F00CB
S2050020109337
S205002011F7D2
S2050020127454
S20500201300C7
S2050020146363
S2050020158045
S20500201607BD
S20500201702C1
S205002018932F
S205002019F7CA
S20500201AF4CC
S20500201B00BF
S20500201C13AB
S20500201D07B6
S20500201E407C
S20500201F00BB
S2050020206357
S2050020218A2F
S205002022E7D1
S20500202300B7
S2050020249323
S205002025872E
S2050020264470
S20500202700B3
S205002028337F
S205002029B5FC
S20500202A9719
S20500202B00AF
S20500202C337B
S20500202D09A4
S20500202EA903
S20500202F00AB
S2050020309317
S2050020318425
S20500203207A1
S20500203300A7
S2050020349313
S205002035178E
S205002036891B
S20500203700A3
S205002038633F
S205002039D0D1
S20500203A0799
S20500203B6C33
S20500203C930B
S20500203D8716
S20500203E1983
S20500203F009B
S2050020401387
S2050020410792
S205002042F0A8
S2050020437F18
S2050020446333
S205002045860F
S205002046E7AD
S205002047246F
S205002048375B
S205002049078A
S20500204A8010
S20500204BFF90
S20500204C137B
S20500204D0786
S20500204EF795
S20500204FFF8C
S2050020503357
S2050020517712
S205002052E99F
S2050020530087
S20500205493F3
S205002055F78E
S205002056F78D
S2050020577F04
S205002058136F
S2050020591869
S20500205AD7A9
S20500205B017E
S20500205C136B
S20500205DD5A8
S20500205E3448
S20500205F007B
S2050020601367
S2050020611762
S20500206297E1
S2050020630077
S2050020643343
S205002065680D
S205002066A8CC
S2050020670073
S205002068135F
S205002069571A
S20500206AC7A9
S20500206B006F
S20500206C135B
S20500206D7EEF
S20500206E1458
S20500206F006B
S20500207083E7
S2050020712049
S205002072C1A7
S2050020730166
S2050020740363
S2050020752441
S20500207681E3
S2050020770162
S20500207893CF
S20500207997CA
S20500207A4719
S20500207B015E
S20500207CB3AB
S20500207DE776
S20500207EE775
S20500207F005B
S2050020801347
S2050020811742
S205002082FE5A
S2050020830156
S205002084B3A3
S205002085E76E
S205002086E76D
S2050020870053
S20500208883CF
S205002089242D
S20500208A410F
S20500208B014E
S20500208C034B
S20500208D2924
S20500208E014B
S20500208F014A
S20500209083C7
S2050020912920
S205002092C187
S2050020930047
S2050020941333
S2050020950540
S205002096083C
S2050020970043
S20500209893AF
S20500209985BC
S20500209A0739
S20500209B003F
S20500209C132B
S20500209D013C
S20500209E013B
S20500209F0239
S2050020A067D3
S2050020A180B9
S2050020A20038
S2050020A30037
S2050020A463D3
S2050020A552E3
S2050020A6F044
S2050020A770C3
S2050020A863CF
S2050020A9161B
S2050020AA0F21
S2050020AB1C13
S2050020ACB37B
S2050020ADE647
S2050020AED557
S2050020AF012A
S2050020B063C7
S2050020B18E9B
S2050020B20622
S2050020B32601
S2050020B49393
S2050020B5869F
S2050020B6F72D
S2050020B7FF24
S2050020B863BF
S2050020B98899
S2050020BA061A
S2050020BB46D9
S2050020BC63BB
S2050020BD8C91
S2050020BE67B5
S2050020BF24F7
S2050020C09387
S2050020C10712
S2050020C28098
S2050020C30314
S2050020C41303
S2050020C5090C
S2050020C61004
S2050020C70013
S2050020C863AF
S2050020C9CC45
S2050020CAD739
S2050020CB020D
S2050020CC937B
S2050020CD8786
S2050020CE0606
S2050020CF000B
S2050020D09377
S2050020D10603
S2050020D2F018
S2050020D30106
S2050020D463A3
S2050020D5CA3B
S2050020D6F60E
S2050020D748BB
S2050020D8936F
S2050020D906FB
S2050020DA0000
S2050020DB02FD
S2050020DCB34B
S2050020DD8677
S2050020DEF606
S2050020DF40BB
S2050020E033C7
S2050020E19960
S2050020E2D523
S2050020E300F7
S2050020E433C3
S2050020E5D61F
S2050020E6FEF6
S2050020E700F3
S2050020E8B33F
S2050020E9965B
S2050020EADE12
S2050020EB00EF
S2050020EC33BB
S2050020ED6984
S2050020EEC923
S2050020EF00EB
S2050020F0B337
S2050020F136B3
S2050020F2D018
S2050020F300E7
S2050020F4B333
S2050020F5D70E
S2050020F6F5EF
S2050020F700E3
S2050020F833AF
S2050020F96978
S2050020FAD907
S2050020FB00DF
S2050020FC33AB
S2050020FD07D6
S2050020FEF7E5
S2050020FF00DB
S20500210033A6
S20500210106D2
S20500210219BE
S20500210301D5
S20500210433A2
S205002105399B
S20500210626AD
S20500210701D1
S205002108933E
S20500210904CC
S20500210A06C9
S20500210B00CE
S20500210C339A
S20500210D09C3
S20500210EE9E2
S20500210F00CA
S2050021109336
S20500211117B1
S205002112893E
S20500211300C6
S2050021146362
S205002115D2F2
S20500211607BC
S2050021171EA4
S205002118932E
S2050021198937
S20500211A19A6
S20500211B00BE
S20500211C932A
S20500211D07B5
S20500211EF0CB
S20500211F7F3B
S2050021206356
S2050021218830
S205002122F9BE
S20500212316A0
S205002124B7FE
S20500212507AD
S2050021268033
S205002127FFB3
S205002128931E
S2050021298729
S20500212AF7B8
S20500212BFFAF
S20500212C139A
S20500212DF5B7
S20500212E1497
S20500212F00AA
S205002130B3F6
S2050021317731
S205002132F9AE
S20500213300A6
S2050021341392
S205002135D7CD
S205002136148F
S20500213700A2
S205002138336E
S2050021396739
S20500213AA7F8
S20500213B009E
S20500213C138A
S20500213D9507
S20500213EF7A4
S20500213F0199
S205002140B3E6
S2050021416434
S205002142E5B2
S2050021430096
S2050021441382
S205002145D9BB
S205002146177C
S2050021470092
S2050021486F22
S205002149F0A0
S20500214A9FF0
S20500214BECA2
S20500214C335A
S20500214DE8A4
S20500214ED5B6
S20500214F0189
S2050021501376
S2050021518305
S205002152196E
S2050021538006
S2050021546322
S205002155087C
S205002156087B
S205002157067C
S205002158631E
S2050021590A76
S20500215AD4AB
S20500215B0678
S20500215C631A
S20500215D0478
S20500215E0378
S20500215F0E6C
S2050021606316
S2050021618EEA
S205002162096E
S2050021632650
S2050021641362
S205002165155F
S205002166363D
S2050021670072
S205002168135E
S205002169551B
S20500216A353A
S20500216B006E
S20500216C135A
S20500216D84E8
S20500216E0665
S20500216F006A
S2050021701356
S20500217187E1
S2050021720562
S2050021730066
S2050021741352
S205002175184C
S205002176D78C
S2050021770161
S205002178332E
S20500217968F8
S20500217AA8B7
S20500217B005E
S20500217C134A
S20500217D5705
S20500217E3724
S20500217F005A
S2050021803326
S20500218167F1
S2050021820750
S2050021830155
S20500218463F2
S205002185064E
S205002186074C
S2050021871042
S205002188133E
S2050021890E42
S20500218A004F
S20500218B004E
S20500218C93BA
S20500218D0745
S20500218EF05B
S20500218F7FCB
S2050021903712
S2050021910741
S205002192083F
S2050021930046
S2050021941332
S205002195083C
S2050021960043
S2050021970042
S2050021986FD2
S205002199F050
S20500219A9FA0
S20500219BED51
S20500219CB38A
S20500219DE656
S20500219ED566
S20500219F0139
S2050021A063D6
S2050021A186B2
S2050021A20631
S2050021A3181E
S2050021A493A2
S2050021A586AE
S2050021A6F73C
S2050021A7FF33
S2050021A863CE
S2050021A982AE
S2050021AA0629
S2050021AB3AF4
S2050021AC63CA
S2050021AD84A8
S2050021AE67C4
S2050021AF1614
S2050021B09396
S2050021B10721
S2050021B280A7
S2050021B30323
S2050021B41312
S2050021B5051F
S2050021B61013
S2050021B70022
S2050021B8E33E
S2050021B9CE52
S2050021BAD748
S2050021BBDC42
S2050021BC938A
S2050021BD8795
S2050021BE0615
S2050021BF001A
S2050021C06FAA
S2050021C1F028
S2050021C25FB8
S2050021C3DA3C
S2050021C49382
S2050021C5C64E
S2050021C616FD
S2050021C70012
S2050021C8E32E
S2050021C91AF6
S2050021CAD43B
S2050021CBF816
S2050021CC63AA
S2050021CD0804
S2050021CE0308
S2050021CF18F2
S2050021D063A6
S2050021D19078
S2050021D209FE
S2050021D32CDA
S2050021D49372
S2050021D507FD
S2050021D6F013
S2050021D77F83
S2050021D8B34E
S2050021D9669A
S2050021DA17E8
S2050021DB01FD
S2050021DC639A
S2050021DD8874
S2050021DE06F5
S2050021DF48B2
S2050021E09366
S2050021E18672
S2050021E2F700
S2050021E3FFF7
S2050021E46392
S2050021E58272
S2050021E606ED
S2050021E734BE
S2050021E813DE
S2050021E905EB
S2050021EAF0FF
S2050021EB7F6F
S2050021EC638A
S2050021ED826A
S2050021EEA744
S2050021EF2AC0
S2050021F09356
S2050021F107E1
S2050021F28067
S2050021F303E3
S2050021F413D2
S2050021F509DB
S2050021F610D3
S2050021F700E2
S2050021F8637E
S2050021F9CA16
S2050021FAD708
S2050021FB02DC
S2050021FC934A
S2050021FD07D5
S2050021FEF0EB
S2050021FF01D9
S2050022006375
S205002201C611
S205002202D7FF
S2050022034C89
S2050022049341
S20500220507CC
S20500220600D2
S20500220702CF
S205002208B31D
S2050022098748
S20500220AD7F7
S20500220B408D
S20500220C3399
S20500220D19B2
S20500220EF7D3
S20500220F00C9
S2050022103395
S205002211D6F1
S205002212D8EE
S20500221300C5
S205002214B311
S205002215972C
S205002216F8CA
S20500221700C1
S205002218338D
S2050022196956
S20500221AC9F5
S20500221B00BD
S20500221CB309
S20500221D3784
S20500221EF0CA
S20500221F00B9
S205002220B305
S2050022215661
S205002222D7DF
S20500222300B5
S2050022243381
S205002225694A
S205002226F9B9
S20500222700B1
S205002228B3FD
S205002229852A
S20500222AD5D9
S20500222B00AD
S20500222C3379
S20500222D07A4
S20500222ED9D1
S20500222F01A8
S2050022303375
S205002231396E
S205002232277F
S20500223301A4
S2050022349311
S205002235049F
S205002236079B
S20500223700A1
S205002238336D
S2050022390996
S20500223AB9E5
S20500223B009D
S20500223C9309
S20500223D0992
S20500223E0F8B
S20500223F0099
S2050022406F29
S205002241F0A7
S2050022421F77
S205002243EDA8
S2050022449301
S205002245870C
S2050022461979
S2050022470091
S20500224893FD
S205002249F798
S20500224AE7A7
S20500224B7F0E
S20500224C6329
S20500224D94F7
S20500224E0783
S20500224F1475
S2050022503355
S205002251E89F
S205002252D5B1
S2050022530184
S205002254B3D1
S205002255671C
S205002256176B
S2050022570180
S205002258631D
S20500225994EB
S20500225A0975
S20500225B2A53
S20500225C6319
S20500225D8EED
S20500225E0773
S20500225F3841
S2050022606315
S2050022611067
S205002262086E
S2050022633C39
S2050022641361
S205002265155E
S205002266353D
S2050022670071
S205002268135D
S2050022695916
S20500226A3539
S20500226B006D
S20500226C93D9
S20500226D0764
S20500226E006A
S20500226F0069
S2050022706FF9
S2050022710067
S2050022724026
S2050022731154
S2050022746301
S20500227580E3
S20500227669F9
S2050022770A57
S20500227893CD
S2050022790659
S20500227A80DE
S20500227B035A
S20500227C1349
S20500227D0952
S20500227E104A
S20500227F0059
S205002280E375
S205002281C097
S205002282F660
S205002283E86D
S205002284B79D
S205002285064D
S20500228680D2
S2050022870051
S205002288B39D
S205002289E56A
S20500228AD579
S20500228B004D
S20500228C6FDD
S20500228DF05B
S20500228E5FEB
S20500228FE465
S2050022901335
S2050022917EC9
S2050022921432
S2050022930045
S20500229493B1
S205002295073C
S205002296F052
S2050022977FC2
S205002298132D
S2050022990738
S20500229A003E
S20500229B003D
S20500229C1329
S20500229D0833
S20500229E003A
S20500229F0039
S2050022A06FC9
S2050022A1F047
S2050022A21F17
S2050022A3DD58
S2050022A41321
S2050022A585AE
S2050022A6042E
S2050022A70031
S2050022A8EF41
S2050022A9002F
S2050022AA50DE
S2050022AB4AE3
S2050022AC9399
S2050022AD0724
S2050022AE85A5
S2050022AF0128
S2050022B09395
S2050022B10621
S2050022B2F036
S2050022B30124
S2050022B4E341
S2050022B5DA49
S2050022B6F62C
S2050022B7D051
S2050022B8130D
S2050022B90718
S2050022BA8599
S2050022BBFF1E
S2050022BC33E9
S2050022BD9784
S2050022BEE436
S2050022BF0019
S2050022C063B5
S2050022C1CE49
S2050022C237DF
S2050022C31BFA
S2050022C4B361
S2050022C5898A
S2050022C637DB
S2050022C741D0
S2050022C8937D
S2050022C98788
S2050022CA19F5
S2050022CB000D
S2050022CC63A9
S2050022CDDE2D
S2050022CEF614
S2050022CF42C7
S2050022D09375
S2050022D1897E
S2050022D219ED
S2050022D3FE07
S2050022D49371
S2050022D506FD
S2050022D60002
S2050022D702FF
S2050022D8B34D
S2050022D954AB
S2050022DA37C7
S2050022DB01FC
S2050022DC6399
S2050022DD8C6F
S2050022DED723
S2050022DF00F9
S2050022E09365
S2050022E106F1
S2050022E200F6
S2050022E304F1
S2050022E4B341
S2050022E5876C
S2050022E6F6FC
S2050022E740B1
S2050022E833BD
S2050022E917D8
S2050022EAF7F7
S2050022EB00ED
S2050022EC33B9
S2050022ED37B4
S2050022EEE00A
S2050022EF00E9
S2050022F0B335
S2050022F1E403
S2050022F2E402
S2050022F300E5
S2050022F49351
S2050022F509DA
S2050022F600E2
S2050022F700E1
S2050022F8934D
S2050022F9F7E8
S2050022FA746A
S2050022FB00DD
S2050022FCE3F9
S2050022FD9E3D
S2050022FE07D3
S2050022FFD009
S2050023009344
S205002301874F
S20500230209CC
S20500230300D4
S20500230413C0
S205002305D5FD
S205002306349D
S20500230700D0
S20500230813BC
S20500230907C7
S20500230A09C4
S20500230B00CC
S20500230C6F5C
S20500230D00CA
S20500230E8049
S20500230F02C6
S205002310E3E4
S2050023111CAA
S20500231208BD
S205002313E6DE
S20500231413B0
S20500231515AD
S205002316358C
S20500231700C0
S20500231813AC
S20500231918A6
S20500231AD7E6
S20500231B01BB
S20500231C13A8
S20500231D5565
S20500231E3584
S20500231F00B8
S2050023203384
S205002321684E
S205002322A80D
S20500232300B4
S20500232413A0
S205002325575B
S205002326377A
S20500232700B0
S2050023286F40
S205002329F0BE
S20500232A9F0E
S20500232BE5C7
S20500232C1398
S20500232D1595
S20500232E3574
S20500232F00A8
S2050023301394
S2050023315551
S2050023323570
S20500233300A4
S2050023341390
S205002335188A
S205002336D7CA
S205002337019F
S205002338930C
S2050023390698
S20500233AF0AD
S20500233B7F1D
S20500233C3368
S20500233D6832
S20500233EA8F1
S20500233F0098
S2050023401384
S205002341573F
S205002342375E
S2050023430094
S205002344E3B0
S2050023458E04
S205002346D7BA
S205002347E2AE
S205002348137C
S2050023491777
S20500234AC7C6
S20500234B008C
S20500234C1378
S20500234D5733
S20500234EC7C2
S20500234F0088
S20500235093F4
S205002351F78F
S205002352F78E
S2050023537F05
S2050023541370
S2050023557E04
S205002356146D
S2050023570080
S2050023586F10
S205002359F08E
S20500235A9FDE
S20500235BD1AB
S20500235C93E8
S20500235D86F4
S20500235E1960
S20500235F0078
S20500236093E4
S205002361F77F
S205002362E68F
S2050023637FF5
S2050023646310
S2050023659ED4
S205002366076A
S205002367125E
S205002368B3BC
S2050023696707
S20500236A1756
S20500236B016B
S20500236C6308
S20500236D9AD0
S20500236E0960
S20500236F2444
S2050023706304
S20500237186E0
S205002372075E
S2050023733034
S205002374B3B0
S205002375E77B
S205002376D58C
S205002377015F
S20500237863FC
S2050023799AC4
S20500237A0756
S20500237B302C
S20500237C1348
S20500237D1545
S20500237E3524
S20500237F0058
S2050023801344
S20500238159FD
S2050023823520
S2050023830054
S2050023841340
S205002385183A
S205002386D77A
S205002387014F
S205002388331C
S20500238968E6
S20500238A2825
S20500238B014B
S20500238C1338
S20500238D57F3
S20500238E3712
S20500238F0048
S2050023906FD8
S205002391F056
S2050023929FA6
S205002393FB49
S2050023943310
S20500239588BA
S205002396D869
S20500239741FF
S205002398B38C
S205002399B787
S20500239A0835
S20500239B013B
S20500239C3308
S20500239D0931
S20500239EB782
S20500239F40F8
S2050023A03304
S2050023A1092D
S2050023A2F93C
S2050023A340F4
S2050023A493A0
S2050023A5171B
S2050023A689A8
S2050023A70030
S2050023A8939C
S2050023A9042A
S2050023AA0825
S2050023AB002C
S2050023AC63C8
S2050023ADC268
S2050023AE0722
S2050023AF1216
S2050023B033F4
S2050023B168BE
S2050023B228FD
S2050023B30123
S2050023B4E340
S2050023B51210
S2050023B60819
S2050023B7C060
S2050023B8130C
S2050023B90E10
S2050023BA001D
S2050023BB001C
S2050023BC9388
S2050023BD0713
S2050023BE0019
S2050023BF0018
S2050023C01304
S2050023C1070F
S2050023C20015
S2050023C30014
S2050023C46FA4
S2050023C5F022
S2050023C6DF32
S2050023C7CA46
S2050023C837D8
S2050023C90905
S2050023CA808D
S2050023CBFF0D
S2050023CC13F8
S2050023CD0901
S2050023CEF910
S2050023CFFF09
S2050023D0B354
S2050023D1897D
S2050023D2F90C
S2050023D340C4
S2050023D433D0
S2050023D57989
S2050023D627DA
S2050023D701FF
S2050023D86F90
S2050023D9F00E
S2050023DA9F5E
S2050023DBC339
S2050023DC9368
S2050023DD07F3
S2050023DEF009
S2050023DF7F79
S2050023E033C4
S2050023E16591
S2050023E217DE
S2050023E301F3
S2050023E46390
S2050023E504EE
S2050023E605EC
S2050023E710E0
S2050023E813DC
S2050023E98866
S2050023EAF7F6
S2050023EBFFED
S2050023EC6388
S2050023ED02E8
S2050023EE08E1
S2050023EF1ECA
S2050023F013D4
S2050023F105E1
S2050023F2F0F5
S2050023F37F65
S2050023F4E300
S2050023F5885A
S2050023F6A73A
S2050023F7D60A
S2050023F8934C
S2050023F907D7
S2050023FA805D
S2050023FB03D9
S2050023FC13C8
S2050023FD8456
S2050023FE06D3
S2050023FF00D8
S20500240013C3
S20500240105D0
S20500240210C4
S20500240300D3
S205002404636F
S205002405CA07
S20500240607C9
S20500240703CC
S205002408933B
S20500240907C6
S20500240AF0DC
S20500240B01CA
S20500240C6367
S20500240DC405
S20500240E07C1
S20500240F19AE
S2050024109333
S20500241107BE
S20500241200C4
S20500241302C1
S205002414B30F
S205002415873A
S20500241607B9
S205002417417E
S205002418338B
S20500241915A8
S20500241AF7C5
S20500241B00BB
S20500241CB307
S20500241DD6E3
S20500241E08B0
S20500241F01B6
S205002420B303
S205002421971E
S205002422F8BC
S20500242300B3
S205002424337F
S205002425654C
S205002426D5DB
S20500242700AF
S205002428B3FB
S2050024293776
S20500242AF0BC
S20500242B00AB
S20500242C3377
S20500242D5851
S20500242E07A1
S20500242F01A6
S2050024303373
S2050024316540
S205002432F5AF
S20500243300A3
S205002434B3EF
S205002435851C
S205002436059B
S205002437415E
S205002438336B
S2050024398518
S20500243AAEEE
S20500243B405B
S20500243C3367
S20500243DB7E2
S20500243EAEEA
S20500243F0097
S2050024409303
S2050024410491
S205002442058F
S2050024430093
S205002444335F
S2050024458908
S205002446E5AB
S205002447404F
S20500244893FB
S2050024490984
S20500244A0F7D
S20500244B008B
S20500244C6F1B
S20500244DF099
S20500244E9FE9
S20500244FB5D2
S20500245093F3
S20500245186FF
S205002452077D
S205002453FE85
S205002454136F
S205002455067B
S2050024560080
S205002457027D
S205002458B3CB
S205002459D6A7
S20500245AD5A7
S20500245B007B
S20500245C6317
S20500245D8AEF
S20500245EC7B1
S20500245F0077
S2050024601363
S205002461066F
S2050024620074
S205002463046F
S205002464B3BF
S205002465076A
S205002466F67A
S205002467402F
S205002468B3BB
S20500246997D6
S20500246AF577
S20500246B006B
S20500246CB3B7
S20500246DEE7B
S20500246EFE6A
S20500246F0067
S2050024703333
S2050024713530
S205002472D094
S2050024730162
S205002474332F
S20500247565FC
S205002476D58B
S205002477005F
S2050024786FEF
S205002479F06D
S20500247ADF7D
S20500247BB1AA
S20500247CB7A3
S20500247D0653
S20500247E80D8
S20500247FFF58
S20500248093C3
S20500248186CF
S205002482F65E
S205002483FF54
S205002484B39F
S20500248587CA
S205002486F957
S205002487400F
S205002488331B
S20500248977D6
S20500248AD775
S20500248B004B
S20500248C6FDB
S20500248DF059
S20500248E9FA9
S20500248FEF58
S2050024901333
S2050024911530
S205002492360E
S2050024930043
S205002494132F
S20500249555EC
S205002496350B
S205002497003F
S205002498132B
S20500249987B6
S20500249A0537
S20500249B003B
S20500249C6FCB
S20500249DF049
S20500249E9F99
S20500249FCD6A
S2050024A093A3
S2050024A1072E
S2050024A2F044
S2050024A37FB4
S2050024A4E34F
S2050024A586AB
S2050024A6F63A
S2050024A7DE51
S2050024A8B37B
S2050024A98E9F
S2050024AAD854
S2050024AB012A
S2050024AC33F7
S2050024ADB673
S2050024AE1E0A
S2050024AF0126
S2050024B0B373
S2050024B1071E
S2050024B2B76D
S2050024B30023
S2050024B4B36F
S2050024B5879A
S2050024B6C759
S2050024B7001F
S2050024B8130B
S2050024B99588
S2050024BAF725
S2050024BB011A
S2050024BC9387
S2050024BDDE3B
S2050024BE1EFA
S2050024BF0017
S2050024C0B363
S2050024C164B1
S2050024C2D53F
S2050024C30112
S2050024C413FF
S2050024C5D938
S2050024C617F9
S2050024C7000F
S2050024C8937B
S2050024C98984
S2050024CA0606
S2050024CB000B
S2050024CC6F9B
S2050024CDF019
S2050024CE5FA9
S2050024CFB453
S2050024D033D3
S2050024D1867F
S2050024D21EE6
S2050024D341C2
S2050024D4B34F
S2050024D5877A
S2050024D6E51B
S2050024D740BF
S2050024D833CB
S2050024D9B746
S2050024DACE2E
S2050024DB00FB
S2050024DC9367
S2050024DD04F5
S2050024DE06F2
S2050024DF00F7
S2050024E033C3
S2050024E1896C
S2050024E2E70D
S2050024E340B3
S2050024E413DF
S2050024E5846D
S2050024E606EA
S2050024E700EF
S2050024E86F7F
S2050024E9F0FD
S2050024EA1FCD
S2050024EBAD3E
S2050024EC13D7
S2050024ED16D3
S2050024EE36B2
S2050024EF00E7
S2050024F013D3
S2050024F15590
S2050024F236AE
S2050024F300E3
S2050024F413CF
S2050024F5845D
S2050024F606DA
S2050024F700DF
S2050024F813CB
S2050024F98756
S2050024FA05D7
S2050024FB00DB
S2050024FC6F6B
S2050024FDF0E9
S2050024FE9F39
S2050024FFE3F4
S205002500E3F2
S205002501983C
S20500250207CC
S205002503E0F2
S205002504636E
S20500250506CA
S20500250608C7
S20500250722AC
S20500250813BA
S205002509D7F5
S20500250A3596
S20500250B00CA
S20500250C13B6
S20500250D16B2
S20500250E3691
S20500250F00C6
S2050025109332
S205002511952F
S205002512D5EE
S20500251301C1
S205002514338E
S2050025156759
S205002516B708
S20500251700BE
S20500251813AA
S2050025195666
S20500251A3685
S20500251B00BA
S20500251C3386
S20500251D6751
S20500251EC7F0
S20500251F00B6
S20500252013A2
S2050025218430
S20500252206AD
S20500252300B2
S2050025246F42
S205002525F0C0
S2050025261F90
S205002527C6E8
S205002528B3FA
S2050025298E1E
S20500252AD8D3
S20500252B01A9
S20500252CB3F6
S20500252D05A3
S20500252EB7F0
S20500252F00A6
S2050025303372
S205002531B6EE
S2050025321E85
S20500253301A1
S205002534336E
S2050025358917
S205002536C5DA
S205002537009E
S205002538930A
S2050025391785
S20500253A8912
S20500253B009A
S20500253C9306
S20500253D8414
S20500253E0E89
S20500253F0096
S2050025406332
S205002541D8BC
S205002542078C
S2050025430A88
S20500254493FE
S2050025450987
S205002546206F
S205002547008E
S2050025486F1E
S205002549F09C
S20500254ADFAC
S20500254BBDCD
S20500254CB3D6
S20500254D8EFA
S20500254ED8AF
S20500254F4145
S205002550B3D2
S205002551057F
S205002552B7CC
S2050025534042
S205002554334E
S205002555B6CA
S205002556D8A7
S205002557017D
S20500255893EA
S20500255984F8
S20500255A0E6D
S20500255B007A
S20500255C3346
S20500255D89EF
S20500255EC5B2
S20500255F4036
S20500256093E2
S205002561096B
S2050025621063
S2050025630072
S2050025646F02
S205002565F080
S2050025661F50
S205002567A4CA
S20500256893DA
S20500256986E6
S20500256A0764
S20500256BFE6C
S20500256C1356
S20500256D0662
S20500256E0067
S20500256F0264
S205002570B3B2
S205002571D68E
S205002572D58E
S2050025730062
S20500257463FE
S2050025758AD6
S205002576C798
S205002577005E
S205002578134A
S2050025790656
S20500257A005B
S20500257B0456
S20500257CB3A6
S20500257D0751
S20500257EF661
S20500257F4016
S205002580B3A2
S20500258197BD
S205002582F55E
S2050025830052
S205002584B39E
S205002585EE62
S205002586FE51
S205002587004E
S205002588331A
S2050025893913
S20500258AD07B
S20500258B0149
S20500258C3316
S20500258D69DF
S20500258ED96E
S20500258F0046
S2050025906FD6
S205002591F054
S2050025921F24
S205002593B78B
S20500259493AE
S2050025950739
S2050025960837
S205002597FE40
S20500259893AA
S2050025990636
S20500259A003B
S20500259B0238
S20500259CB386
S20500259D57E1
S20500259EF740
S20500259F0036
S2050025A063D2
S2050025A10A2A
S2050025A2D85B
S2050025A30032
S2050025A4939E
S2050025A5062A
S2050025A6002F
S2050025A7042A
S2050025A8B37A
S2050025A986A6
S2050025AA0625
S2050025AB41E9
S2050025AC33F6
S2050025AD1711
S2050025AED750
S2050025AF0026
S2050025B0B372
S2050025B1E83C
S2050025B2E83B
S2050025B30022
S2050025B433EE
S2050025B535EB
S2050025B6100F
S2050025B7011D
S2050025B833EA
S2050025B965B7
S2050025BAF526
S2050025BB001A
S2050025BC6FAA
S2050025BDF028
S2050025BEDF38
S2050025BFE72F
S2050025C0E332
S2050025C1888C
S2050025C2070C
S2050025C3EC26
S2050025C4B35E
S2050025C5EE22
S2050025C6D53A
S2050025C7010D
S2050025C8E32A
S2050025C9907C
S2050025CA0EFD
S2050025CBBC4E
S2050025CC6F9A
S2050025CDF018
S2050025CE9F68
S2050025CFD432
S2050025D033D2
S2050025D1867E
S2050025D21EE5
S2050025D341C1
S2050025D4B34E
S2050025D5857B
S2050025D6E51A
S2050025D740BE
S2050025D833CA
S2050025D9B745
S2050025DACE2D
S2050025DB00FA
S2050025DC9366
S2050025DD04F4
S2050025DE06F1
S2050025DF00F6
S2050025E033C2
S2050025E1896B
S2050025E2E50E
S2050025E340B2
S2050025E413DE
S2050025E5846C
S2050025E606E9
S2050025E700EE
S2050025E8935A
S2050025E909E3
S2050025EA10DB
S2050025EB00EA
S2050025EC6F7A
S2050025EDF0F8
S2050025EE9F48
S2050025EF9B4B
S2050025F09352
S2050025F107DD
S2050025F210D3
S2050025F300E2
S2050025F46F72
S2050025F5F0F0
S2050025F61FC0
S2050025F7D10D
S2050025F8E3FA
S2050025F900DC
S2050025FA08D3
S2050025FBDCFE
S2050025FC13C6
S2050025FD16C2
S2050025FE36A1
S2050025FF00D6
S2050026009341
S205002601577C
S205002602369C
S20500260300D1
S20500260413BD
S2050026059837
S205002606D5F9
S20500260701CC
S20500260813B9
S2050026099734
S20500260A9535
S20500260B00C9
S20500260C3395
S20500260D685F
S20500260EF8CE
S20500260F00C5
S20500261013B1
S205002611576C
S205002612C7FB
S20500261300C1
S20500261413AD
S2050026158E31
S20500261606B8
S20500261700BD
S2050026189329
S20500261907B4
S20500261A00BA
S20500261B00B9
S20500261C6F49
S20500261DF0C7
S20500261E5F57
S20500261FA510
S2050026203381
S205002621892A
S205002622D8DA
S2050026234170
S205002624B3FD
S205002625B7F8
S2050026262886
S20500262701AC
S2050026283379
S20500262906A5
S20500262AB7F3
S20500262B4069
S20500262C3375
S20500262D06A1
S20500262EF6B0
S20500262F4065
S2050026309311
S205002631178C
S205002632861C
S20500263300A1
S205002634633D
S205002635D2CD
S2050026360797
S2050026370E8F
S2050026383369
S2050026398615
S20500263A1E7C
S20500263B4158
S20500263C3365
S20500263D8710
S20500263EE5B1
S20500263F4055
S205002640B3E1
S205002641BED5
S205002642CEC4
S2050026430091
S205002644335D
S2050026450788
S205002646D7B7
S205002647414C
S20500264893F9
S2050026491774
S20500264A8703
S20500264B0089
S20500264C93F5
S20500264D0483
S20500264E0680
S20500264F0085
S2050026506321
S205002651DEA5
S205002652077B
S205002653126F
S205002654B7C9
S2050026550778
S20500265680FE
S205002657FF7E
S20500265893E9
S20500265987F4
S20500265AF783
S20500265BFF7A
S20500265C3345
S20500265D7700
S20500265EF77F
S20500265F0075
S2050026601361
S20500266184EF
S205002662066C
S2050026630071
S20500266493DD
S2050026650768
S205002666105E
S205002667006D
S2050026686FFD
S205002669F07B
S20500266A1F4B
S20500266B9FCA
S20500266C1355
S20500266D1651
S20500266E3630
S20500266F0065
S2050026701351
S205002671550E
S205002672362C
S2050026730061
S205002674134D
S20500267587D8
S2050026760559
S205002677005D
S2050026786FED
S205002679F06B
S20500267ADF7B
S20500267BCB8E
S20500267C1345
S20500267D1641
S20500267E3620
S20500267F0055
S2050026801341
S20500268159FA
S205002682361C
S2050026830051
S205002684133D
S20500268587C8
S2050026860549
S205002687004D
S2050026886FDD
S205002689F05B
S20500268ADF6B
S20500268BCF7A
S20500268CB395
S20500268D86C1
S20500268ED86E
S20500268F0144
S205002690B391
S205002691073C
S205002692B78B
S2050026930041
S205002694330D
S205002695B689
S2050026961628
S205002697013C
S205002698B389
S20500269987B4
S20500269AC773
S20500269B0039
S20500269C1325
S20500269D97A0
S20500269E87AF
S20500269F0035
S2050026A01321
S2050026A1D85B
S2050026A236FC
S2050026A30031
S2050026A463CD
S2050026A55ED1
S2050026A60727
S2050026A70825
S2050026A837F5
S2050026A90724
S2050026AA80AA
S2050026ABFF2A
S2050026AC1315
S2050026AD0720
S2050026AEF72F
S2050026AFFF26
S2050026B0B371
S2050026B1F72C
S2050026B2E73B
S2050026B30021
S2050026B4130D
S2050026B59788
S2050026B6D747
S2050026B7011C
S2050026B89389
S2050026B99784
S2050026BA9783
S2050026BB0019
S2050026BC33E5
S2050026BD68AF
S2050026BE070F
S2050026BF0114
S2050026C01301
S2050026C1D73C
S2050026C2C74B
S2050026C30011
S2050026C4937D
S2050026C50708
S2050026C610FE
S2050026C7000D
S2050026C86F9D
S2050026C9F01B
S2050026CA9F6B
S2050026CB9A6F
S2050026CC9375
S2050026CD8780
S2050026CE0600
S2050026CFFE07
S2050026D013F1
S2050026D106FD
S2050026D20002
S2050026D302FF
S2050026D4B34D
S2050026D557A8
S2050026D6F707
S2050026D700FD
S2050026D86399
S2050026D98A71
S2050026DAC634
S2050026DB00F9
S2050026DC13E5
S2050026DD06F1
S2050026DE00F6
S2050026DF04F1
S2050026E0B341
S2050026E106ED
S2050026E2D61C
S2050026E340B1
S2050026E433BD
S2050026E517D8
S2050026E6D717
S2050026E700ED
S2050026E8B339
S2050026E9E803
S2050026EAE802
S2050026EB00E9
S2050026EC33B5
S2050026ED39AE
S2050026EE10D6
S2050026EF01E4
S2050026F033B1
S2050026F1697A
S2050026F2F9E9
S2050026F300E1
S2050026F46F71
S2050026F5F0EF
S2050026F69F3F
S2050026F7B32A
S2050026F813C9
S2050026F9D506
S2050026FA34A6
S2050026FB00D9
S2050026FC9345
S2050026FD8750
S2050026FE09CD
S2050026FF00D5
S20500270013C0
S20500270107CB
S20500270209C8
S20500270300D0
S2050027046F60
S205002705F0DE
S2050027061FAE
S205002707C309
S2050027089338
S20500270906C4
S20500270A00C9
S20500270B02C6
S20500270CB314
S20500270D8640
S20500270EF6CF
S20500270F4084
S20500271013B0
S20500271106BC
S20500271200C1
S20500271300C0
S2050027146F50
S205002715F0CE
S2050027169F1E
S2050027178E2E
S2050027183388
S2050027196852
S20500271AC9F0
S20500271B00B8
S20500271CE3D4
S20500271D0EA8
S20500271E08AD
S20500271FC8EC
S20500272013A0
S2050027215959
S2050027223978
S20500272300B0
S205002724931C
S20500272507A7
S20500272600AD
S20500272700AC
S2050027281398
S20500272907A3
S20500272A06A3
S20500272B00A8
S20500272C6F38
S20500272DF0B6
S20500272E9F06
S20500272FC5DF
S2050027301390
S2050027310E94
S20500273200A1
S20500273300A0
S205002734930C
S2050027350797
S205002736F0AD
S2050027377F1D
S2050027383764
S2050027390793
S20500273A0891
S20500273B0098
S20500273C6F28
S20500273DF0A6
S20500273E5F36
S20500273F9301
S2050027401380
S20500274197FB
S205002742D7BA
S205002743018F
S20500274493FC
S20500274597F7
S20500274697F6
S205002747008C
S2050027483358
S2050027496822
S20500274A0782
S20500274B0187
S20500274C1374
S20500274DD7AF
S20500274EC7BE
S20500274F0084
S20500275093F0
S205002751077B
S2050027520081
S2050027530080
S2050027546F10
S205002755F08E
S205002756DF9E
S20500275791EB
S205002758E398
S20500275986F4
S20500275A0772
S20500275BAECA
S20500275C3344
S20500275D086E
S20500275E3F36
S20500275F4133
S20500276093E0
S205002761076B
S2050027620869
S2050027630070
S205002764E38C
S2050027658EE0
S2050027660964
S205002767C6A6
S20500276893D8
S2050027690763
S20500276A80E9
S20500276B0365
S20500276C6304
S20500276DCA9C
S20500276E075E
S20500276F0163
S205002770B7AC
S205002771075B
S20500277280E1
S2050027730060
S205002774332C
S20500277567F7
S205002776F766
S205002777005C
S2050027781348
S20500277984D6
S20500277A0653
S20500277B0058
S20500277C6FE8
S20500277DF066
S20500277EDF76
S20500277FC88C
S2050027801340
S20500278184CE
S205002782064B
S2050027830050
S205002784133C
S2050027850549
S205002786103D
S205002787004C
S2050027886FDC
S205002789F05A
S20500278A1F2A
S20500278BCB7D
S20500278C1334
S20500278D182E
S20500278ED76E
S20500278F0143
S2050027901330
S20500279156EC
S205002792360B
S2050027930040
S205002794330C
S20500279568D6
S205002796C875
S205002797003C
S2050027981328
S20500279957E3
S20500279A3702
S20500279B0038
S20500279C93A4
S20500279D072F
S20500279E0035
S20500279F0034
S2050027A01320
S2050027A184AE
S2050027A2062B
S2050027A30030
S2050027A46FC0
S2050027A5F03E
S2050027A65FCE
S2050027A7BA72
S2050027A8E348
S2050027A98AA0
S2050027AA0722
S2050027ABBA6E
S2050027ACB374
S2050027AD0620
S2050027AE3FE6
S2050027AF41E3
S2050027B063C0
S2050027B1968C
S2050027B20918
S2050027B30020
S2050027B4938C
S2050027B58797
S2050027B60617
S2050027B7001C
S2050027B86FAC
S2050027B9F02A
S2050027BA1FFA
S2050027BBA276
S2050027BC9384
S2050027BD070F
S2050027BE8095
S2050027BF0311
S2050027C01300
S2050027C10909
S2050027C21001
S2050027C30010
S2050027C4E32C
S2050027C5C44A
S2050027C6D736
S2050027C7A666
S2050027C8B754
S2050027C90703
S2050027CA8089
S2050027CB0008
S2050027CC33D4
S2050027CD679F
S2050027CEF70E
S2050027CF0004
S2050027D06F94
S2050027D1F012
S2050027D2DF22
S2050027D3A25E
S2050027D4936C
S2050027D5D727
S2050027D645B8
S2050027D701FB
S2050027D8B744
S2050027D906F4
S2050027DA10E9
S2050027DB00F8
S2050027DC13E4
S2050027DD876F
S2050027DEF6FF
S2050027DFFFF5
S2050027E09360
S2050027E1F7FB
S2050027E2F7FA
S2050027E37F71
S2050027E413DC
S2050027E506E8
S2050027E6E00D
S2050027E73FAD
S2050027E833B8
S2050027E97773
S2050027EAB732
S2050027EB00E8
S2050027EC9354
S2050027EDD511
S2050027EEF5F0
S2050027EF01E3
S2050027F06380
S2050027F15E84
S2050027F2F6EB
S2050027F300E0
S2050027F413CC
S2050027F506D8
S2050027F6D00D
S2050027F7419B
S2050027F86378
S2050027F95E7C
S2050027FAF6E3
S2050027FB00D8
S2050027FC37A0
S2050027FD05D1
S2050027FE00D5
S2050027FF8054
S20500280013BF
S20500280105CC
S205002802F5DB
S205002803FFD0
S205002804339B
S2050028058548
S205002806A527
S20500280700CB
S2050028086763
S2050028098049
S20500280A00C8
S20500280B00C7
S20500280C13B3
S20500280D05C0
S20500280E00C4
S20500280F00C3
S205002810675B
S2050028118041
S20500281200C0
S20500281300BF
S20500281413AB
S20500281506B7
S205002816308C
S2050028174378
S2050028183387
S20500281906B3
S20500281AF6C2
S20500281B4077
S20500281C13A3
S20500281D08AD
S20500281EF0C4
S20500281F01B2
S205002820337F
S205002821674A
S205002822D7D9
S20500282300AF
S205002824634B
S205002825505D
S205002826C8E4
S20500282702A9
S2050028289317
S20500282906A3
S20500282A3078
S20500282B4166
S20500282CB3F3
S20500282D871E
S20500282EF6AE
S20500282F4063
S205002830336F
S205002831574A
S205002832F7A9
S205002833009F
S205002834336B
S2050028350598
S205002836E0BC
S205002837405B
S205002838E3B7
S2050028399CFD
S20500283A0593
S20500283BFC9B
S20500283C1383
S20500283D0590
S20500283E078D
S20500283F0093
S205002840672B
S2050028418011
S2050028420090
S205002843008F
S20500284493FB
S2050028458706
S205002846D7B5
S205002847BECD
S2050028483357
S2050028491772
S20500284AF791
S20500284B0087
S20500284C3353
S20500284D5530
S20500284EC5BF
S20500284F0083
S205002850334F
S205002851671A
S205002852A7D9
S205002853007F
S2050028546F0F
S205002855F08D
S2050028561F5D
S205002857FE7D
S2050028581367
S2050028590178
S20500285A0177
S20500285BFD7A
S20500285C93E3
S20500285D571E
S20500285E75FF
S20500285F0172
S205002860234F
S2050028612051
S205002862214F
S205002863036C
S205002864234B
S2050028652C41
S205002866412B
S205002867016A
S2050028682347
S2050028692643
S20500286A1157
S20500286B0265
S20500286C1353
S20500286D1A4B
S20500286E95CF
S20500286F0063
S205002870233F
S205002871243D
S20500287281DF
S205002873025D
S205002874233B
S205002875223B
S20500287691CB
S2050028770259
S2050028782337
S2050028792E2B
S20500287A3127
S20500287B0156
S20500287C2333
S20500287D2A2B
S20500287E5103
S20500287F0152
S205002880232F
S2050028812829
S20500288261EF
S205002883014E
S20500288493BB
S205002885F756
S205002886F755
S2050028870F3C
S2050028881337
S2050028895AEF
S20500288A9AAE
S20500288B0047
S20500288C1333
S20500288D59EC
S20500288EF54F
S20500288F0142
S20500289063DF
S20500289186BB
S2050028920739
S2050028932619
S205002894132B
S2050028950736
S205002896F04C
S2050028970F2C
S20500289863D7
S2050028998CAD
S20500289AE751
S20500289B181F
S20500289C1323
S20500289D1A1B
S20500289E3AFA
S20500289F0033
S2050028A037FB
S2050028A1072A
S2050028A20030
S2050028A3042B
S2050028A433FB
S2050028A56AC3
S2050028A6EA42
S2050028A7002B
S2050028A89397
S2050028A989A0
S2050028AA1711
S2050028ABF82F
S2050028AC9393
S2050028AD0421
S2050028AE0024
S2050028AF0023
S2050028B0130F
S2050028B10B16
S2050028B20020
S2050028B3001F
S2050028B4938B
S2050028B5D746
S2050028B675A7
S2050028B7011A
S2050028B89387
S2050028B99A7F
S2050028BA9583
S2050028BB0017
S2050028BC9383
S2050028BDF71E
S2050028BEF71D
S2050028BF0F04
S2050028C0937F
S2050028C1DA37
S2050028C29A76
S2050028C3000F
S2050028C413FB
S2050028C5D439
S2050028C6F517
S2050028C7010A
S2050028C863A7
S2050028C98881
S2050028CA0701
S2050028CB18EF
S2050028CC13F3
S2050028CD07FE
S2050028CEF014
S2050028CF0FF4
S2050028D0639F
S2050028D18081
S2050028D2E719
S2050028D320DF
S2050028D4936B
S2050028D59A63
S2050028D63AC2
S2050028D700FB
S2050028D89367
S2050028D98772
S2050028DA17E1
S2050028DBF8FF
S2050028DC37BF
S2050028DD07EE
S2050028DE00F4
S2050028DF04EF
S2050028E0B33F
S2050028E1EA07
S2050028E2EA06
S2050028E300EF
S2050028E4B33B
S2050028E58964
S2050028E6F9F3
S2050028E700EB
S2050028E89357
S2050028E906E3
S2050028EA00E8
S2050028EB00E7
S2050028EC9353
S2050028ED07DE
S2050028EEA044
S2050028EF00E3
S2050028F0934F
S2050028F18859
S2050028F219C7
S2050028F300DF
S2050028F4637B
S2050028F5CE0F
S2050028F69745
S2050028F716C5
S2050028F833A7
S2050028F94594
S2050028FA894F
S2050028FB00D7
S2050028FC9343
S2050028FD07CE
S2050028FE20B4
S2050028FF00D3
S20500290013BE
S20500290108C8
S20500290205CA
S20500290300CE
S205002904636A
S205002905DEEE
S2050029069734
S20500290720AA
S20500290813B6
S20500290907C1
S20500290A10B7
S20500290B00C6
S20500290C3392
S20500290D17AD
S20500290E972C
S20500290F00C2
S205002910932E
S2050029117749
S20500291207B8
S205002913536B
S205002914635A
S205002915902C
S20500291607B4
S20500291716A4
S2050029189326
S2050029197741
S20500291A07B0
S20500291B2492
S20500291C6352
S20500291D9E16
S20500291E07AC
S20500291F288A
S205002920139E
S2050029217739
S2050029228728
S20500292308A6
S205002924634A
S205002925129A
S20500292607A4
S2050029272882
S205002928B7F2
S2050029290E9A
S20500292A01A6
S20500292B00A6
S20500292C1392
S20500292D871D
S20500292EFEA5
S20500292FFFA3
S205002930B3EE
S2050029317729
S205002932EAB5
S205002933009E
S205002934336A
S205002935F7A5
S205002936EAB1
S205002937009A
S2050029381386
S2050029395A3E
S20500293A0A8D
S20500293B0195
S20500293C9302
S20500293DDABA
S20500293E0A89
S20500293F0191
S205002940137E
S205002941850B
S2050029420788
S205002943008E
S20500294493FA
S2050029450587
S2050029460784
S205002947008A
S205002948EF9A
S2050029490088
S20500294AC0C7
S20500294B5234
S20500294C1372
S20500294D0381
S20500294E057E
S20500294F0082
S20500295093EE
S20500295185FB
S2050029520A75
S205002953007E
S205002954136A
S20500295585F7
S2050029560774
S205002957007A
S205002958EF8A
S2050029590078
S20500295AC0B7
S20500295B5125
S20500295C93E2
S20500295D076D
S20500295E056E
S20500295F0072
S20500296093DE
S205002961056B
S2050029620768
S205002963006E
S205002964135A
S2050029650567
S2050029660A61
S205002967006A
S205002968EF7A
S2050029690068
S20500296AC0A7
S20500296B5016
S20500296C1352
S20500296D0E56
S20500296E055E
S20500296F0062
S20500297093CE
S20500297185DB
S2050029720A55
S205002973005E
S205002974134A
S2050029750557
S2050029760A51
S205002977005A
S205002978EF6A
S2050029790058
S20500297AC097
S20500297B4F07
S20500297C1342
S20500297D57FD
S20500297E0350
S20500297F0151
S205002980B39E
S20500298187C9
S205002982C788
S205002983014D
S205002984331A
S2050029850745
S205002986F754
S205002987004A
S20500298863E6
S20500298974D4
S20500298AC780
S20500298B0145
S20500298C3312
S20500298D053F
S20500298ED56E
S20500298F0141
S205002990B78A
S205002991063A
S205002992013E
S205002993003E
S20500299493AA
S20500299586B6
S205002996F645
S205002997FF3B
S205002998B386
S20500299977C1
S20500299AD760
S20500299B0036
S20500299C93A2
S20500299D979D
S20500299E072C
S20500299F0131
S2050029A033FE
S2050029A173BD
S2050029A2D35C
S2050029A3002E
S2050029A4B37A
S2050029A587A5
S2050029A667C4
S2050029A7002A
S2050029A81316
S2050029A957D1
S2050029AA0720
S2050029AB0125
S2050029AC1312
S2050029AD9A8A
S2050029AE67BC
S2050029AF0022
S2050029B033EE
S2050029B10719
S2050029B2A778
S2050029B3001E
S2050029B4938A
S2050029B5D745
S2050029B6A774
S2050029B70119
S2050029B81306
S2050029B91701
S2050029BA67B0
S2050029BB0016
S2050029BC33E2
S2050029BD3ADA
S2050029BE40D3
S2050029BF0111
S2050029C033DE
S2050029C16AA6
S2050029C2FA15
S2050029C3000E
S2050029C4937A
S2050029C517F5
S2050029C647C4
S2050029C7000A
S2050029C833D6
S2050029C96A9E
S2050029CA47C0
S2050029CB0105
S2050029CC63A2
S2050029CDDA2A
S2050029CE07FC
S2050029CF0002
S2050029D0936E
S2050029D157A9
S2050029D21AE5
S2050029D300FE
S2050029D413EA
S2050029D57A82
S2050029D61AE1
S2050029D700FA
S2050029D833C6
S2050029D9EA0E
S2050029DA47B0
S2050029DB01F5
S2050029DC9362
S2050029DD896B
S2050029DE08EB
S2050029DF00F2
S2050029E0935E
S2050029E18769
S2050029E2F9F6
S2050029E307E7
S2050029E4638A
S2050029E5529A
S2050029E6F0FB
S2050029E71ECC
S2050029E813D6
S2050029E97771
S2050029EA7A6D
S2050029EB00E6
S2050029EC6382
S2050029ED0ADA
S2050029EE07DC
S2050029EF00E2
S2050029F013CE
S2050029F17769
S2050029F2FAE5
S2050029F300DE
S2050029F4934A
S2050029F506D6
S2050029F6409B
S2050029F700DA
S2050029F86376
S2050029F904D4
S2050029FAD700
S2050029FB00D6
S2050029FC13C2
S2050029FD0ACA
S2050029FE4A89
S2050029FF00D2
S205002A0013BD
S205002A0117B8
S205002A024A84
S205002A0300CD
S205002A046369
S205002A055A71
S205002A0607C3
S205002A0700C9
S205002A08B711
S205002A0907C0
S205002A0A00C6
S205002A0BF8CD
S205002A0C9331
S205002A0D873C
S205002A0EF7CB
S205002A0FFFC2
S205002A10338D
S205002A117A45
S205002A12FAC4
S205002A1300BD
S205002A149329
S205002A158734
S205002A1609B1
S205002A1708B1
S205002A1813A5
S205002A1907B0
S205002A1AE0D6
S205002A1B0FA6
S205002A1C6351
S205002A1D466D
S205002A1EF7BB
S205002A1F228F
S205002A20139D
S205002A211798
S205002A226A44
S205002A2300AD
S205002A241399
S205002A255754
S205002A269713
S205002A2700A9
S205002A289315
S205002A29F7B0
S205002A2AF7AF
S205002A2B0F96
S205002A2C6F35
S205002A2D00A3
S205002A2EC0E2
S205002A2F069B
S205002A30633D
S205002A31148B
S205002A320A94
S205002A331687
S205002A349309
S205002A35D7C4
S205002A367525
S205002A370198
S205002A389305
S205002A399AFD
S205002A3A9501
S205002A3B0095
S205002A3C9301
S205002A3DF79C
S205002A3EF79B
S205002A3F0F82
S205002A4093FD
S205002A41048B
S205002A42800E
S205002A43008D
S205002A4493F9
S205002A450982
S205002A46F09A
S205002A470F7A
S205002A481375
S205002A490B7C
S205002A4A2066
S205002A4B0085
S205002A4C93F1
S205002A4DDAA9
S205002A4E9AE8
S205002A4F0081
S205002A50136D
S205002A51D4AB
S205002A52F589
S205002A53017C
S205002A54E399
S205002A559CDF
S205002A560773
S205002A57E693
S205002A586315
S205002A5998DF
S205002A5A0A6C
S205002A5B1065
S205002A5C93E1
S205002A5DE48F
S205002A5E145E
S205002A5F0071
S205002A6093DD
S205002A610768
S205002A62A0CE
S205002A63006D
S205002A6493D9
S205002A650665
S205002A66105A
S205002A670069
S205002A6893D5
S205002A6988DF
S205002A6A194D
S205002A6B0065
S205002A6CE381
S205002A6DD68D
S205002A6E97CB
S205002A6FE879
S205002A70134D
S205002A71055A
S205002A720955
S205002A73005D
S205002A7493C9
S205002A750754
S205002A76203A
S205002A770059
S205002A7863F5
S205002A790C4B
S205002A7AFB5B
S205002A7B084D
S205002A7C93C1
S205002A7D074C
S205002A7E3022
S205002A7F0051
S205002A8063ED
S205002A810C43
S205002A82FB53
S205002A83123B
S205002A8493B9
S205002A850744
S205002A86103A
S205002A870049
S205002A881335
S205002A89083F
S205002A8A0541
S205002A8B0045
S205002A8C63E1
S205002A8D1A29
S205002A8EFB47
S205002A8F1A27
S205002A9093AD
S205002A910738
S205002A92003E
S205002A93003D
S205002A941329
S205002A950734
S205002A96003A
S205002A970039
S205002A9883B5
S205002A992017
S205002A9AC175
S205002A9B0233
S205002A9C0331
S205002A9D240F
S205002A9E81B1
S205002A9F022F
S205002AA0131D
S205002AA1959A
S205002AA277B7
S205002AA3012C
S205002AA433F9
S205002AA565C6
S205002AA6E545
S205002AA70029
S205002AA89395
S205002AA91710
S205002AAAF82E
S205002AAB0124
S205002AAC83A1
S205002AAD24FF
S205002AAE41E1
S205002AAF021F
S205002AB0031D
S205002AB129F6
S205002AB2011D
S205002AB3021B
S205002AB48399
S205002AB529F2
S205002AB6C159
S205002AB70118
S205002AB80315
S205002AB92AED
S205002ABA8195
S205002ABB0114
S205002ABC8391
S205002ABD2AE9
S205002ABE41D1
S205002ABF0110
S205002AC0030D
S205002AC12BE4
S205002AC2010D
S205002AC3010C
S205002AC433D9
S205002AC565A6
S205002AC6F515
S205002AC70009
S205002AC813F5
S205002AC90106
S205002ACA0105
S205002ACB0302
S205002ACC679D
S205002ACD8083
S205002ACE0002
S205002ACF0001
S205002AD013ED
S205002AD18778
S205002AD2F905
S205002AD30FEE
S205002AD46399
S205002AD58A71
S205002AD60AF0
S205002AD70AEF
S205002AD89365
S205002AD9E413
S205002ADA34C2
S205002ADB00F5
S205002ADC9361
S205002ADD06ED
S205002ADEA052
S205002ADF00F1
S205002AE0935D
S205002AE18867
S205002AE209E5
S205002AE310DD
S205002AE46389
S205002AE5C02B
S205002AE69654
S205002AE714D5
S205002AE833B5
S205002AE9489F
S205002AEA895D
S205002AEB00E5
S205002AEC13D1
S205002AED05DE
S205002AEE08DA
S205002AEF00E1
S205002AF0934D
S205002AF109D6
S205002AF207D7
S205002AF300DD
S205002AF49349
S205002AF506D5
S205002AF630AA
S205002AF700D9
S205002AF86F69
S205002AF9F0E7
S205002AFA1FB7
S205002AFBE1F4
S205002AFC6371
S205002AFD10C3
S205002AFE0AC8
S205002AFF04CD
S205002B00933C
S205002B0104CA
S205002B02408D
S205002B0300CC
S205002B049338
S205002B0509C1
S205002B0600C9
S205002B0700C8
S205002B0813B4
S205002B090BBB
S205002B0A10B5
S205002B0B00C4
S205002B0C6F54
S205002B0DF0D2
S205002B0E9F22
S205002B0FDAE6
S205002B1013AC
S205002B1108B6
S205002B1205B8
S205002B1300BC
S205002B149328
S205002B1507B3
S205002B16F0C9
S205002B170FA9
S205002B1813A4
S205002B1907AF
S205002B1A00B5
S205002B1B00B4
S205002B1C6F44
S205002B1DF0C2
S205002B1EDFD2
S205002B1FF7B9
S205002B20931C
S205002B21842A
S205002B22F4B9
S205002B23FFAD
S205002B241398
S205002B2507A3
S205002B261099
S205002B2700A8
S205002B28E3C4
S205002B296046
S205002B2A970E
S205002B2BE0C4
S205002B2CE3C0
S205002B2D8220
S205002B2EF6AB
S205002B2FFEA2
S205002B30138C
S205002B318A14
S205002B320A93
S205002B33009C
S205002B341388
S205002B358B0F
S205002B360693
S205002B370098
S205002B386F28
S205002B39F0A6
S205002B3ADFB6
S205002B3BF4A0
S205002B3C1380
S205002B3D058D
S205002B3E0A87
S205002B3F0090
S205002B40236C
S205002B412668
S205002B42B1DC
S205002B43008C
S205002B44EF9C
S205002B45008A
S205002B468009
S205002B474048
S205002B4893F4
S205002B49077F
S205002B4AB5D0
S205002B4BFF85
S205002B4C3350
S205002B4D1A68
S205002B4EFA87
S205002B4F0080
S205002B5093EC
S205002B510777
S205002B52A0DD
S205002B53F884
S205002B5483F8
S205002B552555
S205002B56C1B8
S205002B570078
S205002B58B3C4
S205002B5989ED
S205002B5AA7CE
S205002B5B4034
S205002B5C93E0
S205002B5D046E
S205002B5E0071
S205002B5F0070
S205002B60135C
S205002B610B63
S205002B62006D
S205002B63006C
S205002B646FFC
S205002B65F07A
S205002B661F4A
S205002B67D593
S205002B681354
S205002B6985E1
S205002B6A0A5B
S205002B6B0064
S205002B6CEF74
S205002B6D0062
S205002B6E0061
S205002B6F3E22
S205002B7093CC
S205002B710757
S205002B72B5A8
S205002B73FF5D
S205002B743328
S205002B7585D5
S205002B76A9B0
S205002B774018
S205002B78B3A4
S205002B799ABC
S205002B7AFA5B
S205002B7B0054
S205002B7C93C0
S205002B7D0949
S205002B7EA5AC
S205002B7FF858
S205002B8093BC
S205002B810648
S205002B82004D
S205002B83004C
S205002B846FDC
S205002B85F05A
S205002B869FAA
S205002B87D672
S205002B8893B4
S205002B89E462
S205002B8A2421
S205002B8B0044
S205002B8C93B0
S205002B8D0939
S205002B8E073A
S205002B8F0040
S205002B9093AC
S205002B910638
S205002B92201D
S205002B93003C
S205002B946FCC
S205002B95F04A
S205002B969F9A
S205002B97D563
S205002B9893A4
S205002B990432
S205002B9AC075
S205002B9B0034
S205002B9C93A0
S205002B9D0929
S205002B9EF041
S205002B9F0F21
S205002BA0131C
S205002BA10B23
S205002BA230FD
S205002BA3002C
S205002BA46FBC
S205002BA5F03A
S205002BA61F0A
S205002BA7D157
S205002BA81314
S205002BA98A9C
S205002BAA0A1B
S205002BAB0024
S205002BAC1310
S205002BAD8B97
S205002BAE061B
S205002BAF0020
S205002BB0130C
S205002BB10519
S205002BB20419
S205002BB3001C
S205002BB46FAC
S205002BB5F02A
S205002BB61FFA
S205002BB7EC2C
S205002BB81304
S205002BB9080E
S205002BBA0015
S205002BBB0014
S205002BBC9380
S205002BBD070B
S205002BBEF021
S205002BBF0F01
S205002BC037D8
S205002BC10707
S205002BC240CD
S205002BC3000C
S205002BC46F9C
S205002BC5F01A
S205002BC65FAA
S205002BC7ED1B
S205002BC89374
S205002BC90600
S205002BCA10F5
S205002BCB0004
S205002BCC63A0
S205002BCD8C76
S205002BCE07FA
S205002BCF0000
S205002BD0B34C
S205002BD18678
S205002BD2F607
S205002BD340BC
S205002BD413E8
S205002BD506F4
S205002BD6B049
S205002BD701F7
S205002BD89364
S205002BD907EF
S205002BDA00F5
S205002BDB00F4
S205002BDC13E0
S205002BDD07EB
S205002BDE00F1
S205002BDF00F0
S205002BE0E30C
S205002BE14CA2
S205002BE2D617
S205002BE3EA02
S205002BE413D8
S205002BE58763
S205002BE6E900
S205002BE709DF
S205002BE833B4
S205002BE917CF
S205002BEAEAFB
S205002BEB00E4
S205002BEC33B0
S205002BED37AB
S205002BEEE001
S205002BEF00E0
S205002BF0B32C
S205002BF15787
S205002BF2DA03
S205002BF300DC
S205002BF4B328
S205002BF5E7F3
S205002BF6E7F2
S205002BF700D8
S205002BF813C4
S205002BF9F7DF
S205002BFA775E
S205002BFB00D4
S205002BFC6370
S205002BFD0AC8
S205002BFE07CA
S205002BFF00D0
S205002C0013BB
S205002C01F7D6
S205002C02F7D5
S205002C0300CB
S205002C049337
S205002C0506C3
S205002C064088
S205002C0700C7
S205002C086363
S205002C0904C1
S205002C0AD7ED
S205002C0B00C3
S205002C0C932F
S205002C0D873A
S205002C0E4779
S205002C0F00BF
S205002C1013AB
S205002C119726
S205002C125765
S205002C1300BB
S205002C146357
S205002C155069
S205002C1607B1
S205002C1704B3
S205002C189323
S205002C1907AE
S205002C1A10A4
S205002C1B00B3
S205002C1C139F
S205002C1D07AA
S205002C1E00B0
S205002C1F00AF
S205002C206F3F
S205002C21F0BD
S205002C229F0D
S205002C23E7C4
S205002C249317
S205002C2506A3
S205002C26F0B8
S205002C2700A7
S205002C281393
S205002C29089D
S205002C2A00A4
S205002C2B00A3
S205002C2C376B
S205002C2D079A
S205002C2E4060
S205002C2F009F
S205002C30138B
S205002C318A13
S205002C320A92
S205002C33009B
S205002C341387
S205002C350B8E
S205002C363068
S205002C370097
S205002C38E3B3
S205002C398015
S205002C3AD4C0
S205002C3BE6AD
S205002C3C6F23
S205002C3DF0A1
S205002C3E5F31
S205002C3FF798
S205002C4093FB
S205002C418904
S205002C420884
S205002C43008B
S205002C446F1B
S205002C45F099
S205002C46DFA9
S205002C47D9AE
S205002C4893F3
S205002C49077E
S205002C4AF094
S205002C4B0F74
S205002C4C136F
S205002C4D077A
S205002C4E0080
S205002C4F007F
S205002C506F0F
S205002C51F08D
S205002C529FDD
S205002C53E497
S205002C5493E7
S205002C5597E2
S205002C566711
S205002C570077
S205002C581363
S205002C59D79E
S205002C5A97DD
S205002C5B0073
S205002C5C93DF
S205002C5D076A
S205002C5E0070
S205002C5F006F
S205002C606FFF
S205002C61F07D
S205002C629FCD
S205002C63E388
S205002C641357
S205002C650168
S205002C660167
S205002C67FF68
S205002C682343
S205002C69263F
S205002C6A1153
S205002C6B0063
S205002C6C233F
S205002C6D243D
S205002C6E81DF
S205002C6F005F
S205002C70233B
S205002C71223B
S205002C7291CB
S205002C73005B
S205002C7463F7
S205002C750851
S205002C760553
S205002C770453
S205002C781343
S205002C7957FE
S205002C7AF55F
S205002C7B4112
S205002C7C331F
S205002C7D440D
S205002C7EA7A9
S205002C7F004F
S205002C80331B
S205002C810449
S205002C82E468
S205002C83400B
S205002C8493B7
S205002C850742
S205002C860543
S205002C870047
S205002C881333
S205002C890540
S205002C8A0440
S205002C8B0043
S205002C8C93AF
S205002C8DD46D
S205002C8EF749
S205002C8F013E
S205002C90EF4F
S205002C91003D
S205002C92C07C
S205002C932B10
S205002C9493A7
S205002C950732
S205002C96E058
S205002C97092E
S205002C98B383
S205002C9987AE
S205002C9AA78D
S205002C9B40F3
S205002C9C131F
S205002C9D072A
S205002C9E60D0
S205002C9F0926
S205002CA063CB
S205002CA14AE3
S205002CA2F735
S205002CA30427
S205002CA41317
S205002CA50722
S205002CA680A8
S205002CA70027
S205002CA863C3
S205002CA90223
S205002CAAE53F
S205002CAB0C17
S205002CAC130F
S205002CAD051C
S205002CAE859B
S205002CAFFF20
S205002CB033EB
S205002CB11409
S205002CB2A478
S205002CB3001B
S205002CB41307
S205002CB51405
S205002CB69484
S205002CB70017
S205002CB81303
S205002CB954C1
S205002CBA9480
S205002CBB0013
S205002CBC937F
S205002CBDF71A
S205002CBEF719
S205002CBF0F00
S205002CC06F9F
S205002CC1000D
S205002CC2000C
S205002CC3010A
S205002CC49377
S205002CC50405
S205002CC60008
S205002CC70007
S205002CC89373
S205002CC907FE
S205002CCA0004
S205002CCB0003
S205002CCC13EF
S205002CCD04FD
S205002CCE0000
S205002CCF00FF
S205002CD0936B
S205002CD19766
S205002CD27785
S205002CD301FA
S205002CD48377
S205002CD520D9
S205002CD6C137
S205002CD700F7
S205002CD8B343
S205002CD9E70E
S205002CDA876D
S205002CDB00F3
S205002CDC03EF
S205002CDD24CD
S205002CDE816F
S205002CDF00EF
S205002CE013DB
S205002CE19558
S205002CE2F4F8
S205002CE301EA
S205002CE433B7
S205002CE5E504
S205002CE6A741
S205002CE700E7
S205002CE88363
S205002CE924C1
S205002CEA41A3
S205002CEB00E3
S205002CEC13CF
S205002CED01E0
S205002CEE01DF
S205002CEF01DE
S205002CF06777
S205002CF1805D
S205002CF200DC
S205002CF300DB
S205002CF413C7
S205002CF507D2
S205002CF69048
S205002CF709CE
S205002CF86373
S205002CF94A8B
S205002CFAF7DD
S205002CFB04CF
S205002CFC13BF
S205002CFD07CA
S205002CFEB51B
S205002CFFFFD0
S205002D00339A
S205002D0117B5
S205002D02E4E7
S205002D0300CA
S205002D04B712
S205002D0506C2
S205002D0600C7
S205002D07FCCA
S205002D089332
S205002D09863E
S205002D0AF6CD
S205002D0BFFC3
S205002D0C13AE
S205002D0D764A
S205002D0E7748
S205002D0F00BE
S205002D10338A
S205002D117448
S205002D12D7E4
S205002D1300BA
S205002D146356
S205002D1504B4
S205002D1606B1
S205002D1702B4
S205002D1813A2
S205002D19773D
S205002D1AF7BC
S205002D1B00B2
S205002D1C139E
S205002D1D06AA
S205002D1E406F
S205002D1F00AE
S205002D20634A
S205002D210E9E
S205002D22C7E4
S205002D2300AA
S205002D241396
S205002D2504A4
S205002D264463
S205002D2700A6
S205002D281392
S205002D29178D
S205002D2A544F
S205002D2B00A2
S205002D2C633E
S205002D2D5848
S205002D2E0798
S205002D2F009E
S205002D30930A
S205002D310795
S205002D32F0AB
S205002D330991
S205002D343366
S205002D357424
S205002D36D4C3
S205002D370096
S205002D38B3E2
S205002D39870D
S205002D3AA7EC
S205002D3B4052
S205002D3C137E
S205002D3D147C
S205002D3E642B
S205002D3F008E
S205002D40137A
S205002D415438
S205002D4294F7
S205002D43008A
S205002D4493F6
S205002D45F791
S205002D46F790
S205002D470F77
S205002D486F16
S205002D49F094
S205002D4A9FE4
S205002D4BF88A
S205002D4C136E
S205002D4D0779
S205002D4EB5CA
S205002D4F017D
S205002D5093EA
S205002D510676
S205002D52502B
S205002D53007A
S205002D543346
S205002D551761
S205002D56E493
S205002D570076
S205002D58B3C2
S205002D5986EE
S205002D5AA6CD
S205002D5B4032
S205002D5C333E
S205002D5D541C
S205002D5ED49B
S205002D5F006E
S205002D60333A
S205002D613735
S205002D62E08B
S205002D63006A
S205002D643336
S205002D656701
S205002D66E483
S205002D670066
S205002D686FF6
S205002D69F074
S205002D6ADF84
S205002D6BF969
S205002D6C134E
S205002D6D144C
S205002D6E94CB
S205002D6F005E
S205002D70134A
S205002D715408
S205002D7294C7
S205002D73005A
S205002D7493C6
S205002D750751
S205002D7660F7
S205002D77094D
S205002D786FE6
S205002D79F064
S205002D7A9FB4
S205002D7BF55D
S205002D7C93BE
S205002D7D57F9
S205002D7E75DA
S205002D7F014D
S205002D8093BA
S205002D81F755
S205002D82F754
S205002D830F3B
S205002D841336
S205002D850147
S205002D860146
S205002D87FF47
S205002D881332
S205002D8987BD
S205002D8A172C
S205002D8B0042
S205002D8C231E
S205002D8D241C
S205002D8E81BE
S205002D8F003E
S205002D90231A
S205002D91221A
S205002D9291AA
S205002D93003A
S205002D942316
S205002D952612
S205002D961126
S205002D970036
S205002D9893A2
S205002D991420
S205002D9A959E
S205002D9B0032
S205002D9C131E
S205002D9D77B9
S205002D9EE748
S205002D9F0F1F
S205002DA0939A
S205002DA1D458
S205002DA29497
S205002DA3002A
S205002DA41316
S205002DA554D4
S205002DA6F532
S205002DA70125
S205002DA863C2
S205002DA90E16
S205002DAA071C
S205002DAB0220
S205002DAC130E
S205002DADD749
S205002DAE34EB
S205002DAF001E
S205002DB0938A
S205002DB18795
S205002DB20714
S205002DB338E2
S205002DB49386
S205002DB59484
S205002DB6D443
S205002DB70115
S205002DB81302
S205002DB915FF
S205002DBAF41F
S205002DBB0111
S205002DBC838E
S205002DBD20F0
S205002DBEC14E
S205002DBF000E
S205002DC0030A
S205002DC124E8
S205002DC2818A
S205002DC3000A
S205002DC49376
S205002DC59771
S205002DC647C0
S205002DC70105
S205002DC8B352
S205002DC9E71D
S205002DCAE71C
S205002DCB0002
S205002DCCB34E
S205002DCDE719
S205002DCEA758
S205002DCF00FE
S205002DD0936A
S205002DD18577
S205002DD207F4
S205002DD300FA
S205002DD413E6
S205002DD58573
S205002DD604F3
S205002DD700F6
S205002DD88372
S205002DD924D0
S205002DDA41B2
S205002DDB00F2
S205002DDC13DE
S205002DDD01EF
S205002DDE01EE
S205002DDF01ED
S205002DE06786
S205002DE1806C
S205002DE200EB
S205002DE300EA
S205002DE46386
S205002DE59256
S205002DE607E0
S205002DE704E2
S205002DE86382
S205002DE98262
S205002DEA04DF
S205002DEB06DC
S205002DEC13CE
S205002DED855B
S205002DEE04DB
S205002DEF00DE
S205002DF0EFEE
S205002DF100DC
S205002DF2C01B
S205002DF315C5
S205002DF49346
S205002DF507D1
S205002DF6A037
S205002DF700D6
S205002DF86372
S205002DF9C60E
S205002DFAA72C
S205002DFB06CC
S205002DFC13BE
S205002DFD07C9
S205002DFEB01F
S205002DFF00CE
S205002E003399
S205002E0107C4
S205002E02A723
S205002E034089
S205002E049335
S205002E0507C0
S205002E065571
S205002E0701C4
S205002E083391
S205002E09D7EC
S205002E0AE4DE
S205002E0B00C1
S205002E0CB30D
S205002E0D942B
S205002E0EF4CA
S205002E0F00BD
S205002E109329
S205002E1107B4
S205002E12902A
S205002E133881
S205002E1413A5
S205002E1517A0
S205002E16C7EF
S205002E1700B5
S205002E18B301
S205002E19872C
S205002E1AA70B
S205002E1B4071
S205002E1C139D
S205002E1D5758
S205002E1EC7E7
S205002E1F00AD
S205002E209319
S205002E21F7B4
S205002E22F7B3
S205002E237F2A
S205002E246F39
S205002E25F0B7
S205002E265F47
S205002E27F9AC
S205002E286341
S205002E29881B
S205002E2A049E
S205002E2B029F
S205002E2C138D
S205002E2DD7C8
S205002E2E346A
S205002E2F009D
S205002E30B7E5
S205002E310794
S205002E320892
S205002E330099
S205002E343365
S205002E356730
S205002E36F79F
S205002E370095
S205002E381381
S205002E39177C
S205002E3AC7CB
S205002E3B0091
S205002E3C93FD
S205002E3D94FB
S205002E3ED4BA
S205002E3F018C
S205002E401379
S205002E415734
S205002E42C7C3
S205002E430089
S205002E4493F5
S205002E450780
S205002E46F096
S205002E477F06
S205002E486F15
S205002E49F093
S205002E4A1F63
S205002E4BF78A
S205002E4C93ED
S205002E4D0778
S205002E4E007E
S205002E4F007D
S205002E501369
S205002E510774
S205002E52007A
S205002E530079
S205002E546F09
S205002E55F087
S205002E565F17
S205002E57F67F
S205002E5893E1
S205002E59076C
S205002E5AF082
S205002E5B7FF2
S205002E5C135D
S205002E5D0768
S205002E5E006E
S205002E5F006D
S205002E606FFD
S205002E61F07B
S205002E629FCB
S205002E63F574
S205002E641355
S205002E650760
S205002E665511
S205002E67FF66
S205002E683331
S205002E6997CC
S205002E6AE47E
S205002E6B0061
S205002E6C93CD
S205002E6D045B
S205002E6E005E
S205002E6F005D
S205002E706FED
S205002E71F06B
S205002E721F3B
S205002E73FA5F
S205002E741345
S205002E750651
S205002E760551
S205002E770055
S205002E781341
S205002E79054E
S205002E7A0052
S205002E7B0051
S205002E7C93BD
S205002E7DF659
S205002E7E1539
S205002E7F004D
S205002E8063E9
S205002E8184C7
S205002E820644
S205002E830049
S205002E843315
S205002E850542
S205002E86C581
S205002E870045
S205002E8893B1
S205002E89D56E
S205002E8A152D
S205002E8B0041
S205002E8C132D
S205002E8D1629
S205002E8E1628
S205002E8F003D
S205002E90E359
S205002E9196A5
S205002E920535
S205002E93FE3B
S205002E9467D1
S205002E9580B7
S205002E960036
S205002E970035
S205002E9863D1
S205002E9940F3
S205002E9A052D
S205002E9B062B
S205002E9C63CD
S205002E9DC669
S205002E9E0529
S205002E9F0627
S205002EA01319
S205002EA186A5
S205002EA20525
S205002EA30029
S205002EA49395
S205002EA50522
S205002EA60521
S205002EA70025
S205002EA81311
S205002EA9051E
S205002EAAF032
S205002EABFF22
S205002EAC63BD
S205002EAD0C13
S205002EAE0618
S205002EAF021B
S205002EB09389
S205002EB10615
S205002EB2100A
S205002EB30019
S205002EB463B5
S205002EB57A9D
S205002EB6B660
S205002EB70015
S205002EB863B1
S205002EB958BB
S205002EBAC052
S205002EBB0011
S205002EBC13FD
S205002EBD16F9
S205002EBE16F8
S205002EBF000D
S205002EC09379
S205002EC19675
S205002EC216F4
S205002EC30009
S205002EC4E325
S205002EC56A9D
S205002EC6B650
S205002EC7FE07
S205002EC813F1
S205002EC905FE
S205002ECA0002
S205002ECB0001
S205002ECC639D
S205002ECDE619
S205002ECEC539
S205002ECF00FD
S205002ED0B349
S205002ED18576
S205002ED2C535
S205002ED340B9
S205002ED433C5
S205002ED56592
S205002ED6D521
S205002ED700F5
S205002ED89361
S205002ED9D61D
S205002EDA16DC
S205002EDB00F1
S205002EDC13DD
S205002EDD5699
S205002EDE16D8
S205002EDF00ED
S205002EE0E309
S205002EE19655
S205002EE206E4
S205002EE3FEEB
S205002EE46781
S205002EE58067
S205002EE600E6
S205002EE700E5
S205002EE89351
S205002EE98261
S205002EEA00E2
S205002EEB00E1
S205002EECEFF1
S205002EEDF0EF
S205002EEE5F7F
S205002EEFFBE2
S205002EF013C9
S205002EF18556
S205002EF205D5
S205002EF300D9
S205002EF46771
S205002EF58057
S205002EF602D4
S205002EF700D5
S205002EF833A1
S205002EF905CE
S205002EFAA032
S205002EFB4091
S205002EFC636D
S205002EFD4887
S205002EFEB01E
S205002EFF00CD
S205002F00B318
S205002F0105C5
S205002F02B019
S205002F034088
S205002F046F58
S205002F05F0D6
S205002F06DFE6
S205002F07F9CB
S205002F08B310
S205002F0905BD
S205002F0AB011
S205002F0B4080
S205002F0C932C
S205002F0D823C
S205002F0E00BD
S205002F0F00BC
S205002F10EFCC
S205002F11F0CA
S205002F121F9A
S205002F13F9BF
S205002F143384
S205002F1505B1
S205002F16A015
S205002F174074
S205002F18674C
S205002F198032
S205002F1A02AF
S205002F1B00B0
S205002F1C931C
S205002F1D822C
S205002F1E00AD
S205002F1F00AC
S205002F206348
S205002F21CAE0
S205002F2205A4
S205002F2300A8
S205002F246344
S205002F254C5A
S205002F2605A0
S205002F2700A4
S205002F28EFB4
S205002F29F0B2
S205002F2A9F02
S205002F2BF7A9
S205002F2C138C
S205002F2D8519
S205002F2E0598
S205002F2F009C
S205002F306734
S205002F31801A
S205002F320297
S205002F330098
S205002F34B3E4
S205002F350591
S205002F36B0E5
S205002F374054
S205002F38E3B0
S205002F39583A
S205002F3A058C
S205002F3BFE92
S205002F3C335C
S205002F3D0589
S205002F3EA0ED
S205002F3F404C
S205002F40EF9C
S205002F41F09A
S205002F421F6A
S205002F43F692
S205002F443354
S205002F450581
S205002F46B0D5
S205002F474044
S205002F48671C
S205002F498002
S205002F4A027F
S205002F4B0080
S205002F4CB7C8
S205002F4D0777
S205002F4E017C
S205002F4F007C
S205002F506318
S205002F517A00
S205002F52F584
S205002F530276
S205002F541364
S205002F55373F
S205002F560570
S205002F571064
S205002F581360
S205002F59373B
S205002F5A175A
S205002F5B0070
S205002F5C135C
S205002F5D1757
S205002F5E3736
S205002F5F006C
S205002F60B7B4
S205002F610763
S205002F621059
S205002F630068
S205002F643334
S205002F655511
S205002F66E580
S205002F670064
S205002F6893D0
S205002F6987DB
S205002F6A075A
S205002F6B045C
S205002F6CB3AC
S205002F6D87D7
S205002F6EA7B6
S205002F6F005C
S205002F700358
S205002F71C595
S205002F720752
S205002F730058
S205002F7493C4
S205002F750650
S205002F760055
S205002F770252
S205002F78B3A0
S205002F7986CC
S205002F7AE66B
S205002F7B4010
S205002F7C331C
S205002F7D85C9
S205002F7EA6A7
S205002F7F400C
S205002F8067E4
S205002F8180CA
S205002F820049
S205002F830048
S205002F84B790
S205002F85073F
S205002F860045
S205002F870143
S205002F8863E0
S205002F8974CE
S205002F8AF54C
S205002F8B023E
S205002F8C132C
S205002F8D0737
S205002F8E003D
S205002F8F013B
S205002F90B784
S205002F910733
S205002F921029
S205002F930038
S205002F943304
S205002F9555E1
S205002F96E550
S205002F970034
S205002F9893A0
S205002F9987AB
S205002F9A072A
S205002F9B042C
S205002F9CB37C
S205002F9D87A7
S205002F9EA786
S205002F9F002C
S205002FA00328
S205002FA1C565
S205002FA20722
S205002FA30028
S205002FA49394
S205002FA50620
S205002FA60025
S205002FA70123
S205002FA833F0
S205002FA9859D
S205002FAAA67B
S205002FAB40E0
S205002FAC67B8
S205002FAD809E
S205002FAE001D
S205002FAF001C
S205002FB01308
S205002FB10713
S205002FB28099
S205002FB30117
S205002FB4B760
S205002FB5070F
S205002FB61005
S205002FB70014
S205002FB833E0
S205002FB955BD
S205002FBAE52C
S205002FBB0010
S205002FBC937C
S205002FBD8787
S205002FBE0706
S205002FBF0408
S205002FC0B358
S205002FC18783
S205002FC2A762
S205002FC30008
S205002FC40304
S205002FC5C541
S205002FC607FE
S205002FC70004
S205002FC89370
S205002FC906FC
S205002FCA8081
S205002FCB0000
S205002FCC33CC
S205002FCD8579
S205002FCEA657
S205002FCF40BC
S205002FD06794
S205002FD1807A
S205002FD200F9
S205002FD300F8
S205002FD413E4
S205002FD501F5
S205002FD601F4
S205002FD7FFF5
S205002FD823D0
S205002FD924CE
S205002FDA8170
S205002FDB00F0
S205002FDC23CC
S205002FDD20CE
S205002FDE21CC
S205002FDF01EB
S205002FE09754
S205002FE1D713
S205002FE20FDA
S205002FE300E8
S205002FE49354
S205002FE5875F
S205002FE607DE
S205002FE702E2
S205002FE817CC
S205002FE9D40E
S205002FEA0FD2
S205002FEB00E0
S205002FEC13CC
S205002FED04DA
S205002FEE8459
S205002FEF01DB
S205002FF023B8
S205002FF126B4
S205002FF211C8
S205002FF300D8
S205002FF423B4
S205002FF522B4
S205002FF69144
S205002FF700D4
S205002FF833A0
S205002FF98949
S205002FFA874A
S205002FFB4090
S205002FFC636C
S205002FFD804E
S205002FFE8746
S205002FFF02CA
S20500300013B7
S2050030015970
S205003002299F
S2050030034087
S2050030049333
S20500300504C1
S20500300600C4
S20500300700C3
S205003008833F
S205003009279A
S20500300A04BC
S20500300B00BF
S20500300C932B
S20500300D8439
S20500300E14A8
S20500300F00BB
S20500301013A7
S20500301104B5
S2050030124474
S20500301300B7
S205003014E7CF
S2050030158035
S20500301607AD
S20500301700B3
S205003018E3CF
S205003019E8C9
S20500301A248C
S20500301BFFB0
S20500301C9717
S20500301DD7D6
S20500301E0F9D
S20500301F00AB
S2050030209317
S2050030218722
S2050030224761
S205003023FEA9
S205003024178F
S205003025D4D1
S2050030260F95
S20500302700A3
S205003028138F
S205003029049D
S20500302AC4DC
S20500302BFDA2
S20500302C336B
S20500302D8914
S20500302E8715
S20500302F405B
S2050030301387
S2050030315940
S205003032296F
S2050030334057
S2050030346333
S2050030358E07
S205003036870D
S2050030370093
S20500303893FF
S205003039048D
S20500303A0090
S20500303B008F
S20500303C830B
S20500303D2766
S20500303E0488
S20500303F008B
S20500304093F7
S2050030418405
S2050030421474
S2050030430087
S2050030441373
S2050030450481
S2050030464440
S2050030470083
S205003048E79B
S2050030498001
S20500304A0779
S20500304B007F
S20500304CE39B
S20500304DE895
S20500304E2458
S20500304FFF7C
S20500305083F7
S2050030512059
S205003052C1B7
S2050030530077
S2050030540373
S2050030552451
S20500305681F3
S2050030570073
S20500305883EF
S205003059244D
S20500305A412F
S20500305B006F
S20500305C036B
S20500305D2944
S20500305E016B
S20500305F006B
S2050030601357
S2050030610168
S2050030620167
S2050030630166
S20500306467FF
S20500306580E5
S2050030660064
S2050030670063
S20500306863FF
S205003069F66B
S20500306AA5BB
S20500306B025D
S20500306C332B
S20500306D87D6
S20500306EC597
S20500306F005B
S20500307063F7
S20500307172E7
S205003072E573
S2050030730255
S205003074B3A3
S205003075074E
S205003076C58F
S2050030770053
S20500307863EF
S205003079064B
S20500307A064A
S20500307B044B
S20500307C83CB
S20500307D4607
S20500307EF755
S20500307FFF4C
S20500308093B7
S20500308187C2
S205003082F751
S205003083FF48
S2050030841333
S205003085073E
S205003086F74D
S205003087FF44
S205003088231F
S20500308980C1
S20500308AD769
S20500308B003F
S20500308CE35B
S20500308D1825
S20500308EF547
S20500308FFE3D
S20500309067D3
S20500309180B9
S2050030920038
S2050030930037
S20500309493A3
S205003095072E
S205003096F044
S2050030970033
S20500309863CF
S205003099E849
S20500309AC769
S20500309B022D
S20500309C939B
S20500309D0726
S20500309E0527
S20500309F002B
S2050030A09397
S2050030A10623
S2050030A2F632
S2050030A3FF28
S2050030A463C3
S2050030A50223
S2050030A6061E
S2050030A70C17
S2050030A8938F
S2050030A9869B
S2050030AA160A
S2050030AB001F
S2050030ACB36B
S2050030AD8697
S2050030AED745
S2050030AF001B
S2050030B00317
S2050030B1C752
S2050030B20513
S2050030B30017
S2050030B49383
S2050030B5878E
S2050030B617FD
S2050030B70013
S2050030B8937F
S2050030B9858C
S2050030BA15FB
S2050030BB000F
S2050030BCA36B
S2050030BD8F7E
S2050030BEE725
S2050030BFFE0D
S2050030C0E327
S2050030C19871
S2050030C2D731
S2050030C3FE09
S2050030C4679F
S2050030C58085
S2050030C60004
S2050030C70003
S2050030C8B34F
S2050030C9679A
S2050030CAB54B
S2050030CB00FF
S2050030CC936B
S2050030CDF706
S2050030CE37C5
S2050030CF00FB
S2050030D06397
S2050030D19663
S2050030D207F1
S2050030D308EF
S2050030D49363
S2050030D508ED
S2050030D606EE
S2050030D7FFF4
S2050030D8935F
S2050030D9F8F9
S2050030DA08E8
S2050030DBFFF0
S2050030DC935B
S2050030DD8865
S2050030DE08E4
S2050030DF01EA
S2050030E0B337
S2050030E106E3
S2050030E215D3
S2050030E301E6
S2050030E413D3
S2050030E5875E
S2050030E605DF
S2050030E700E3
S2050030E8934F
S2050030E907DA
S2050030EA05DB
S2050030EB00DF
S2050030EC03DB
S2050030ED28B5
S2050030EE07D5
S2050030EF00DB
S2050030F013C7
S2050030F107D2
S2050030F207D1
S2050030F301D6
S2050030F49343
S2050030F5874E
S2050030F607CD
S2050030F701D2
S2050030F823AF
S2050030F9A829
S2050030FA07C9
S2050030FBFFD0
S2050030FC03CB
S2050030FD28A5
S2050030FE4785
S2050030FFFFCC
S20500310023A6
S205003101AA1E
S20500310207C0
S205003103FFC7
S20500310403C2
S205003105289C
S205003106873C
S205003107FFC3
S205003108239E
S205003109AC14
S20500310A07B8
S20500310BFFBF
S20500310C03BA
S20500310D2894
S20500310EC7F4
S20500310FFFBB
S2050031102396
S205003111AE0A
S20500311207B0
S205003113FFB7
S205003114E3D2
S2050031159C18
S205003116D7DC
S205003117FCB6
S205003118139E
S2050031197838
S20500311AC6E9
S20500311B00AE
S20500311CB3FA
S20500311D8527
S20500311E1596
S20500311F01A9
S2050031201396
S2050031217731
S205003122F6B1
S20500312300A6
S2050031246342
S20500312504A0
S205003126089B
S205003127049E
S205003128138E
S2050031290898
S20500312AC7D8
S20500312BFF9F
S20500312C138A
S20500312D7824
S20500312EC8D3
S20500312FFF9B
S2050031301386
S2050031310890
S205003132484F
S2050031330096
S205003134B3E2
S205003135870D
S205003136068D
S2050031370191
S205003138137E
S2050031398709
S20500313A058A
S20500313B008E
S20500313C830A
S20500313D2864
S20500313E0784
S20500313F008A
S20500314093F6
S2050031418602
S2050031424641
S2050031430086
S2050031441372
S205003145077D
S205003146473C
S2050031470082
S205003148235E
S205003149AED2
S20500314A1669
S20500314BFF7F
S20500314CE39A
S20500314D98E4
S20500314EF685
S20500314FFE7C
S2050031501366
S2050031517602
S2050031523641
S2050031530076
S205003154B3C2
S20500315585EF
S205003156056E
S2050031570171
S2050031586F02
S205003159F080
S20500315A9FD0
S20500315BF47A
S20500315C93DA
S20500315D0666
S20500315EF675
S20500315FFF6B
S20500316093D6
S2050031610761
S2050031620562
S2050031630066
S2050031646FF6
S205003165F074
S2050031665F04
S205003167F46E
S20500316867FA
S20500316980E0
S20500316A005F
S20500316B005E
S20500316C134A
S20500316D0656
S20500316E0754
S20500316F005A
S2050031706FEA
S205003171F068
S2050031721F38
S205003173F363
S2050031741342
S2050031750351
S205003176F063
S2050031770052
S205003178133E
S2050031790749
S20500317A054A
S20500317B004E
S20500317C63EA
S20500317D7ECE
S20500317EC388
S20500317F0248
S20500318093B6
S20500318177D1
S205003182F750
S2050031830046
S20500318463E2
S20500318590B4
S205003186073C
S2050031870A38
S20500318863DE
S20500318992AE
S20500318A053A
S20500318B0836
S20500318C93AA
S20500318D76C6
S20500318E0635
S20500318FFF3B
S2050031901326
S20500319176C2
S205003192F641
S2050031930036
S205003194B382
S20500319586AE
S205003196E64D
S2050031970032
S205003198230E
S2050031992010
S20500319AB778
S20500319B002E
S20500319C230A
S20500319D220A
S20500319EB774
S20500319F002A
S2050031A02306
S2050031A12404
S2050031A2B770
S2050031A30026
S2050031A42302
S2050031A526FE
S2050031A6B76C
S2050031A70022
S2050031A8130E
S2050031A90719
S2050031AA0718
S2050031AB011D
S2050031ACE33A
S2050031AD66B6
S2050031AED744
S2050031AFFE1C
S2050031B063B6
S2050031B11404
S2050031B20611
S2050031B30016
S2050031B467AE
S2050031B58094
S2050031B60013
S2050031B70012
S2050031B8B35E
S2050031B9060A
S2050031BAC34C
S2050031BB40CE
S2050031BC937A
S2050031BD9676
S2050031BE26E5
S2050031BF000A
S2050031C09772
S2050031C10206
S2050031C20007
S2050031C30006
S2050031C4B352
S2050031C5867E
S2050031C656AD
S2050031C70002
S2050031C8679A
S2050031C98080
S2050031CAC639
S2050031CB00FE
S2050031CC23DA
S2050031CD07F5
S2050031CEB744
S2050031CF00FA
S2050031D0A356
S2050031D106F2
S2050031D2B740
S2050031D300F6
S2050031D423D2
S2050031D506EE
S2050031D6B73C
S2050031D700F2
S2050031D8A34E
S2050031D905EB
S2050031DAB738
S2050031DB00EE
S2050031DC23CA
S2050031DD05E7
S2050031DEB734
S2050031DF00EA
S2050031E0A346
S2050031E104E4
S2050031E2B730
S2050031E300E6
S2050031E423C2
S2050031E504E0
S2050031E6B72C
S2050031E700E2
S2050031E8A33E
S2050031E903DD
S2050031EAB728
S2050031EB00DE
S2050031EC23BA
S2050031ED03D9
S2050031EEB724
S2050031EF00DA
S2050031F0A336
S2050031F102D6
S2050031F2B720
S2050031F300D6
S2050031F423B2
S2050031F502D2
S2050031F6B71C
S2050031F700D2
S2050031F8A32E
S2050031F901CF
S2050031FAB718
S2050031FB00CE
S2050031FC23AA
S2050031FD01CB
S2050031FEB714
S2050031FF00CA
S205003200A325
S20500320100C7
S205003202B70F
S20500320300C5
S20500320423A1
S20500320500C3
S205003206B70B
S20500320700C1
S2050032086759
S205003209803F
S20500320A00BE
S20500320B00BD
S20500320C9329
S20500320DF5C6
S20500320EF5C5
S20500320F0FAA
S2050032109325
S2050032119621
S2050032128531
S20500321300B5
S205003214B301
S205003215E5CE
S205003216D5DD
S20500321700B1
S205003218931D
S2050032199619
S20500321A05A9
S20500321B01AC
S20500321CB3F9
S20500321DE5C6
S20500321ED5D5
S20500321F00A9
S2050032206F39
S205003221F0B7
S205003222DFC7
S205003223F6AF
S2050032249311
S205003225960D
S205003226277B
S20500322700A1
S2050032289709
S205003229029D
S20500322A009E
S20500322B009D
S20500322CB3E9
S20500322D8615
S20500322E5644
S20500322F0099
S2050032309305
S2050032318215
S2050032320096
S2050032330095
S205003234E7AD
S2050032358013
S205003236068C
S205003237FA97
S20500323893FD
S205003239800F
S20500323A028C
S20500323B008D
S20500323C93F9
S20500323D8704
S20500323E0783
S20500323FFF8A
S2050032403355
S2050032410780
S205003242F78F
S2050032434045
S2050032443351
S205003245067D
S205003246F68C
S2050032470081
S205003248E39D
S2050032497807
S20500324AC3BB
S20500324BF687
S20500324C6F0D
S20500324DF08B
S20500324EDF9B
S20500324FF386
S205003250B3C5
S205003251C7B0
S205003252A5D1
S2050032530075
S20500325493E1
S205003255F77C
S205003256373B
S2050032570071
S205003258B3BD
S2050032590867
S20500325AC5A9
S20500325B006D
S20500325C6309
S20500325D94D7
S20500325E0763
S20500325F0663
S20500326093D5
S2050032610760
S2050032623036
S2050032630065
S2050032646301
S205003265F073
S205003266C79B
S205003267065B
S20500326893CD
S20500326977E8
S20500326A3529
S20500326B005D
S20500326C1349
S20500326D0754
S20500326E0555
S20500326F0059
S20500327063F5
S2050032719ABD
S205003272074F
S205003273064F
S2050032741341
S205003275F65D
S205003276C88A
S205003277FF52
S205003278B39D
S2050032790649
S20500327AE668
S20500327B400D
S20500327C93B9
S20500327D0744
S20500327E004A
S20500327F0247
S20500328063E5
S205003281CE79
S205003282D76F
S205003283083D
S20500328493B1
S20500328586BD
S205003286053D
S2050032870041
S20500328893AD
S2050032890738
S20500328A0737
S20500328B003D
S20500328C63D9
S20500328D78C3
S20500328EC773
S20500328F0237
S2050032900335
S205003291A88F
S2050032920630
S2050032930035
S20500329493A1
S20500329587AC
S20500329647EB
S2050032970031
S205003298939D
S20500329986A9
S20500329A46E8
S20500329B002D
S20500329C2309
S20500329DAE7D
S20500329E0723
S20500329FFF2A
S2050032A0E345
S2050032A1E83F
S2050032A2C75F
S2050032A3FE27
S2050032A49391
S2050032A5071C
S2050032A6F62C
S2050032A7FF22
S2050032A8B36D
S2050032A98798
S2050032AAE737
S2050032AB40DD
S2050032AC9389
S2050032ADF724
S2050032AEC753
S2050032AFFF1A
S2050032B09385
S2050032B18790
S2050032B247CF
S2050032B30015
S2050032B433E1
S2050032B5070C
S2050032B6F71B
S2050032B70011
S2050032B8B35D
S2050032B9858A
S2050032BAF519
S2050032BB000D
S2050032BC63A9
S2050032BD68A3
S2050032BE17F3
S2050032BF0108
S2050032C067A1
S2050032C18087
S2050032C20006
S2050032C30005
S2050032C413F1
S2050032C507FC
S2050032C605FD
S2050032C70001
S2050032C8639D
S2050032C97887
S2050032CA15E9
S2050032CB05F8
S2050032CC8379
S2050032CDC734
S2050032CE05F5
S2050032CF00F9
S2050032D013E5
S2050032D107F0
S2050032D217DF
S2050032D300F5
S2050032D49361
S2050032D5856E
S2050032D615DD
S2050032D700F1
S2050032D8A34D
S2050032D90FE0
S2050032DAF7F7
S2050032DBFEEF
S2050032DCE309
S2050032DD9853
S2050032DEE802
S2050032DFFEEB
S2050032E06781
S2050032E18067
S2050032E200E6
S2050032E300E5
S2050032E48361
S2050032E5C61D
S2050032E605DD
S2050032E700E1
S2050032E813CD
S2050032E907D8
S2050032EA17C7
S2050032EB00DD
S2050032EC9349
S2050032ED7764
S2050032EE37A3
S2050032EF00D9
S2050032F0A335
S2050032F10FC8
S2050032F2D7FF
S2050032F3FED7
S2050032F49341
S2050032F5854E
S2050032F615BD
S2050032F700D1
S2050032F8E3ED
S2050032F98E41
S2050032FA07C7
S2050032FBF6D7
S2050032FC8349
S2050032FDC605
S2050032FE05C5
S2050032FF00C9
S20500330013B4
S20500330107BF
S20500330217AE
S20500330300C4
S2050033049330
S205003305774B
S205003306378A
S20500330700C0
S205003308A31C
S2050033090FAF
S20500330AD7E6
S20500330BFEBE
S20500330C9328
S20500330D8535
S20500330E15A4
S20500330F00B8
S205003310E3D4
S2050033119A1C
S20500331207AE
S205003313FCB8
S2050033146F44
S205003315F0C2
S2050033161F92
S205003317F6BA
S2050033186748
S205003319802E
S20500331A00AD
S20500331B00AC
S20500331C1398
S20500331D01A9
S20500331E01A8
S20500331FFFA9
S2050033202384
S2050033212680
S2050033228124
S20500332300A4
S2050033241390
S205003325049E
S20500332600A1
S205003327029E
S205003328831C
S205003329A3FB
S20500332A0598
S20500332B009C
S20500332C8318
S20500332DA2F8
S20500332E4554
S20500332F0098
S2050033308314
S205003331AFE7
S2050033328510
S2050033330094
S2050033340390
S205003335AFE3
S205003336C5CC
S2050033370090
S205003338830C
S205003339AEE0
S20500333A0588
S20500333B018B
S20500333C0388
S20500333DAEDC
S20500333E4544
S20500333F0187
S2050033400384
S205003341A3E3
S2050033428500
S2050033430183
S2050033440380
S205003345A8DA
S205003346C5BC
S205003347017F
S20500334883FC
S205003349A6D8
S20500334A0578
S20500334B027A
S20500334C1368
S20500334D0773
S20500334E4732
S20500334F0276
S205003350B3C4
S205003351076F
S205003352E68F
S2050033534034
S2050033542350
S2050033552E44
S20500335677FA
S205003357FC74
S205003358234C
S205003359204E
S20500335A5716
S20500335BFE6E
S20500335C2348
S20500335D2248
S20500335EF772
S20500335FFF69
S2050033602344
S2050033612442
S205003362E77E
S205003363FF65
S2050033642340
S205003365263C
S205003366D78A
S205003367FF61
S205003368233C
S2050033692836
S20500336AC796
S20500336BFF5D
S20500336C2338
S20500336D2A30
S20500336E67F2
S20500336FFE5A
S2050033702334
S2050033712C2A
S205003372074E
S205003373FF55
S2050033742330
S2050033752E24
S205003376D77A
S205003377FE52
S20500337893BC
S20500337985C9
S20500337A4508
S20500337B024A
S20500337CE368
S20500337D4604
S20500337EF455
S20500337FFA4E
S20500338093B4
S20500338186C0
S2050033820540
S2050033830044
S20500338493B0
S205003385073B
S205003386073A
S2050033870040
S20500338863DC
S20500338978C6
S20500338AC776
S20500338B023A
S20500338C0338
S20500338DA892
S20500338E0633
S20500338F0038
S20500339093A4
S20500339187AF
S20500339247EE
S2050033930034
S20500339493A0
S20500339586AC
S20500339646EB
S2050033970030
S205003398230C
S205003399AE80
S20500339A0726
S20500339BFF2D
S20500339CE348
S20500339DE842
S20500339EC762
S20500339FFE2A
S2050033A09394
S2050033A1071F
S2050033A2F62F
S2050033A3FF25
S2050033A4B370
S2050033A5879B
S2050033A6E73A
S2050033A740E0
S2050033A8938C
S2050033A9F727
S2050033AAC756
S2050033ABFF1D
S2050033AC9388
S2050033AD8793
S2050033AE47D2
S2050033AF0018
S2050033B033E4
S2050033B1070F
S2050033B2F71E
S2050033B30014
S2050033B4B360
S2050033B5858D
S2050033B6F51C
S2050033B70010
S2050033B863AC
S2050033B968A6
S2050033BA17F6
S2050033BB010B
S2050033BC0308
S2050033BD24E6
S2050033BEC148
S2050033BF0008
S2050033C013F4
S2050033C10105
S2050033C20104
S2050033C30103
S2050033C4679C
S2050033C58082
S2050033C60001
S2050033C70000
S2050033C8837C
S2050033C9C737
S2050033CA05F8
S2050033CB00FC
S2050033CC13E8
S2050033CD07F3
S2050033CE17E2
S2050033CF00F8
S2050033D09364
S2050033D18571
S2050033D215E0
S2050033D300F4
S2050033D4A350
S2050033D50FE3
S2050033D6F7FA
S2050033D7FEF2
S2050033D8E30C
S2050033D9826C
S2050033DAE805
S2050033DBFEEE
S2050033DC8368
S2050033DDC723
S2050033DE05E4
S2050033DF00E8
S2050033E013D4
S2050033E107DF
S2050033E217CE
S2050033E300E4
S2050033E49350
S2050033E5855D
S2050033E615CC
S2050033E700E0
S2050033E8A33C
S2050033E90FCF
S2050033EAF7E6
S2050033EBFEDE
S2050033ECE3F8
S2050033ED9E3C
S2050033EEE8F1
S2050033EFFCDC
S2050033F06F68
S2050033F1F0E6
S2050033F2DFF6
S2050033F3FCD8
S2050033F433A0
S2050033F5676B
S2050033F6B51C
S2050033F700D0
S2050033F8933C
S2050033F903CB
S2050033FAF0DD
S2050033FBFFCD
S2050033FC13B8
S2050033FD7753
S2050033FE3792
S2050033FF00C8
S2050034006363
S20500340110B5
S20500340207BD
S20500340310B3
S205003404B70B
S205003405873A
S2050034067F41
S2050034077F40
S205003408932B
S2050034098736
S20500340AF7C5
S20500340BF7C4
S20500340C03B7
S20500340D2693
S20500340E05B3
S20500340F00B7
S2050034108333
S205003411A60F
S20500341205AF
S20500341300B3
S205003414B3FF
S205003415723F
S205003416F6BA
S20500341700AF
S205003418337B
S205003419634A
S20500341AF6B6
S20500341B00AB
S20500341CB3F7
S20500341D8227
S20500341EF2B6
S20500341F00A7
S205003420B3F3
S205003421E2C3
S2050034226242
S20500342300A3
S205003424633F
S205003425920F
S205003426722E
S205003427108F
S205003428633B
S2050034291687
S20500342AD6C6
S20500342B0893
S20500342C0397
S20500342D2673
S20500342E4553
S20500342F0097
S2050034308313
S205003431A6EF
S205003432454F
S2050034330093
S205003434B3DF
S205003435721F
S205003436F69A
S205003437008F
S205003438335B
S205003439632A
S20500343AF696
S20500343B008B
S20500343CB3D7
S20500343D8207
S20500343EF296
S20500343F0087
S205003440B3D3
S205003441E2A3
S2050034426222
S2050034430083
S205003444631F
S2050034459EE3
S205003446720E
S2050034470C73
S205003448631B
S2050034491667
S20500344AD6A6
S20500344B0675
S20500344C0377
S20500344D2653
S20500344E85F3
S20500344F0077
S20500345083F3
S205003451A6CF
S20500345285EF
S2050034530073
S205003454B3BF
S20500345572FF
S205003456F67A
S205003457006F
S205003458333B
S205003459630A
S20500345AF676
S20500345B006B
S20500345CB3B7
S20500345D82E7
S20500345EF276
S20500345F0067
S205003460B3B3
S205003461E283
S2050034626202
S2050034630063
S20500346463FF
S20500346598C9
S20500346672EE
S2050034670C53
S20500346863FB
S2050034691647
S20500346AD686
S20500346B0457
S20500346C0357
S20500346D2633
S20500346EC593
S20500346F0057
S20500347083D3
S205003471A6AF
S205003472C58F
S2050034730053
S205003474B39F
S20500347572DF
S205003476F65A
S205003477004F
S205003478331B
S20500347963EA
S20500347AF656
S20500347B004B
S20500347CB397
S20500347D82C7
S20500347EF256
S20500347F0047
S205003480B393
S205003481E263
S20500348262E2
S2050034830043
S20500348463DF
S20500348592AF
S20500348672CE
S2050034870C33
S20500348863DB
S2050034891627
S20500348AD666
S20500348B0239
S20500348C0337
S20500348D2613
S20500348E0533
S20500348F0136
S20500349083B3
S205003491A68F
S205003492052F
S2050034930132
S205003494B37F
S20500349572BF
S205003496F63A
S205003497002F
S20500349833FB
S20500349963CA
S20500349AF636
S20500349B002B
S20500349CB377
S20500349D82A7
S20500349EF236
S20500349F0027
S2050034A0B373
S2050034A1E243
S2050034A262C2
S2050034A30023
S2050034A463BF
S2050034A59C85
S2050034A672AE
S2050034A70A15
S2050034A8130B
S2050034A90518
S2050034AA45D7
S2050034AB011A
S2050034AC9387
S2050034AD8594
S2050034AE45D3
S2050034AF0116
S2050034B0E333
S2050034B10E07
S2050034B2D63E
S2050034B3F41F
S2050034B413FF
S2050034B517FA
S2050034B6060A
S2050034B7010E
S2050034B8937B
S2050034B99776
S2050034BA0606
S2050034BB010A
S2050034BC63A7
S2050034BD1EEB
S2050034BEF711
S2050034BF0007
S2050034C013F3
S2050034C157AE
S2050034C206FE
S2050034C30102
S2050034C4936F
S2050034C5D72A
S2050034C606FA
S2050034C701FE
S2050034C833CB
S2050034C905F8
S2050034CAF705
S2050034CB40BB
S2050034CC9367
S2050034CD7584
S2050034CEF503
S2050034CF0FE8
S2050034D06393
S2050034D19065
S2050034D205EF
S2050034D302F1
S2050034D4678B
S2050034D58071
S2050034D600F0
S2050034D700EF
S2050034D813DB
S2050034D95796
S2050034DA07E5
S2050034DB01EA
S2050034DC9357
S2050034DDD712
S2050034DE07E1
S2050034DF01E6
S2050034E033B3
S2050034E105E0
S2050034E2F7ED
S2050034E340A3
S2050034E4934F
S2050034E5756C
S2050034E6F5EB
S2050034E70FD0
S2050034E8637B
S2050034E99449
S2050034EA05D7
S2050034EB00DB
S2050034EC6773
S2050034ED8059
S2050034EE00D8
S2050034EF00D7
S2050034F013C3
S2050034F1775E
S2050034F2F7DD
S2050034F30FC4
S2050034F4933F
S2050034F5F7DA
S2050034F6F7D9
S2050034F70FC0
S2050034F8339B
S2050034F905C8
S2050034FAF7D5
S2050034FB408B
S2050034FC6763
S2050034FD8049
S2050034FE00C8
S2050034FF00C7
S20500350003C2
S205003501467E
S20500350205BE
S20500350300C2
S205003504833E
S205003505C6FA
S20500350605BA
S20500350700BE
S20500350813AA
S20500350905B7
S20500350A15A6
S20500350B00BA
S20500350C9326
S20500350D8533
S20500350E15A2
S20500350F00B6
S2050035106352
S20500351114A0
S205003512D6DD
S20500351300B2
S205003514E3CE
S205003515169A
S20500351606A9
S205003517FEB0
S205003518337A
S20500351905A7
S20500351AD6D5
S20500351B406A
S20500351C6742
S20500351D8028
S20500351E00A7
S20500351F00A6
S2050035201392
S205003521059F
S205003522455E
S20500352300A2
S205003524930E
S205003525851B
S205003526455A
S205003527009E
S205003528E3BA
S2050035291C80
S20500352AD6C5
S20500352BFC9E
S20500352C1386
S20500352D0593
S20500352E0097
S20500352F0096
S205003530672E
S2050035318014
S2050035320093
S2050035330092
S205003534137E
S205003535058B
S205003536850A
S205003537008E
S20500353893FA
S2050035398507
S20500353A8506
S20500353B008A
S20500353CE3A6
S20500353D1276
S20500353ED6B1
S20500353FFC8A
S2050035401372
S205003541057F
S2050035420083
S2050035430082
S205003544671A
S2050035458000
S205003546007F
S205003547007E
S205003548136A
S2050035490577
S20500354AC5B6
S20500354B007A
S20500354C93E6
S20500354D85F3
S20500354EC5B2
S20500354F0076
S205003550E392
S205003551185C
S205003552D69D
S205003553FA78
S205003554135E
S205003555056B
S205003556006F
S205003557006E
S2050035586706
S20500355980EC
S20500355A006B
S20500355B006A
S20500355C1356
S20500355D0563
S20500355E0562
S20500355F0165
S20500356093D2
S20500356185DF
S205003562055E
S2050035630161
S205003564E37E
S2050035651E42
S205003566D689
S205003567F866
S205003568134A
S2050035690557
S20500356A005B
S20500356B005A
S20500356C67F2
S20500356D80D8
S20500356E0057
S20500356F0056
S2050035700055
S2050035710054
S2050035720053
S2050035730052
S2050035740051
S2050035750050
S205003576004F
S205003577004E
S205003578004D
S205003579004C
S20500357A004B
S20500357B004A
S20500357C0049
S20500357D0048
S20500357E0047
S20500357F0046
S2050035801332
S2050035810143
S2050035820142
S205003583EF53
S205003584231E
S205003585221E
S20500358691AE
S205003587102E
S205003588231A
S205003589201C
S20500358A211A
S20500358B1129
S20500358C2316
S20500358D2A0E
S20500358E51E6
S20500358F0F27
S2050035902312
S205003591280C
S20500359261D2
S2050035930F23
S205003594230E
S205003595260A
S205003596111E
S205003597101E
S205003598230A
S2050035992408
S20500359A81AA
S20500359B101A
S20500359C2306
S20500359D2EFA
S20500359E31F6
S20500359F0F17
S2050035A02302
S2050035A12CF8
S2050035A241E2
S2050035A30F13
S2050035A423FE
S2050035A526FA
S2050035A671AE
S2050035A70F0F
S2050035A823FA
S2050035A924F8
S2050035AA819A
S2050035AB0F0B
S2050035AC23F6
S2050035AD22F6
S2050035AE9186
S2050035AF0F07
S2050035B023F2
S2050035B120F4
S2050035B2A172
S2050035B30F03
S2050035B423EE
S2050035B52EE2
S2050035B6B15E
S2050035B70D01
S2050035B813FA
S2050035B98983
S2050035BA0605
S2050035BB000A
S2050035BC9376
S2050035BD0AFE
S2050035BE0502
S2050035BF0006
S2050035C013F2
S2050035C18B79
S2050035C205FE
S2050035C30002
S2050035C4936E
S2050035C504FC
S2050035C606F9
S2050035C700FE
S2050035C8639A
S2050035C98478
S2050035CA06F5
S2050035CB00FA
S2050035CC6F8A
S2050035CD00F8
S2050035CE10E7
S2050035CF7F77
S2050035D08372
S2050035D127CD
S2050035D2CB28
S2050035D301F1
S2050035D413DE
S2050035D58769
S2050035D604EB
S2050035D700EE
S2050035D8935A
S2050035D906E6
S2050035DA00EB
S2050035DB00EA
S2050035DC23C6
S2050035DD26C2
S2050035DEF1F6
S2050035DF08DE
S2050035E023C2
S2050035E124C0
S2050035E25192
S2050035E303DF
S2050035E413CE
S2050035E50CD4
S2050035E60BD4
S2050035E700DE
S2050035E823BA
S2050035E92CB0
S2050035EA914A
S2050035EB08D2
S2050035EC23B6
S2050035ED2EAA
S2050035EE21B6
S2050035EF09CD
S2050035F09342
S2050035F1874D
S2050035F20AC9
S2050035F300D2
S2050035F413BE
S2050035F5864A
S2050035F617B8
S2050035F700CE
S2050035F823AA
S2050035F92AA2
S2050035FAC10A
S2050035FB04C6
S2050035FC13B6
S2050035FD8642
S2050035FE27A0
S2050035FF00C6
S20500360023A1
S2050036012C97
S205003602C101
S20500360304BD
S20500360413AD
S2050036058639
S2050036063787
S20500360700BD
S2050036082399
S2050036092E8D
S20500360AC1F9
S20500360B04B5
S20500360C13A5
S20500360D8631
S20500360EF7BF
S20500360F01B4
S2050036102391
S2050036112093
S205003612C1F1
S20500361306AB
S205003614139D
S2050036158629
S20500361607A7
S20500361702AB
S2050036182389
S2050036192685
S20500361AC1E9
S20500361B02A7
S20500361C1395
S20500361D8621
S20500361E178F
S20500361F02A3
S2050036202381
S2050036212281
S205003622C1E1
S205003623069B
S205003624138D
S2050036258619
S2050036262777
S205003627029B
S2050036282379
S2050036292477
S20500362AC1D9
S20500362B0693
S20500362C1385
S20500362D8611
S20500362E375F
S20500362F0293
S2050036302371
S205003631266D
S205003632C1D1
S205003633068B
S205003634137D
S2050036358609
S205003636F797
S205003637038A
S2050036382369
S2050036392863
S20500363AC1C9
S20500363B0683
S20500363C1375
S20500363D8601
S20500363E077F
S20500363F0481
S2050036402361
S2050036412A59
S205003642C1C1
S205003643067B
S205003644136D
S20500364586F9
S2050036461767
S2050036470479
S2050036482359
S2050036492C4F
S20500364AC1B9
S20500364B0673
S20500364C1365
S20500364D86F1
S20500364E274F
S20500364F0471
S2050036502351
S2050036512E45
S205003652C1B1
S205003653066B
S205003654135D
S20500365586E9
S2050036563737
S2050036570469
S2050036582349
S205003659204B
S20500365AC1A9
S20500365B0861
S20500365C1355
S20500365D86E1
S20500365EF76F
S20500365F0560
S2050036602341
S2050036612241
S205003662C1A1
S2050036630859
S205003664134D
S20500366586D9
S2050036660757
S2050036670657
S2050036682339
S2050036692437
S20500366AC199
S20500366B0851
S20500366C1345
S20500366D86D1
S20500366E173F
S20500366F064F
S2050036702331
S205003671282B
S205003672C191
S205003673024F
S205003674133D
S20500367586C9
S2050036762727
S2050036770647
S2050036782329
S2050036792A21
S20500367AC189
S20500367B0247
S20500367C1335
S20500367D86C1
S20500367E370F
S20500367F063F
S2050036802321
S2050036812C17
S205003682C181
S205003683023F
S205003684132D
S20500368586B9
S205003686F747
S2050036870736
S2050036882319
S2050036892E0D
S20500368AC179
S20500368B0237
S20500368C1325
S20500368D86B1
S20500368E072F
S20500368F082D
S2050036902311
S2050036912013
S205003692C171
S205003693042D
S205003694131D
S20500369586A9
S2050036961717
S2050036970825
S2050036989399
S2050036998D9E
S20500369A0723
S20500369B0029
S20500369C2305
S20500369D2205
S20500369EC165
S20500369F0421
S2050036A01311
S2050036A1869D
S2050036A227FB
S2050036A30819
S2050036A4938D
S2050036A58798
S2050036A637E7
S2050036A70815
S2050036A89389
S2050036A98695
S2050036AA0614
S2050036AB0217
S2050036AC23F5
S2050036AD26F1
S2050036AEF125
S2050036AF0411
S2050036B09381
S2050036B1070C
S2050036B2F71B
S2050036B3FF12
S2050036B4937D
S2050036B50906
S2050036B6000E
S2050036B7000D
S2050036B823E9
S2050036B924E7
S2050036BAC149
S2050036BB0405
S2050036BC23E5
S2050036BD28DF
S2050036BEF115
S2050036BF0401
S2050036C023E1
S2050036C128DB
S2050036C2D131
S2050036C308F9
S2050036C423DD
S2050036C52AD5
S2050036C6E11D
S2050036C708F5
S2050036C803F9
S2050036C927D4
S2050036CA8179
S2050036CB02F7
S2050036CC9365
S2050036CD896E
S2050036CE19DD
S2050036CF00F5
S2050036D08371
S2050036D1C72C
S2050036D20DE5
S2050036D300F1
S2050036D4836D
S2050036D546A9
S2050036D60CE2
S2050036D700ED
S2050036D88369
S2050036D925C6
S2050036DA8169
S2050036DB05E4
S2050036DCB335
S2050036DD0DDA
S2050036DE37AF
S2050036DF01E4
S2050036E003E1
S2050036E127BC
S2050036E241A1
S2050036E305DC
S2050036E4934D
S2050036E59649
S2050036E68658
S2050036E701DC
S2050036E88359
S2050036E9C417
S2050036EA0DCD
S2050036EB00D9
S2050036EC33A5
S2050036ED07D0
S2050036EE379F
S2050036EF01D4
S2050036F003D1
S2050036F1468D
S2050036F21CB6
S2050036F300D1
S2050036F4B31D
S2050036F5854A
S2050036F63599
S2050036F701CC
S2050036F89339
S2050036F9D6F5
S2050036FA8644
S2050036FB4188
S2050036FC03C5
S2050036FD4483
S2050036FE07BF
S2050036FF00C5
S205003700B310
S205003701873B
S205003702D7EA
S20500370302BE
S20500370403BC
S2050037054777
S2050037062C91
S20500370700BC
S2050037088338
S2050037092694
S20500370A01B8
S20500370B06B2
S20500370C8334
S20500370DC2F4
S20500370E05B0
S20500370F00B4
S2050037108330
S205003711258D
S205003712C1F0
S20500371305AB
S205003714139C
S2050037151698
S2050037168627
S20500371701AB
S2050037181398
S2050037195654
S20500371A8623
S20500371B4167
S20500371CB3F4
S20500371D8521
S20500371E3570
S20500371F01A3
S205003720B3F0
S205003721861C
S205003722366B
S205003723019F
S205003724039C
S2050037254856
S2050037263C61
S205003727009C
S205003728B3E8
S2050037298416
S20500372AC4D5
S20500372B0296
S20500372C8314
S20500372DCFC7
S20500372E0590
S20500372F0094
S2050037300390
S205003731266C
S2050037324150
S205003733068A
S205003734830C
S2050037354A44
S2050037364C41
S205003737008C
S2050037388308
S205003739C5C5
S20500373A0683
S20500373B0088
S20500373C8304
S20500373D2660
S20500373EC1C4
S20500373F0282
S2050037401370
S205003741176B
S20500374287FA
S205003743017F
S205003744136C
S2050037455727
S20500374687F6
S205003747413B
S2050037483348
S2050037490674
S20500374A3643
S20500374B0177
S20500374CB3C4
S20500374D86F0
S20500374E363F
S20500374F0173
S2050037500370
S2050037514929
S2050037525C15
S2050037530070
S205003754333C
S205003755046A
S205003756E489
S205003757026A
S20500375883E8
S205003759C6A4
S20500375A0663
S20500375B0068
S20500375C0364
S20500375D273F
S20500375EC1A4
S20500375F065E
S20500376083E0
S205003761431F
S2050037626CF5
S2050037630060
S20500376483DC
S2050037652836
S205003766015C
S2050037670755
S2050037680358
S2050037694F0B
S20500376A0653
S20500376B0058
S20500376C0354
S20500376D2630
S20500376E81D4
S20500376F064E
S2050037701340
S205003771183A
S20500377288C9
S205003773014F
S205003774133C
S20500377558F6
S20500377688C5
S205003777410B
S2050037783318
S2050037790644
S20500377A3613
S20500377B0147
S20500377C3314
S20500377D073F
S20500377E370E
S20500377F0143
S205003780B390
S20500378188BA
S2050037823809
S205003783013F
S205003784033C
S20500378545F9
S2050037867CC1
S205003787003C
S205003788B388
S20500378982B8
S20500378A0237
S20500378B0335
S20500378C83B4
S20500378D4EE8
S20500378E062F
S20500378F0034
S2050037900330
S20500379146EC
S2050037928CA5
S2050037930030
S205003794032C
S2050037954EE0
S2050037960726
S205003797002C
S2050037980328
S20500379947E3
S20500379A9C8D
S20500379B0028
S20500379C0324
S20500379DC363
S20500379E081D
S20500379F0024
S2050037A00320
S2050037A14DD5
S2050037A2AC75
S2050037A30020
S2050037A4031C
S2050037A528F6
S2050037A641DC
S2050037A70715
S2050037A80318
S2050037A92BEF
S2050037AAC158
S2050037AB0711
S2050037AC9384
S2050037AD9A7C
S2050037AE8A8B
S2050037AF0113
S2050037B033E0
S2050037B1080A
S2050037B238D9
S2050037B3010F
S2050037B4838C
S2050037B548C6
S2050037B60805
S2050037B7000C
S2050037B80308
S2050037B928E2
S2050037BA8188
S2050037BB0701
S2050037BC9374
S2050037BDDA2C
S2050037BE8A7B
S2050037BF41C3
S2050037C033D0
S2050037C10BF7
S2050037C23BC6
S2050037C301FF
S2050037C433CC
S2050037C508F6
S2050037C638C5
S2050037C701FB
S2050037C88378
S2050037C94CAE
S2050037CABC3D
S2050037CB00F8
S2050037CCB344
S2050037CD8F67
S2050037CE5F96
S2050037CF03F1
S2050037D003F0
S2050037D148AA
S2050037D208E9
S2050037D300F0
S2050037D403EC
S2050037D54AA4
S2050037D6CC21
S2050037D700EC
S2050037D88368
S2050037D94AA0
S2050037DA0BDE
S2050037DB00E8
S2050037DC03E4
S2050037DD2BBB
S2050037DE01E4
S2050037DF08DC
S2050037E08360
S2050037E14B97
S2050037E2DC05
S2050037E300E0
S2050037E423BC
S2050037E528B6
S2050037E6518C
S2050037E701DB
S2050037E8B328
S2050037E90AD0
S2050037EA3B9E
S2050037EB01D7
S2050037EC03D4
S2050037EDCB0B
S2050037EE0ACB
S2050037EF00D4
S2050037F08350
S2050037F12AA8
S2050037F2C110
S2050037F308C8
S2050037F413BC
S2050037F519B5
S2050037F68944
S2050037F701CB
S2050037F813B8
S2050037F95971
S2050037FA8940
S2050037FB4187
S2050037FC9334
S2050037FD9333
S2050037FE8342
S2050037FF01C3
S205003800B30F
S205003801853C
S205003802259B
S20500380303BC
S205003804932B
S205003805D3EA
S2050038068339
S205003807417A
S205003808B307
S2050038098732
S20500380A5761
S20500380B01B6
S20500380CB303
S20500380D872E
S20500380EF4C0
S20500380F00B3
S205003810832F
S2050038112A87
S205003812416F
S20500381308A7
S205003814931B
S2050038151499
S2050038168A22
S20500381701AA
S20500381803A7
S2050038192A7F
S20500381A8127
S20500381B089F
S20500381C9313
S20500381DD4D1
S20500381E8420
S20500381F4162
S205003820B3EF
S205003821079A
S205003822F4AC
S205003823009F
S205003824138B
S2050038251588
S2050038268517
S205003827019A
S205003828B3E7
S2050038298613
S20500382A7622
S20500382B0295
S20500382C1383
S20500382D5540
S20500382E850F
S20500382F4152
S205003830830F
S205003831236E
S205003832018F
S205003833038C
S205003834B3DB
S2050038358A03
S2050038363A52
S205003837018A
S2050038382367
S2050038392465
S20500383A91F7
S20500383B0087
S20500383CB3D3
S20500383D87FE
S20500383EF292
S20500383F0083
S205003840B3CF
S205003841047D
S2050038423A46
S205003843017E
S20500384483FB
S205003845225B
S205003846413B
S2050038470378
S2050038481367
S2050038491663
S20500384A86F2
S20500384B0176
S20500384C1363
S20500384D561F
S20500384E86EE
S20500384F4132
S205003850333F
S2050038510F62
S205003852AFC1
S205003853026D
S205003854234B
S2050038552A43
S205003856610B
S205003857016A
S2050038581357
S2050038591752
S20500385A87E1
S20500385B0166
S20500385C0363
S20500385D4B1A
S20500385EEC78
S20500385F0063
S205003860035F
S205003861C998
S2050038620A56
S205003863005F
S20500386483DB
S2050038654A13
S205003866FC60
S205003867005B
S2050038680357
S205003869CA8F
S20500386A0454
S20500386B0057
S20500386C1343
S20500386D57FE
S20500386E87CD
S20500386F4112
S205003870133F
S2050038711D34
S2050038728DC3
S205003873014E
S205003874133B
S2050038755DF0
S2050038768DBF
S205003877410A
S205003878B397
S2050038798EBB
S20500387ACE7A
S20500387B0245
S20500387CB393
S20500387D83C2
S20500387E3311
S20500387F0142
S205003880B38F
S20500388182BF
S205003882320E
S205003883013E
S205003884231B
S2050038852C11
S205003886211B
S205003887013A
S2050038882317
S2050038892E0B
S20500388A41F7
S20500388B0136
S20500388C0333
S20500388D4AEB
S20500388E0C28
S20500388F0132
S20500389083AF
S205003891C36E
S205003892032D
S205003893002F
S205003894032B
S20500389549E4
S2050038961C10
S205003897012A
S20500389883A7
S205003899C267
S20500389A0226
S20500389B0027
S20500389CB373
S20500389D879E
S20500389EFF25
S20500389F0023
S2050038A033EF
S2050038A10E13
S2050038A2EE32
S2050038A3021D
S2050038A4B36B
S2050038A58796
S2050038A6F527
S2050038A7001B
S2050038A8B367
S2050038A98693
S2050038AAF622
S2050038AB0017
S2050038AC8393
S2050038AD44D1
S2050038AE2CE8
S2050038AF0112
S2050038B023EF
S2050038B120F1
S2050038B2719F
S2050038B3020D
S2050038B423EB
S2050038B522EB
S2050038B651BB
S2050038B70209
S2050038B80307
S2050038B925E4
S2050038BA8187
S2050038BB0304
S2050038BC8383
S2050038BD25E0
S2050038BEC143
S2050038BF0300
S2050038C0837F
S2050038C127DA
S2050038C201FF
S2050038C304FB
S2050038C433CB
S2050038C505F8
S2050038C635C7
S2050038C701FA
S2050038C833C7
S2050038C903F6
S2050038CAA355
S2050038CB03F4
S2050038CCB343
S2050038CD876E
S2050038CE37BD
S2050038CF01F2
S2050038D0B33F
S2050038D1856C
S2050038D235BB
S2050038D301EE
S2050038D403EB
S2050038D545A8
S2050038D605E7
S2050038D700EB
S2050038D803E7
S2050038D944A5
S2050038DA3CAC
S2050038DB01E6
S2050038DC8363
S2050038DDC520
S2050038DE05DF
S2050038DF00E3
S2050038E0835F
S2050038E1439E
S2050038E24C94
S2050038E301DE
S2050038E403DB
S2050038E5C617
S2050038E607D5
S2050038E700DB
S2050038E8B327
S2050038E907D2
S2050038EADFF9
S2050038EB00D7
S2050038ECB323
S2050038ED8E47
S2050038EEFED6
S2050038EF00D3
S2050038F0339F
S2050038F10EC3
S2050038F2DEF2
S2050038F301CE
S2050038F4339B
S2050038F503CA
S2050038F6C309
S2050038F701CA
S2050038F89337
S2050038F99C2D
S2050038FA8C3C
S2050038FB01C6
S2050038FC03C3
S2050038FD2E97
S2050038FE8143
S2050038FF00C3
S205003900932E
S205003901DCE4
S2050039028C33
S205003903417D
S205003904B30A
S2050039058834
S2050039069823
S20500390703B7
S2050039089326
S2050039099B1D
S20500390A8B2C
S20500390B01B5
S20500390C9322
S20500390DDBD9
S20500390E8B28
S20500390F4171
S205003910139E
S2050039111B95
S2050039128B24
S20500391301AD
S205003914139A
S2050039155B51
S2050039168B20
S2050039174169
S2050039189316
S2050039199A0E
S20500391A8A1D
S20500391B01A5
S20500391C9312
S20500391DDACA
S20500391E8A19
S20500391F4161
S205003920138E
S2050039211A86
S2050039228A15
S205003923019D
S205003924138A
S2050039255A42
S2050039268A11
S2050039274159
S2050039288316
S2050039292672
S20500392A4156
S20500392B0492
S20500392C3362
S20500392D088C
S20500392EC8CB
S20500392F038F
S205003930B3DE
S2050039318808
S2050039326827
S205003933008E
S205003934038A
S2050039352369
S205003936018A
S2050039370189
S2050039388306
S2050039392761
S20500393A8106
S20500393B0482
S20500393CB3D2
S20500393D86FE
S20500393E364D
S20500393F0181
S20500394083FE
S205003941423E
S2050039425C23
S205003943017D
S205003944B3CA
S20500394587F5
S2050039463744
S2050039470179
S20500394883F6
S205003949C6B2
S20500394A0671
S20500394B0076
S20500394C1362
S20500394D195B
S20500394E89EA
S20500394F0171
S20500395083EE
S2050039514F21
S2050039526C03
S205003953016D
S205003954333A
S2050039550864
S2050039561853
S2050039570169
S20500395883E6
S2050039592840
S20500395A4126
S20500395B0165
S20500395C3332
S20500395D0361
S20500395E73F0
S20500395F035F
S205003960035E
S205003961C799
S2050039620758
S205003963005E
S20500396483DA
S2050039652735
S205003966C19A
S2050039670456
S2050039681346
S20500396959FF
S20500396A89CE
S20500396B4115
S20500396C93C2
S20500396D94C0
S20500396E84CF
S20500396F0151
S20500397093BE
S205003971D47C
S20500397284CB
S205003973410D
S205003974133A
S2050039751438
S20500397684C7
S2050039770149
S2050039780346
S2050039794FF9
S20500397A7CCB
S20500397B0145
S20500397C1332
S20500397D54F0
S20500397E84BF
S20500397F4101
S20500398093AE
S20500398193AD
S20500398283BC
S205003983013D
S205003984B38A
S20500398588B4
S20500398668D3
S2050039870337
S2050039883306
S2050039890335
S20500398A0334
S20500398B0135
S20500398C0332
S20500398D280C
S20500398E81B2
S20500398F0131
S205003990B37E
S20500399187A9
S20500399237F8
S205003993012D
S20500399483AA
S205003995C765
S2050039960724
S205003997002A
S2050039989396
S205003999D355
S20500399A83A4
S20500399B41E5
S20500399C83A2
S20500399D4ED6
S20500399E8C97
S20500399F0121
S2050039A0938E
S2050039A1928E
S2050039A2829D
S2050039A3011D
S2050039A4938A
S2050039A5D24A
S2050039A68299
S2050039A741D9
S2050039A89386
S2050039A99F79
S2050039AA8F88
S2050039AB0115
S2050039ACB362
S2050039AD888C
S2050039AE68AB
S2050039AF0012
S2050039B0030E
S2050039B123ED
S2050039B2C14E
S2050039B3010D
S2050039B433DA
S2050039B50804
S2050039B658B3
S2050039B70307
S2050039B89376
S2050039B9DF29
S2050039BA8F78
S2050039BB41C5
S2050039BC13F2
S2050039BD1FE5
S2050039BE8F74
S2050039BF0101
S2050039C013EE
S2050039C15FA1
S2050039C28F70
S2050039C341BD
S2050039C4936A
S2050039C59E5E
S2050039C68E6D
S2050039C701F9
S2050039C89366
S2050039C9DE1A
S2050039CA8E69
S2050039CB41B5
S2050039CC03F2
S2050039CD2DC7
S2050039CE01F2
S2050039CF05ED
S2050039D033BE
S2050039D10DE3
S2050039D23DB2
S2050039D301ED
S2050039D433BA
S2050039D503E9
S2050039D643A8
S2050039D703E7
S2050039D833B6
S2050039D908E0
S2050039DA18CF
S2050039DB01E5
S2050039DC8362
S2050039DD28BC
S2050039DE01E2
S2050039DF02E0
S2050039E023BE
S2050039E126BA
S2050039E2A13E
S2050039E301DD
S2050039E413CA
S2050039E50DCF
S2050039E600DB
S2050039E700DA
S2050039E833A6
S2050039E903D5
S2050039EA03D4
S2050039EB01D5
S2050039EC03D2
S2050039ED28AC
S2050039EE4192
S2050039EF02D0
S2050039F0B31E
S2050039F18848
S2050039F228A7
S2050039F303CB
S2050039F4339A
S2050039F508C4
S2050039F69833
S2050039F702C8
S2050039F8B316
S2050039F98840
S2050039FA685F
S2050039FB00C6
S2050039FC3392
S2050039FD05BF
S2050039FE853E
S2050039FF02C0
S205003A00338D
S205003A0108B7
S205003A0218A6
S205003A0301BC
S205003A04B309
S205003A058536
S205003A067545
S205003A0702B7
S205003A083385
S205003A0905B2
S205003A0A05B1
S205003A0B01B4
S205003A0C3381
S205003A0D06AD
S205003A0E565C
S205003A0F02AF
S205003A10B3FD
S205003A11852A
S205003A12A509
S205003A1300AD
S205003A14B3F9
S205003A158625
S205003A16F6B4
S205003A1703A6
S205003A183375
S205003A1906A1
S205003A1AB6F0
S205003A1B00A5
S205003A1C3371
S205003A1D079C
S205003A1EE7BB
S205003A1F039E
S205003A20B3ED
S205003A218619
S205003A22C6D8
S205003A23009D
S205003A24B3E9
S205003A258714
S205003A26D7C3
S205003A270396
S205003A283365
S205003A290790
S205003A2AD7BF
S205003A2B0095
S205003A2CB3E1
S205003A2D870C
S205003A2EE7AB
S205003A2F0091
S205003A30632D
S205003A315C33
S205003A32F09E
S205003A33008D
S205003A343755
S205003A350784
S205003A360189
S205003A370089
S205003A381375
S205003A390D7A
S205003A3AF096
S205003A3B0F76
S205003A3C6321
S205003A3DD6AD
S205003A3EE79B
S205003A3F0081
S205003A4093ED
S205003A41D7A8
S205003A4287F7
S205003A43403D
S205003A441369
S205003A45FD7E
S205003A46F783
S205003A470F6A
S205003A4883F5
S205003A492750
S205003A4AC1B5
S205003A4B0075
S205003A4C2351
S205003A4D80F3
S205003A4EA7CB
S205003A4F0170
S205003A5093DD
S205003A510768
S205003A52C0AE
S205003A53016C
S205003A54E389
S205003A559AD1
S205003A56F971
S205003A57C6A3
S205003A580365
S205003A592740
S205003A5A4125
S205003A5B095C
S205003A5C83E1
S205003A5D263D
S205003A5E0161
S205003A5F0958
S205003A6093CD
S205003A610758
S205003A62005E
S205003A633825
S205003A641349
S205003A650754
S205003A66C793
S205003A670158
S205003A6863F5
S205003A6988CF
S205003A6AF660
S205003A6B0055
S205003A6C83D1
S205003A6D272C
S205003A6EC191
S205003A6F024F
S205003A70232D
S205003A71242B
S205003A72F15D
S205003A73024B
S205003A746FDD
S205003A75F05B
S205003A761F2B
S205003A77B891
S205003A780345
S205003A79291E
S205003A7AC185
S205003A7B093C
S205003A7C83C1
S205003A7D241F
S205003A7E81C1
S205003A7F0938
S205003A80132D
S205003A810B34
S205003A820C32
S205003A83003D
S205003A8463D9
S205003A850833
S205003A860931
S205003A870039
S205003A88B781
S205003A891720
S205003A8A1026
S205003A8B0035
S205003A8C83B1
S205003A8DC96A
S205003A8E87AB
S205003A8F91A0
S205003A90E34D
S205003A918EA1
S205003A920925
S205003A931C11
S205003A941319
S205003A9585A6
S205003A96C466
S205003A970128
S205003A981315
S205003A9983A4
S205003A9AC462
S205003A9B32F3
S205003A9C1311
S205003A9D081B
S205003A9E0022
S205003A9F0021
S205003AA0938D
S205003AA18897
S205003AA2041A
S205003AA331EC
S205003AA49389
S205003AA50714
S205003AA645D5
S205003AA7FE1B
S205003AA8B365
S205003AA98691
S205003AAA080E
S205003AAB0114
S205003AAC0311
S205003AADC64D
S205003AAE070B
S205003AAF0011
S205003AB0838D
S205003AB1C54A
S205003AB217F7
S205003AB3000D
S205003AB413F9
S205003AB57794
S205003AB6F614
S205003AB70FFA
S205003AB863A5
S205003AB97691
S205003ABAB650
S205003ABB0005
S205003ABC0301
S205003ABDC73C
S205003ABE17EB
S205003ABF0001
S205003AC013ED
S205003AC17788
S205003AC2F707
S205003AC30FEE
S205003AC403F9
S205003AC5C635
S205003AC6C733
S205003AC701F8
S205003AC86395
S205003AC97681
S205003ACAC72F
S205003ACB00F5
S205003ACC03F1
S205003ACDC72C
S205003ACEC72B
S205003ACF01F0
S205003AD013DD
S205003AD17778
S205003AD2F7F7
S205003AD30FDE
S205003AD403E9
S205003AD5C625
S205003AD6D713
S205003AD701E8
S205003AD86385
S205003AD97275
S205003ADAC71F
S205003ADB6A7B
S205003ADC03E1
S205003ADDC71C
S205003ADED70B
S205003ADF01E0
S205003AE0934D
S205003AE18659
S205003AE216C8
S205003AE300DD
S205003AE49349
S205003AE58754
S205003AE627B3
S205003AE700D9
S205003AE813C5
S205003AE97760
S205003AEAF7DF
S205003AEB0FC6
S205003AECA331
S205003AED8F44
S205003AEEE6EC
S205003AEFFED3
S205003AF0E3ED
S205003AF19E31
S205003AF2A727
S205003AF3FAD3
S205003AF413B9
S205003AF505C6
S205003AF68545
S205003AF703C6
S205003AF813B5
S205003AF908BF
S205003AFAE8DE
S205003AFB00C5
S205003AFCE3E1
S205003AFD14AF
S205003AFE655D
S205003AFFFAC7
S205003B00635C
S205003B0108B6
S205003B0209B4
S205003B0300BC
S205003B04B704
S205003B0517A3
S205003B0610A9
S205003B0700B8
S205003B088334
S205003B09C9ED
S205003B0A872E
S205003B0B9123
S205003B0CE3D0
S205003B0D8A28
S205003B0E09A8
S205003B0F0CA4
S205003B10832C
S205003B112787
S205003B12CBE2
S205003B1303A9
S205003B149318
S205003B158525
S205003B166445
S205003B173A6E
S205003B182384
S205003B192482
S205003B1AB1F4
S205003B1B04A0
S205003B1C2380
S205003B1D2082
S205003B1EF1B0
S205003B1F049C
S205003B20930C
S205003B218717
S205003B22A4F9
S205003B23316B
S205003B242378
S205003B252C6E
S205003B26F1A8
S205003B270296
S205003B289304
S205003B290A8C
S205003B2A0B8A
S205003B2B0094
S205003B2C9300
S205003B2D078B
S205003B2E0091
S205003B2F0090
S205003B30236C
S205003B312668
S205003B3291FC
S205003B330488
S205003B342368
S205003B352862
S205003B362168
S205003B370583
S205003B380384
S205003B39275F
S205003B3A8104
S205003B3B0381
S205003B3C2360
S205003B3D2260
S205003B3EF190
S205003B3F047C
S205003B40136C
S205003B410B73
S205003B426716
S205003B43FF7D
S205003B441368
S205003B4587F3
S205003B464732
S205003B470C6C
S205003B482354
S205003B492E48
S205003B4AE194
S205003B4B0272
S205003B4C0370
S205003B4D462C
S205003B4E0B66
S205003B4F0070
S205003B5083EC
S205003B51CEA0
S205003B520A63
S205003B53026A
S205003B540368
S205003B554723
S205003B561B4E
S205003B570068
S205003B580364
S205003B59CE98
S205003B5A1A4B
S205003B5B0262
S205003B5C93D0
S205003B5D9EC4
S205003B5E8ED3
S205003B5F015F
S205003B6083DC
S205003B614F0F
S205003B622B32
S205003B63005C
S205003B641348
S205003B651E3C
S205003B668ECB
S205003B670157
S205003B6883D4
S205003B69C88E
S205003B6A2A2B
S205003B6B0252
S205003B6C93C0
S205003B6DDE74
S205003B6E8EC3
S205003B6F410F
S205003B70133C
S205003B715EF0
S205003B728EBF
S205003B73410B
S205003B7483C8
S205003B754208
S205003B763B0E
S205003B770048
S205003B78B394
S205003B798EB8
S205003B7ACE77
S205003B7B0242
S205003B7C83C0
S205003B7DC67C
S205003B7E3A07
S205003B7F023E
S205003B80033C
S205003B814FEF
S205003B824BF2
S205003B83003C
S205003B840338
S205003B85C575
S205003B864AEF
S205003B870236
S205003B880334
S205003B8943F3
S205003B8AEB4A
S205003B8B0034
S205003B8C0330
S205003B8DC66C
S205003B8E5AD7
S205003B8F022E
S205003B90032C
S205003B9148E6
S205003B92FB32
S205003B93002C
S205003B9483A8
S205003B95CB5F
S205003B966ABF
S205003B970226
S205003B9883A4
S205003B9945E1
S205003B9A0B1A
S205003B9B0123
S205003B9C9390
S205003B9D988A
S205003B9E8899
S205003B9F011F
S205003BA033EC
S205003BA10E10
S205003BA2EE2F
S205003BA3021A
S205003BA40318
S205003BA5C753
S205003BA67A9F
S205003BA70216
S205003BA88394
S205003BA94CCA
S205003BAA1BFA
S205003BAB0113
S205003BAC8390
S205003BADCD45
S205003BAE8A87
S205003BAF020E
S205003BB0838C
S205003BB143CB
S205003BB22BE2
S205003BB3010B
S205003BB49378
S205003BB5D832
S205003BB68881
S205003BB741C7
S205003BB89374
S205003BB99670
S205003BBA867F
S205003BBB0103
S205003BBC23E0
S205003BBD26DC
S205003BBE7190
S205003BBF0000
S205003BC0837C
S205003BC1C33B
S205003BC29A63
S205003BC302FA
S205003BC49368
S205003BC5D624
S205003BC68673
S205003BC741B7
S205003BC8B344
S205003BC9886E
S205003BCAF8FD
S205003BCB03F1
S205003BCC8370
S205003BCD4FA3
S205003BCECB26
S205003BCF01EF
S205003BD013DC
S205003BD115D9
S205003BD28568
S205003BD301EB
S205003BD413D8
S205003BD55595
S205003BD68564
S205003BD741A7
S205003BD823C4
S205003BD928BE
S205003BDAF1F4
S205003BDB01E3
S205003BDC8360
S205003BDDCF13
S205003BDEAA37
S205003BDF02DE
S205003BE013CC
S205003BE116C8
S205003BE28657
S205003BE301DB
S205003BE403D8
S205003BE54496
S205003BE6DBFE
S205003BE701D7
S205003BE803D4
S205003BE9CC0A
S205003BEABA1B
S205003BEB02D2
S205003BEC8350
S205003BED448E
S205003BEEEBE6
S205003BEF01CF
S205003BF0B31C
S205003BF18648
S205003BF25677
S205003BF302CA
S205003BF403C8
S205003BF5CA00
S205003BF6CAFF
S205003BF702C6
S205003BF88344
S205003BF94284
S205003BFAFBCA
S205003BFB01C3
S205003BFC13B0
S205003BFD566C
S205003BFE863B
S205003BFF417F
S205003C00932B
S205003C019B22
S205003C028B31
S205003C0301BA
S205003C0413A7
S205003C059920
S205003C068F29
S205003C0701B6
S205003C089323
S205003C09DBDA
S205003C0A8B29
S205003C0B4172
S205003C0C139F
S205003C0D179A
S205003C0E8729
S205003C0F01AE
S205003C10238B
S205003C112A83
S205003C12812B
S205003C1300AB
S205003C142387
S205003C152C7D
S205003C169117
S205003C1700A7
S205003C183373
S205003C1905A0
S205003C1AE5BF
S205003C1B03A0
S205003C1C237F
S205003C1D2E73
S205003C1E514F
S205003C1F009F
S205003C20138B
S205003C215944
S205003C228913
S205003C23415A
S205003C241387
S205003C255742
S205003C268711
S205003C274156
S205003C282373
S205003C292471
S205003C2A2173
S205003C2B0192
S205003C2C830F
S205003C2D2F62
S205003C2E018F
S205003C2F048B
S205003C3093FB
S205003C319DF0
S205003C328DFF
S205003C33018A
S205003C3493F7
S205003C35DDAC
S205003C368DFB
S205003C374146
S205003C38B3D3
S205003C398EF7
S205003C3AFE86
S205003C3B0182
S205003C3C334F
S205003C3D0E73
S205003C3EDEA2
S205003C3F017E
S205003C40334B
S205003C410677
S205003C426616
S205003C430279
S205003C44B3C7
S205003C4588F1
S205003C46C8B0
S205003C470176
S205003C48B3C3
S205003C4986EF
S205003C4A165E
S205003C4B0172
S205003C4C83EF
S205003C4DC9A8
S205003C4EDA96
S205003C4F026D
S205003C50333B
S205003C510568
S205003C52D597
S205003C53006B
S205003C5483E7
S205003C554F1A
S205003C560B5D
S205003C570265
S205003C581353
S205003C599DC8
S205003C5A83E1
S205003C5B0162
S205003C5C035F
S205003C5DC998
S205003C5EEA76
S205003C5F025D
S205003C6083DB
S205003C614E0F
S205003C62ABB1
S205003C630259
S205003C6483D7
S205003C65C495
S205003C66FA5E
S205003C670255
S205003C68B3A3
S205003C698BCA
S205003C6A0B49
S205003C6B0350
S205003C6C034F
S205003C6D4F02
S205003C6EBB95
S205003C6F024D
S205003C70034B
S205003C71C489
S205003C720A42
S205003C730348
S205003C740347
S205003C754EFB
S205003C76CB7D
S205003C770245
S205003C7883C3
S205003C79C382
S205003C7A1A2A
S205003C7B0340
S205003C7C83BF
S205003C7D48F9
S205003C7EDB65
S205003C7F023D
S205003C80330B
S205003C810637
S205003C82A696
S205003C83003B
S205003C8483B7
S205003C85C673
S205003C862A0E
S205003C870334
S205003C882313
S205003C89280D
S205003C8A1123
S205003C8B0330
S205003C8C83AF
S205003C8D48E9
S205003C8EEB45
S205003C8F022D
S205003C9033FB
S205003C910726
S205003C92B775
S205003C930229
S205003C94B377
S205003C958B9E
S205003C96CB5D
S205003C970027
S205003C9883A3
S205003C99C263
S205003C9A3AEA
S205003C9B0320
S205003C9C031F
S205003C9D45DC
S205003C9E8B95
S205003C9F031C
S205003CA0130B
S205003CA15DC0
S205003CA28D8F
S205003CA341DA
S205003CA423F7
S205003CA520F9
S205003CA6F127
S205003CA70314
S205003CA823F3
S205003CA922F3
S205003CAAD143
S205003CAB0310
S205003CAC838F
S205003CADCF42
S205003CAE4AC6
S205003CAF030C
S205003CB023EB
S205003CB124E9
S205003CB2E12B
S205003CB30308
S205003CB40307
S205003CB548C1
S205003CB69B6D
S205003CB70304
S205003CB8B353
S205003CB98D78
S205003CBA9D67
S205003CBB0300
S205003CBC33CF
S205003CBD07FA
S205003CBE7789
S205003CBF01FE
S205003CC0837B
S205003CC12BD2
S205003CC2C13B
S205003CC300FB
S205003CC403F7
S205003CC5CF2A
S205003CC65A9E
S205003CC703F4
S205003CC88373
S205003CC92CC9
S205003CCAC133
S205003CCB03F0
S205003CCC23CF
S205003CCD26CB
S205003CCEC12F
S205003CCF03EC
S205003CD023CB
S205003CD12AC3
S205003CD2A14B
S205003CD302E9
S205003CD403E7
S205003CD545A4
S205003CD6AB3D
S205003CD703E4
S205003CD88363
S205003CD9CE17
S205003CDA6A7A
S205003CDB03E0
S205003CDC835F
S205003CDD459C
S205003CDEBB25
S205003CDF03DC
S205003CE033AB
S205003CE18756
S205003CE2EDEF
S205003CE300DB
S205003CE403D7
S205003CE5CE0B
S205003CE67A5E
S205003CE703D4
S205003CE8B323
S205003CE90BCA
S205003CEA7D57
S205003CEB03D0
S205003CEC03CF
S205003CED468B
S205003CEECB05
S205003CEF03CC
S205003CF003CB
S205003CF1C30A
S205003CF28A42
S205003CF303C8
S205003CF48347
S205003CF52D9C
S205003CF601C7
S205003CF701C6
S205003CF803C3
S205003CF92D98
S205003CFA8143
S205003CFB00C3
S205003CFC13AF
S205003CFD1CA5
S205003CFE8C34
S205003CFF01BE
S205003D0013AA
S205003D015C60
S205003D028C2F
S205003D034179
S205003D0413A6
S205003D051A9E
S205003D068A2D
S205003D0701B5
S205003D0813A2
S205003D095A5A
S205003D0A8A29
S205003D0B4171
S205003D0C139E
S205003D0D1997
S205003D0E8926
S205003D0F01AD
S205003D10B3FA
S205003D118D1F
S205003D12ADFE
S205003D1303A7
S205003D14B3F6
S205003D158B1D
S205003D16EBBC
S205003D1700A6
S205003D1803A2
S205003D19277D
S205003D1A4162
S205003D1B01A1
S205003D1C138E
S205003D1D5947
S205003D1E8916
S205003D1F415D
S205003D20930A
S205003D219903
S205003D228912
S205003D230199
S205003D249306
S205003D25D9BF
S205003D26890E
S205003D274155
S205003D289302
S205003D299400
S205003D2A840F
S205003D2B0191
S205003D2C93FE
S205003D2DD4BC
S205003D2E840B
S205003D2F414D
S205003D3093FA
S205003D3193F9
S205003D328308
S205003D330189
S205003D3493F6
S205003D35D3B5
S205003D368304
S205003D374145
S205003D38B3D2
S205003D398DF7
S205003D3A7D06
S205003D3B0181
S205003D3C83FE
S205003D3D2B55
S205003D3E81FE
S205003D3F017D
S205003D40334A
S205003D410775
S205003D4287F4
S205003D430377
S205003D441366
S205003D451464
S205003D4684F3
S205003D470175
S205003D481362
S205003D495420
S205003D4A84EF
S205003D4B4131
S205003D4C93DE
S205003D4D96DA
S205003D4E86E9
S205003D4F016D
S205003D5093DA
S205003D51D696
S205003D5286E5
S205003D534129
S205003D5493D6
S205003D5592D6
S205003D5682E5
S205003D570165
S205003D5893D2
S205003D59D292
S205003D5A82E1
S205003D5B4121
S205003D5C93CE
S205003D5D9FC1
S205003D5E8FD0
S205003D5F015D
S205003D6093CA
S205003D61DF7D
S205003D628FCC
S205003D634119
S205003D641346
S205003D651F39
S205003D668FC8
S205003D670155
S205003D683322
S205003D698ACA
S205003D6A4B08
S205003D6B034F
S205003D6C331E
S205003D6D0749
S205003D6EB798
S205003D6F014D
S205003D7083CA
S205003D712B21
S205003D72C18A
S205003D730149
S205003D741336
S205003D755FE9
S205003D768FB8
S205003D774105
S205003D7893B2
S205003D799EA6
S205003D7A8EB5
S205003D7B0141
S205003D7C93AE
S205003D7DDE62
S205003D7E8EB1
S205003D7F41FD
S205003D80132A
S205003D811E1E
S205003D828EAD
S205003D830139
S205003D841326
S205003D855EDA
S205003D868EA9
S205003D8741F5
S205003D881322
S205003D891321
S205003D8A83B0
S205003D8B0131
S205003D8C131E
S205003D8D53DD
S205003D8E83AC
S205003D8F41ED
S205003D9033FA
S205003D910A22
S205003D92EA41
S205003D93002A
S205003D940326
S205003D952701
S205003D960126
S205003D970224
S205003D98B372
S205003D99899B
S205003D9A3BE8
S205003D9B031F
S205003D9C938E
S205003D9D0719
S205003D9E0B14
S205003D9F001E
S205003DA0B36A
S205003DA18795
S205003DA29784
S205003DA30119
S205003DA41306
S205003DA50B0D
S205003DA61BFC
S205003DA70016
S205003DA89382
S205003DA90C08
S205003DAA0013
S205003DAB0012
S205003DAC33DE
S205003DAD0709
S205003DAE27E8
S205003DAF030B
S205003DB0030A
S205003DB129E3
S205003DB241CA
S205003DB30208
S205003DB4B356
S205003DB5897F
S205003DB649BE
S205003DB70105
S205003DB8B352
S205003DB90400
S205003DBA996A
S205003DBB0200
S205003DBC33CE
S205003DBD07F9
S205003DBE37C8
S205003DBF01FD
S205003DC003FA
S205003DC129D3
S205003DC2817A
S205003DC302F8
S205003DC4B346
S205003DC58474
S205003DC6E413
S205003DC700F6
S205003DC803F2
S205003DC927CD
S205003DCAC132
S205003DCB02F0
S205003DCC33BE
S205003DCD04EC
S205003DCE8966
S205003DCF02EC
S205003DD033BA
S205003DD107E5
S205003DD27774
S205003DD302E8
S205003DD48366
S205003DD523C5
S205003DD601E6
S205003DD703E3
S205003DD8B332
S205003DD904E0
S205003DDA944F
S205003DDB00E2
S205003DDCB32E
S205003DDD865A
S205003DDED30C
S205003DDF02DC
S205003DE033AA
S205003DE107D5
S205003DE29744
S205003DE300DA
S205003DE4B326
S205003DE58652
S205003DE6E6F1
S205003DE700D6
S205003DE803D2
S205003DE927AD
S205003DEA4192
S205003DEB03CF
S205003DECB31E
S205003DED8848
S205003DEE5877
S205003DEF02CC
S205003DF0339A
S205003DF107C5
S205003DF2F7D4
S205003DF303C7
S205003DF4B316
S205003DF58840
S205003DF6D8EF
S205003DF700C6
S205003DF83392
S205003DF908BC
S205003DFAE8DB
S205003DFB03BF
S205003DFC338E
S205003DFD07B9
S205003DFE17A8
S205003DFF01BD
S205003E003389
S205003E0105B6
S205003E02D5E5
S205003E0303B6
S205003E043385
S205003E0508AF
S205003E06E8CE
S205003E0700B5
S205003E08B301
S205003E09852E
S205003E0AC5ED
S205003E0B03AE
S205003E0C337D
S205003E0D05AA
S205003E0E05A9
S205003E0F01AC
S205003E103379
S205003E1106A5
S205003E126644
S205003E1302A7
S205003E14B3F5
S205003E158522
S205003E16A501
S205003E1700A5
S205003E183371
S205003E19069D
S205003E1AB6EC
S205003E1B00A1
S205003E1C633D
S205003E1D5C43
S205003E1EC0DE
S205003E1F009D
S205003E203765
S205003E210794
S205003E220199
S205003E230099
S205003E249305
S205003E250C8B
S205003E26F0A6
S205003E270F86
S205003E286331
S205003E29563D
S205003E2AE6AC
S205003E2B0091
S205003E2C137D
S205003E2D5639
S205003E2E8608
S205003E2F404D
S205003E3093F9
S205003E317C0F
S205003E32F694
S205003E330F7A
S205003E342365
S205003E358007
S205003E3697EF
S205003E370184
S205003E388301
S205003E39275C
S205003E3A8101
S205003E3B037E
S205003E3CE39D
S205003E3D1867
S205003E3EFB83
S205003E3FD0AD
S205003E4083F9
S205003E412754
S205003E424139
S205003E430475
S205003E4483F5
S205003E452651
S205003E4681F5
S205003E470471
S205003E481361
S205003E49076C
S205003E4AEB87
S205003E4B0071
S205003E4C234D
S205003E4D2C43
S205003E4EE18D
S205003E4F026B
S205003E5093D9
S205003E5187E4
S205003E52C7A3
S205003E53FF6A
S205003E54E385
S205003E551255
S205003E56D78F
S205003E57CE97
S205003E580361
S205003E59293A
S205003E5A0161
S205003E5B055C
S205003E5C83DD
S205003E5D243B
S205003E5EC19D
S205003E5F0459
S205003E601349
S205003E618BD0
S205003E620A50
S205003E630059
S205003E6463F5
S205003E65084F
S205003E66094D
S205003E670055
S205003E68B79D
S205003E69173C
S205003E6A1042
S205003E6B0051
S205003E6C83CD
S205003E6DC986
S205003E6E87C7
S205003E6F91BC
S205003E7063E9
S205003E7182C9
S205003E720941
S205003E734EFB
S205003E7493B5
S205003E7587C0
S205003E764402
S205003E773D08
S205003E7893B1
S205003E7986BD
S205003E7A043E
S205003E7B4FF2
S205003E7C93AD
S205003E7D85BA
S205003E7E84BA
S205003E7F43FA
S205003E800339
S205003E81C675
S205003E820733
S205003E830039
S205003E840335
S205003E85C572
S205003E86171F
S205003E870035
S205003E881321
S205003E8977BC
S205003E8AF63C
S205003E8B0F22
S205003E8C63CD
S205003E8D76B9
S205003E8EA688
S205003E8F002D
S205003E900329
S205003E91C764
S205003E921713
S205003E930029
S205003E941315
S205003E9577B0
S205003E96F72F
S205003E970F16
S205003E980321
S205003E99C65D
S205003E9AA77B
S205003E9B0021
S205003E9C63BD
S205003E9D76A9
S205003E9EC757
S205003E9F001D
S205003EA00319
S205003EA1C754
S205003EA2A773
S205003EA30019
S205003EA41305
S205003EA577A0
S205003EA6F71F
S205003EA70F06
S205003EA80311
S205003EA9C64D
S205003EAAB75B
S205003EAB0011
S205003EAC63AD
S205003EAD7699
S205003EAEC747
S205003EAF000D
S205003EB00309
S205003EB1C744
S205003EB2B753
S205003EB30009
S205003EB413F5
S205003EB57790
S205003EB6F70F
S205003EB70FF6
S205003EB823E1
S205003EB98E75
S205003EBAE61C
S205003EBBFE03
S205003EBC03FD
S205003EBDC639
S205003EBE27D7
S205003EBF00FD
S205003EC003F9
S205003EC1C536
S205003EC237C3
S205003EC300F9
S205003EC413E5
S205003EC57780
S205003EC6F600
S205003EC70FE6
S205003EC86391
S205003EC9767D
S205003ECAA64C
S205003ECB00F1
S205003ECC03ED
S205003ECDC728
S205003ECE37B7
S205003ECF00ED
S205003ED013D9
S205003ED17774
S205003ED2F7F3
S205003ED30FDA
S205003ED403E5
S205003ED5C621
S205003ED6C71F
S205003ED700E5
S205003ED86381
S205003ED9766D
S205003EDAC71B
S205003EDB00E1
S205003EDC03DD
S205003EDDC718
S205003EDEC717
S205003EDF00DD
S205003EE013C9
S205003EE17764
S205003EE2F7E3
S205003EE30FCA
S205003EE403D5
S205003EE5C611
S205003EE6D7FF
S205003EE700D5
S205003EE86371
S205003EE9765D
S205003EEAC70B
S205003EEB00D1
S205003EEC03CD
S205003EEDC708
S205003EEED7F7
S205003EEF00CD
S205003EF013B9
S205003EF17754
S205003EF2F7D3
S205003EF30FBA
S205003EF4A325
S205003EF58E39
S205003EF6E6E0
S205003EF7FEC7
S205003EF803C1
S205003EF9C6FD
S205003EFA477B
S205003EFB00C1
S205003EFC03BD
S205003EFDC5FA
S205003EFE5767
S205003EFF00BD
S205003F0013A8
S205003F017743
S205003F02F6C3
S205003F030FA9
S205003F046354
S205003F057640
S205003F06A60F
S205003F0700B4
S205003F0803B0
S205003F09C7EB
S205003F0A575A
S205003F0B00B0
S205003F0C139C
S205003F0D7737
S205003F0EF7B6
S205003F0F0F9D
S205003F1003A8
S205003F11C6E4
S205003F12E7C2
S205003F1300A8
S205003F146344
S205003F157630
S205003F16C7DE
S205003F1700A4
S205003F1803A0
S205003F19C7DB
S205003F1AE7BA
S205003F1B00A0
S205003F1C138C
S205003F1D7727
S205003F1EF7A6
S205003F1F0F8D
S205003F200398
S205003F21C6D4
S205003F22F7A2
S205003F230098
S205003F246334
S205003F257620
S205003F26C7CE
S205003F270094
S205003F280390
S205003F29C7CB
S205003F2AF79A
S205003F2B0090
S205003F2C137C
S205003F2D7717
S205003F2EF796
S205003F2F0F7D
S205003F302368
S205003F318FFB
S205003F32E6A3
S205003F33FE8A
S205003F340384
S205003F35C6C0
S205003F36671E
S205003F370084
S205003F380380
S205003F39C5BD
S205003F3A770A
S205003F3B0080
S205003F3C136C
S205003F3D7707
S205003F3EF687
S205003F3F0F6D
S205003F406318
S205003F417604
S205003F42A6D3
S205003F430078
S205003F440374
S205003F45C7AF
S205003F4677FE
S205003F470074
S205003F481360
S205003F4977FB
S205003F4AF77A
S205003F4B0F61
S205003F4C036C
S205003F4DC6A8
S205003F4E0766
S205003F4F016B
S205003F506308
S205003F5176F4
S205003F52C7A2
S205003F530068
S205003F540364
S205003F55C79F
S205003F56075E
S205003F570163
S205003F581350
S205003F5977EB
S205003F5AF76A
S205003F5B0F51
S205003F5C035C
S205003F5DC698
S205003F5E1746
S205003F5F015B
S205003F6063F8
S205003F6176E4
S205003F62C792
S205003F630058
S205003F640354
S205003F65C78F
S205003F66173E
S205003F670153
S205003F681340
S205003F6977DB
S205003F6AF75A
S205003F6B0F41
S205003F6CA3AC
S205003F6D8FBF
S205003F6EE667
S205003F6FFE4E
S205003F700348
S205003F71C684
S205003F7287C2
S205003F730048
S205003F740344
S205003F75C581
S205003F7697AE
S205003F770044
S205003F781330
S205003F7977CB
S205003F7AF64B
S205003F7B0F31
S205003F7C63DC
S205003F7D76C8
S205003F7EA697
S205003F7F003C
S205003F800338
S205003F81C773
S205003F8297A2
S205003F830038
S205003F841324
S205003F8577BF
S205003F86F73E
S205003F870F25
S205003F880330
S205003F89C66C
S205003F8A270A
S205003F8B012F
S205003F8C63CC
S205003F8D76B8
S205003F8EC766
S205003F8F002C
S205003F900328
S205003F91C763
S205003F922702
S205003F930127
S205003F941314
S205003F9577AF
S205003F96F72E
S205003F970F15
S205003F980320
S205003F99C65C
S205003F9A37EA
S205003F9B011F
S205003F9C63BC
S205003F9D70AE
S205003F9EC756
S205003F9F20FC
S205003FA00318
S205003FA1C753
S205003FA237E2
S205003FA30117
S205003FA49384
S205003FA58690
S205003FA656BF
S205003FA70014
S205003FA89380
S205003FA9878B
S205003FAA47CA
S205003FAB010F
S205003FAC13FC
S205003FAD7797
S205003FAEF716
S205003FAF0FFD
S205003FB0A368
S205003FB18D7D
S205003FB2E623
S205003FB3FE0A
S205003FB4E324
S205003FB59670
S205003FB6F510
S205003FB7EC18
S205003FB863A0
S205003FB908FA
S205003FBA09F8
S205003FBB0000
S205003FBCB748
S205003FBD17E7
S205003FBE10ED
S205003FBF00FC
S205003FC08378
S205003FC1C931
S205003FC28772
S205003FC39167
S205003FC46394
S205003FC58274
S205003FC609EC
S205003FC730C4
S205003FC813E0
S205003FC9846E
S205003FCA24CD
S205003FCB539D
S205003FCC13DC
S205003FCD03EB
S205003FCE0BE2
S205003FCF36B6
S205003FD09358
S205003FD108E2
S205003FD204E5
S205003FD300E8
S205003FD413D4
S205003FD508DE
S205003FD600E5
S205003FD700E4
S205003FD813D0
S205003FD98F53
S205003FDAC41D
S205003FDB4E92
S205003FDC934C
S205003FDD0ED0
S205003FDE0BD2
S205003FDF04D8
S205003FE013C8
S205003FE18555
S205003FE25485
S205003FE35088
S205003FE4B720
S205003FE50FC7
S205003FE601D4
S205003FE700D4
S205003FE813C0
S205003FE90EC4
S205003FEA00D1
S205003FEB329E
S205003FEC834C
S205003FED25A9
S205003FEE03CA
S205003FEF00CC
S205003FF09338
S205003FF107C3
S205003FF20FBA
S205003FF300C8
S205003FF43394
S205003FF58640
S205003FF60EB7
S205003FF701C3
S205003FF88340
S205003FF9467C
S205003FFA06BB
S205003FFB00C0
S205003FFC03BC
S205003FFDC7F7
S205003FFE07B6
S205003FFF00BC
S2050040009327
S2050040018732
S20500400217A1
S20500400300B7
S2050040049323
S205004005961F
S205004006862E
S20500400701B2
S205004008931F
S205004009D6DB
S20500400A862A
S20500400B416E
S20500400C337B
S20500400D07A6
S20500400ED7D5
S20500400F02A9
S2050040101397
S20500401106A3
S2050040121692
S20500401300A7
S205004014B3F3
S2050040158520
S205004016E5BF
S20500401700A3
S205004018E3BF
S2050040191091
S20500401AF5AB
S20500401BFEA1
S20500401C930B
S20500401D0796
S20500401E009C
S20500401F009B
S2050040206337
S2050040215A3F
S205004022B0E8
S2050040230097
S2050040249303
S205004025078E
S205004026F0A4
S2050040270F84
S205004028632F
S205004029D6BB
S20500402AF59B
S20500402B018E
S20500402C93FB
S20500402DD5B8
S20500402E8507
S20500402F404B
S20500403093F7
S205004031F792
S205004032F593
S2050040330F78
S2050040342363
S2050040358005
S205004036F88C
S2050040370083
S205004038136F
S2050040390879
S20500403A98E8
S20500403B017E
S20500403C136B
S20500403D037A
S20500403E4339
S20500403F007B
S20500404093E7
S20500404188F1
S2050040421860
S2050040430077
S205004044E393
S2050040451461
S205004046C8AC
S205004047FB78
S205004048630F
S2050040490869
S20500404A0967
S20500404B006F
S20500404CB7B7
S20500404D1756
S20500404E105C
S20500404F006B
S2050040500367
S205004051CA9F
S20500405287E1
S20500405391D6
S2050040546303
S2050040550461
S2050040560A5A
S2050040571E45
S205004058134F
S20500405988D9
S20500405A243C
S20500405B550A
S20500405C134B
S20500405D0E4F
S20500405E0B51
S20500405F74E7
S20500406093C7
S2050040610851
S2050040620850
S2050040630057
S20500406493C3
S2050040658EC7
S205004066D480
S20500406756FD
S205004068133F
S205004069034E
S20500406A0050
S20500406B004F
S20500406C93BB
S20500406D0746
S20500406E0B41
S20500406F3E0D
S2050040703713
S2050040710F3A
S2050040720147
S2050040730047
S2050040740343
S2050040752520
S2050040760E36
S2050040770043
S205004078B38F
S20500407985BC
S20500407A67D9
S20500407B003F
S20500407C132B
S20500407D0736
S20500407E0438
S20500407F003B
S2050040800337
S205004081C673
S2050040820533
S2050040830037
S20500408483B3
S20500408546EF
S205004086072D
S2050040870033
S205004088131F
S205004089072A
S20500408A1719
S20500408B002F
S20500408C131B
S20500408D1617
S20500408E86A6
S20500408F012A
S2050040901317
S20500409156D3
S20500409286A2
S20500409341E6
S205004094B373
S205004095869F
S205004096C65E
S2050040970221
S205004098938F
S205004099859C
S20500409A150B
S20500409B001F
S20500409C33EB
S20500409D0518
S20500409ED547
S20500409F001B
S2050040A0E337
S2050040A11009
S2050040A2E830
S2050040A3FE19
S2050040A41303
S2050040A5070E
S2050040A60014
S2050040A70013
S2050040A863AF
S2050040A95AB7
S2050040AAA070
S2050040AB000F
S2050040AC13FB
S2050040AD0706
S2050040AEF01C
S2050040AF0FFC
S2050040B063A7
S2050040B156B3
S2050040B2E523
S2050040B30106
S2050040B413F3
S2050040B555B0
S2050040B6857F
S2050040B740C3
S2050040B813EF
S2050040B9778A
S2050040BAF50B
S2050040BB0FF0
S2050040BC23DB
S2050040BD807D
S2050040BEE814
S2050040BF00FB
S2050040C09367
S2050040C18871
S2050040C218E0
S2050040C300F7
S2050040C413E3
S2050040C50EE7
S2050040C64EA6
S2050040C700F3
S2050040C813DF
S2050040C903EE
S2050040CA03ED
S2050040CB02ED
S2050040CCE30B
S2050040CD9459
S2050040CED814
S2050040CFFBF0
S2050040D06387
S2050040D108E1
S2050040D209DF
S2050040D300E7
S2050040D4B72F
S2050040D517CE
S2050040D610D4
S2050040D700E3
S2050040D8835F
S2050040D9C918
S2050040DA8759
S2050040DB914E
S2050040DC637B
S2050040DD8A53
S2050040DE09D3
S2050040DF0CCF
S2050040E003D7
S2050040E1C712
S2050040E224B4
S2050040E35582
S2050040E413C3
S2050040E504D1
S2050040E600D4
S2050040E700D3
S2050040E8933F
S2050040E9844D
S2050040EA349C
S2050040EB557A
S2050040EC13BB
S2050040ED17B6
S2050040EE8745
S2050040EF01CA
S2050040F013B7
S2050040F15772
S2050040F28741
S2050040F34186
S2050040F49333
S2050040F507BE
S2050040F610B4
S2050040F700C3
S2050040F813AF
S2050040F906BB
S2050040FAB010
S2050040FB01BE
S2050040FC833B
S2050040FDC6F7
S2050040FE04B8
S2050040FF00BB
S2050041006356
S2050041015A5E
S205004102D7E0
S20500410300B6
S20500410403B2
S205004105C7ED
S20500410604AF
S20500410700B2
S205004108139E
S205004109842C
S20500410A07A8
S20500410B00AE
S20500410C139A
S20500410D1795
S20500410E8724
S20500410F01A9
S2050041101396
S2050041115751
S2050041128720
S2050041134165
S2050041149312
S205004115871D
S205004116178C
S20500411700A2
S205004118930E
S205004119841C
S20500411A148B
S20500411B009E
S20500411CE3BA
S20500411D900C
S20500411EC7D4
S20500411FFE9C
S2050041206336
S2050041210E8A
S205004122098E
S2050041230096
S205004124B7DE
S205004125197B
S2050041261083
S2050041270092
S205004128830E
S205004129CAC6
S20500412A8906
S20500412B91FD
S20500412C632A
S20500412D8606
S20500412E0A81
S20500412F3C4E
S2050041303752
S2050041310583
S2050041321077
S2050041330086
S2050041341372
S205004135057F
S205004136453E
S2050041371E64
S205004138EF92
S2050041391070
S20500413A90EF
S20500413B4935
S20500413C83FA
S20500413D205C
S20500413EC1BA
S20500413F106A
S2050041401366
S2050041410573
S2050041420473
S2050041430076
S2050041440372
S2050041452450
S20500414681F2
S2050041471062
S20500414883EE
S205004149244C
S20500414A412E
S20500414B105E
S20500414C036A
S20500414D2943
S20500414E016A
S20500414F105A
S20500415083E6
S205004151293F
S205004152C1A6
S2050041530F57
S2050041540362
S2050041552A3A
S20500415681E2
S2050041570F53
S20500415883DE
S2050041592A36
S20500415A411E
S20500415B0F4F
S20500415C035A
S20500415D2B31
S20500415E015A
S20500415F0F4B
S20500416083D6
S2050041612B2D
S205004162C196
S2050041630E48
S2050041640352
S2050041652C28
S20500416681D2
S2050041670E44
S20500416883CE
S2050041692C24
S20500416A410E
S20500416B0E40
S20500416C034A
S20500416D2D1F
S20500416E014A
S20500416F0E3C
S20500417083C6
S2050041712D1B
S205004172C186
S2050041730D39
S2050041741332
S2050041750143
S2050041760142
S2050041771131
S20500417867DA
S20500417980C0
S20500417A003F
S20500417B003E
S20500417C231A
S20500417D80BC
S20500417EE655
S20500417F003A
S20500418093A6
S20500418187B1
S2050041822710
S2050041830036
S20500418493A2
S20500418586AE
S205004186161D
S2050041870032
S205004188E34E
S205004189929E
S20500418AA788
S20500418B929C
S20500418C131A
S20500418D0527
S20500418E85A6
S20500418F0327
S2050041901316
S2050041910820
S205004192E83F
S2050041930026
S205004194E342
S205004195180C
S20500419665BE
S2050041979092
S2050041986FB2
S205004199F030
S20500419A9F80
S20500419B9688
S20500419C23FA
S20500419D809C
S20500419EE635
S20500419F001A
S2050041A09386
S2050041A18791
S2050041A247D0
S2050041A30115
S2050041A49382
S2050041A5868E
S2050041A656BD
S2050041A70012
S2050041A8E32E
S2050041A99C74
S2050041AAB758
S2050041ABCC42
S2050041AC6F9E
S2050041ADF01C
S2050041AEDF2C
S2050041AFE02A
S2050041B0F316
S2050041B127E1
S2050041B20007
S2050041B3788E
S2050041B437CE
S2050041B517ED
S2050041B610F3
S2050041B70002
S2050041B8936E
S2050041B98779
S2050041BAE718
S2050041BBFFFF
S2050041BC23DA
S2050041BD26D6
S2050041BEF704
S2050041BF9268
S2050041C037C2
S2050041C114E4
S2050041C210E7
S2050041C300F6
S2050041C4B73E
S2050041C518DC
S2050041C610E3
S2050041C700F2
S2050041C8836E
S2050041C925CB
S2050041CA04EB
S2050041CB935B
S2050041CC03EA
S2050041CD25C7
S2050041CEC724
S2050041CF9258
S2050041D003E6
S2050041D1A642
S2050041D2885F
S2050041D39254
S2050041D437AE
S2050041D517CD
S2050041D610D3
S2050041D700E2
S2050041D8835E
S2050041D927B9
S2050041DA07D8
S2050041DB924C
S2050041DC835A
S2050041DD26B6
S2050041DE4794
S2050041DF9248
S2050041E033A6
S2050041E105D3
S2050041E2B522
S2050041E34096
S2050041E433A2
S2050041E505CF
S2050041E6C50E
S2050041E74092
S2050041E8339E
S2050041E98848
S2050041EAA728
S2050041EB00CE
S2050041EC933A
S2050041ED5577
S2050041EEF5D6
S2050041EF4189
S2050041F0B316
S2050041F18642
S2050041F2B611
S2050041F300C6
S2050041F4B312
S2050041F5378D
S2050041F6F8CB
S2050041F700C2
S2050041F8B30E
S2050041F98739
S2050041FAD7E8
S2050041FB00BE
S2050041FC13AA
S2050041FD06B6
S2050041FE813A
S2050041FF0AB0
S2050042002395
S205004201A413
S20500420208AE
S2050042039223
S2050042042391
S2050042052093
S20500420607AB
S205004207931E
S205004208238D
S205004209228D
S20500420AF7B7
S20500420B921B
S20500420CEFBD
S20500420D109B
S20500420ED0DA
S20500420F4564
S205004210B7F1
S20500421105A2
S2050042121096
S20500421300A5
S205004214376D
S205004215059E
S2050042161092
S20500421700A1
S205004218138D
S2050042190699
S20500421A811D
S20500421B0A93
S20500421C9309
S20500421D8516
S20500421E0595
S20500421F1A7F
S2050042201385
S2050042210592
S205004222C5D1
S205004223167F
S205004224EFA5
S2050042251083
S205004226D0C2
S2050042273A57
S205004228731D
S20500422990FF
S20500422A0985
S20500422B7815
S20500422CF399
S20500422D2764
S20500422E008A
S20500422F7811
S20500423093F5
S2050042318700
S205004232374F
S2050042330085
S2050042342361
S205004235285B
S205004236F48E
S20500423792EF
S2050042386F11
S205004239F08F
S20500423A9FDF
S20500423BEA93
S20500423CF389
S20500423D2754
S20500423E007A
S20500423F7801
S2050042403741
S2050042411760
S2050042421066
S2050042430075
S20500424493E1
S20500424587EC
S205004246E78B
S205004247FF72
S205004248234D
S2050042492649
S20500424AF777
S20500424B92DB
S20500424CB7B5
S20500424D1952
S20500424E105A
S20500424F0069
S205004250B7B1
S205004251184F
S2050042521056
S2050042530065
S20500425483E1
S205004255A5BE
S2050042560959
S20500425793CE
S205004258035D
S205004259253A
S20500425AC797
S20500425B92CB
S20500425C0359
S20500425DA6B5
S20500425E88D2
S20500425F92C7
S2050042603721
S2050042611740
S2050042621046
S2050042630055
S20500426483D1
S205004265272C
S205004266074B
S20500426792BF
S20500426883CD
S2050042692629
S20500426A4707
S20500426B92BB
S20500426C3319
S20500426D0546
S20500426EB595
S20500426F4009
S2050042703315
S2050042710542
S205004272C581
S2050042734005
S2050042743311
S20500427588BB
S205004276A79B
S2050042770041
S20500427893AD
S20500427955EA
S20500427AF549
S20500427B41FC
S20500427CB389
S20500427D86B5
S20500427EB684
S20500427F0039
S205004280B385
S2050042813700
S205004282F83E
S2050042830035
S205004284B381
S20500428587AC
S205004286D75B
S2050042870031
S205004288131D
S2050042890629
S20500428A81AD
S20500428B0A23
S20500428C2309
S20500428DA487
S20500428E0822
S20500428F9297
S2050042902305
S2050042912007
S205004292071F
S2050042939392
S2050042942301
S2050042952201
S205004296F72B
S205004297928F
S205004298EF31
S205004299100F
S20500429A100E
S20500429B3DE0
S20500429CB765
S20500429D0516
S20500429E100A
S20500429F0019
S2050042A037E1
S2050042A10512
S2050042A21006
S2050042A30015
S2050042A41301
S2050042A5060D
S2050042A68191
S2050042A70A07
S2050042A8937D
S2050042A9858A
S2050042AA8589
S2050042AB19F4
S2050042AC13F9
S2050042AD0506
S2050042AEC545
S2050042AF16F3
S2050042B0EF19
S2050042B110F7
S2050042B210F6
S2050042B332D3
S2050042B47391
S2050042B510F3
S2050042B60AF8
S2050042B77889
S2050042B8F30D
S2050042B927D8
S2050042BA00FE
S2050042BB7885
S2050042BC9369
S2050042BD8774
S2050042BE37C3
S2050042BF00F9
S2050042C023D5
S2050042C1A84F
S2050042C2F9FD
S2050042C39263
S2050042C46F85
S2050042C5F003
S2050042C65F93
S2050042C7D918
S2050042C8F3FD
S2050042C927C8
S2050042CA00EE
S2050042CB7875
S2050042CC37B5
S2050042CD17D4
S2050042CE10DA
S2050042CF00E9
S2050042D09355
S2050042D18760
S2050042D2E7FF
S2050042D3FFE6
S2050042D423C1
S2050042D526BD
S2050042D6F7EB
S2050042D7924F
S2050042D837A9
S2050042D914CB
S2050042DA10CE
S2050042DB00DD
S2050042DCB725
S2050042DD18C3
S2050042DE10CA
S2050042DF00D9
S2050042E08355
S2050042E125B2
S2050042E204D2
S2050042E39342
S2050042E403D1
S2050042E525AE
S2050042E6C70B
S2050042E7923F
S2050042E803CD
S2050042E9A629
S2050042EA8846
S2050042EB923B
S2050042EC3795
S2050042ED17B4
S2050042EE10BA
S2050042EF00C9
S2050042F08345
S2050042F127A0
S2050042F207BF
S2050042F39233
S2050042F48341
S2050042F5269D
S2050042F6477B
S2050042F7922F
S2050042F8338D
S2050042F905BA
S2050042FAB509
S2050042FB407D
S2050042FC3389
S2050042FD05B6
S2050042FEC5F5
S2050042FF4079
S2050043003384
S205004301882E
S205004302A70E
S20500430300B4
S2050043049320
S205004305555D
S205004306F5BC
S205004307416F
S205004308B3FC
S2050043098628
S20500430AB6F7
S20500430B00AC
S20500430CB3F8
S20500430D3773
S20500430EF8B1
S20500430F00A8
S205004310B3F4
S205004311871F
S205004312D7CE
S20500431300A4
S2050043141390
S205004315069C
S2050043168120
S2050043170A96
S205004318237C
S205004319A4FA
S20500431A0895
S20500431B920A
S20500431C2378
S20500431D207A
S20500431E0792
S20500431F9305
S2050043202374
S2050043212274
S205004322F79E
S2050043239202
S205004324EFA4
S2050043251082
S2050043265041
S205004327345C
S205004328B7D8
S2050043290589
S20500432A107D
S20500432B008C
S20500432C3754
S20500432D0585
S20500432E1079
S20500432F0088
S2050043301374
S2050043310680
S2050043328104
S2050043330A7A
S20500433493F0
S20500433585FD
S205004336057C
S2050043371967
S205004338136C
S2050043390579
S20500433AC5B8
S20500433B1666
S20500433CEF8C
S20500433D106A
S20500433E5029
S20500433F294F
S2050043407304
S20500434190E6
S205004342096C
S20500434378FC
S205004344F380
S205004345274B
S2050043460071
S20500434778F8
S20500434893DC
S20500434987E7
S20500434A3736
S20500434B006C
S20500434C2348
S20500434D2842
S20500434EF475
S20500434F92D6
S2050043506FF8
S205004351F076
S2050043529FC6
S205004353C79D
S205004354F370
S205004355273B
S2050043560061
S20500435778E8
S2050043583728
S2050043591747
S20500435A104D
S20500435B005C
S20500435C93C8
S20500435D87D3
S20500435EE772
S20500435FFF59
S2050043602334
S2050043612630
S205004362F75E
S20500436392C2
S205004364371C
S205004365143E
S2050043661041
S2050043670050
S205004368B798
S2050043691836
S20500436A103D
S20500436B004C
S20500436C83C8
S20500436D2525
S20500436E0445
S20500436F93B5
S2050043700344
S2050043712521
S205004372C77E
S20500437392B2
S2050043740340
S205004375A69C
S20500437688B9
S20500437792AE
S2050043783708
S2050043791727
S20500437A102D
S20500437B003C
S20500437C83B8
S20500437D2713
S20500437E0732
S20500437F92A6
S20500438083B4
S2050043812610
S20500438247EE
S20500438392A2
S2050043843300
S205004385052D
S205004386B57C
S20500438740F0
S20500438833FC
S2050043890529
S20500438AC568
S20500438B40EC
S20500438C33F8
S20500438D88A2
S20500438EA782
S20500438F0028
S2050043909394
S20500439155D1
S205004392F530
S20500439341E3
S205004394B370
S205004395869C
S205004396B66B
S2050043970020
S205004398B36C
S20500439937E7
S20500439AF825
S20500439B001C
S20500439CB368
S20500439D8793
S20500439ED742
S20500439F0018
S2050043A01304
S2050043A10610
S2050043A28194
S2050043A30A0A
S2050043A423F0
S2050043A5A46E
S2050043A60809
S2050043A7927E
S2050043A823EC
S2050043A920EE
S2050043AA0706
S2050043AB9379
S2050043AC23E8
S2050043AD22E8
S2050043AEF712
S2050043AF9276
S2050043B0EF18
S2050043B110F6
S2050043B29075
S2050043B32BD9
S2050043B4B74C
S2050043B505FD
S2050043B610F1
S2050043B70000
S2050043B837C8
S2050043B905F9
S2050043BA10ED
S2050043BB00FC
S2050043BC13E8
S2050043BD06F4
S2050043BE8178
S2050043BF0AEE
S2050043C09364
S2050043C18571
S2050043C28570
S2050043C318DC
S2050043C413E0
S2050043C505ED
S2050043C6C52C
S2050043C716DA
S2050043C8EF00
S2050043C910DE
S2050043CA905D
S2050043CB20CC
S2050043CC7378
S2050043CD905A
S2050043CE09E0
S2050043CF7870
S2050043D0F3F4
S2050043D127BF
S2050043D200E5
S2050043D3786C
S2050043D49350
S2050043D5875B
S2050043D637AA
S2050043D700E0
S2050043D823BC
S2050043D928B6
S2050043DAF4E9
S2050043DB924A
S2050043DC6F6C
S2050043DDF0EA
S2050043DE9F3A
S2050043DFA92F
S2050043E0F3E4
S2050043E127AF
S2050043E200D5
S2050043E3785C
S2050043E4379C
S2050043E517BB
S2050043E610C1
S2050043E700D0
S2050043E8933C
S2050043E98747
S2050043EAE7E6
S2050043EBFFCD
S2050043EC23A8
S2050043ED26A4
S2050043EEF7D2
S2050043EF9236
S2050043F03790
S2050043F114B2
S2050043F210B5
S2050043F300C4
S2050043F4B70C
S2050043F518AA
S2050043F610B1
S2050043F700C0
S2050043F8833C
S2050043F92599
S2050043FA04B9
S2050043FB9329
S2050043FC03B8
S2050043FD2595
S2050043FEC7F2
S2050043FF9226
S20500440003B3
S205004401A60F
S205004402882C
S2050044039221
S205004404377B
S205004405179A
S20500440610A0
S20500440700AF
S205004408832B
S2050044092786
S20500440A07A5
S20500440B9219
S20500440C8327
S20500440D2683
S20500440E4761
S20500440F9215
S2050044103373
S20500441105A0
S205004412B5EF
S2050044134063
S205004414336F
S205004415059C
S205004416C5DB
S205004417405F
S205004418336B
S2050044198815
S20500441AA7F5
S20500441B009B
S20500441C9307
S20500441D5544
S20500441EF5A3
S20500441F4156
S205004420B3E3
S205004421860F
S205004422B6DE
S2050044230093
S205004424B3DF
S205004425375A
S205004426F898
S205004427008F
S205004428B3DB
S2050044298706
S20500442AD7B5
S20500442B008B
S20500442C1377
S20500442D0683
S20500442E8107
S20500442F0A7D
S2050044302363
S205004431A4E1
S205004432087C
S20500443392F1
S205004434235F
S2050044352061
S2050044360779
S20500443793EC
S205004438235B
S205004439225B
S20500443AF785
S20500443B92E9
S20500443CEF8B
S20500443D1069
S20500443ED0A8
S20500443F2255
S205004440B7BF
S2050044410570
S2050044421064
S2050044430073
S205004444373B
S205004445056C
S2050044461060
S205004447006F
S205004448135B
S2050044490667
S20500444A81EB
S20500444B0A61
S20500444C93D7
S20500444D85E4
S20500444E0563
S20500444F184F
S2050044501353
S2050044510560
S205004452C59F
S205004453164D
S205004454EF73
S2050044551051
S205004456D090
S2050044571748
S20500445873EB
S20500445990CD
S20500445A0953
S20500445B78E3
S20500445CF367
S20500445D2732
S20500445E0058
S20500445F78DF
S20500446093C3
S20500446187CE
S205004462371D
S2050044630053
S205004464232F
S2050044652829
S205004466F45C
S20500446792BD
S2050044686FDF
S205004469F05D
S20500446A8FBD
S20500446BEA61
S20500446CF357
S20500446D2722
S20500446E0048
S20500446F78CF
S205004470370F
S205004471172E
S2050044721034
S2050044730043
S20500447493AF
S20500447587BA
S205004476E759
S205004477FF40
S205004478231B
S2050044792617
S20500447AF745
S20500447B92A9
S20500447C3703
S20500447D1425
S20500447E1028
S20500447F0037
S205004480B77F
S205004481181D
S2050044821024
S2050044830033
S20500448483AF
S205004485250C
S205004486042C
S205004487939C
S205004488032B
S2050044892508
S20500448AC765
S20500448B9299
S20500448C0327
S20500448DA683
S20500448E88A0
S20500448F9295
S20500449037EF
S205004491170E
S2050044921014
S2050044930023
S205004494839F
S20500449527FA
S2050044960719
S205004497928D
S205004498839B
S20500449926F7
S20500449A47D5
S20500449B9289
S20500449C33E7
S20500449D0514
S20500449EB563
S20500449F40D7
S2050044A033E3
S2050044A10510
S2050044A2C54F
S2050044A340D3
S2050044A433DF
S2050044A58889
S2050044A6A769
S2050044A7000F
S2050044A8937B
S2050044A955B8
S2050044AAF517
S2050044AB41CA
S2050044ACB357
S2050044AD8683
S2050044AEB652
S2050044AF0007
S2050044B0B353
S2050044B137CE
S2050044B2F80C
S2050044B30003
S2050044B4B34F
S2050044B5877A
S2050044B6D729
S2050044B700FF
S2050044B813EB
S2050044B906F7
S2050044BA817B
S2050044BB0AF1
S2050044BC23D7
S2050044BDA455
S2050044BE08F0
S2050044BF9265
S2050044C023D3
S2050044C120D5
S2050044C207ED
S2050044C39360
S2050044C423CF
S2050044C522CF
S2050044C6F7F9
S2050044C7925D
S2050044C8EFFF
S2050044C910DD
S2050044CA10DC
S2050044CB1AD1
S2050044CCB733
S2050044CD05E4
S2050044CE10D8
S2050044CF00E7
S2050044D037AF
S2050044D105E0
S2050044D210D4
S2050044D300E3
S2050044D413CF
S2050044D506DB
S2050044D6815F
S2050044D70AD5
S2050044D8934B
S2050044D98558
S2050044DA4597
S2050044DB16C5
S2050044DC13C7
S2050044DD05D4
S2050044DEC513
S2050044DF16C1
S2050044E0EFE7
S2050044E110C5
S2050044E210C4
S2050044E30FC4
S2050044E4735F
S2050044E59041
S2050044E609C7
S2050044E77857
S2050044E8F3DB
S2050044E927A6
S2050044EA00CC
S2050044EB7853
S2050044EC9337
S2050044ED8742
S2050044EE3791
S2050044EF00C7
S2050044F023A3
S2050044F1289D
S2050044F2F4D0
S2050044F39231
S2050044F46F53
S2050044F5F0D1
S2050044F60FB1
S2050044F7DAE5
S2050044F8F3CB
S2050044F92796
S2050044FA00BC
S2050044FB7843
S2050044FC3783
S2050044FD17A2
S2050044FE10A8
S2050044FF00B7
S2050045009322
S205004501872D
S205004502E7CC
S205004503FFB3
S205004504238E
S205004505268A
S205004506F7B8
S205004507921C
S2050045083776
S2050045091A92
S20500450A109B
S20500450B00AA
S20500450C3772
S20500450D1890
S20500450E1097
S20500450F00A6
S20500451003A2
S205004511267E
S2050045120A99
S205004513930F
S205004514039E
S205004515257B
S205004516C7D8
S205004517920C
S205004518831A
S2050045192676
S20500451A8813
S20500451B9208
S20500451CB7E2
S20500451D1484
S20500451E1087
S20500451F0096
S2050045208312
S205004521A7ED
S205004522048F
S2050045239200
S205004524038E
S205004525A7E9
S205004526444B
S20500452792FC
S205004528335A
S2050045290587
S20500452AC5C6
S20500452B404A
S20500452C3356
S20500452D0583
S20500452ED5B2
S20500452F4046
S205004530B3D2
S20500453186FE
S205004532A7DC
S2050045330082
S20500453493EE
S205004535552B
S205004536F58A
S205004537413D
S205004538334A
S2050045390775
S20500453AB7C4
S20500453B007A
S20500453CB3C6
S20500453DB7C1
S20500453EF681
S20500453F0076
S205004540B3C2
S20500454187ED
S205004542E78C
S2050045430072
S205004544135E
S205004545066A
S20500454681EE
S2050045470A64
S205004548234A
S2050045492448
S20500454A0863
S20500454B92D8
S20500454C2346
S20500454DA0C8
S20500454ED493
S20500454F92D4
S2050045502342
S205004551A2C2
S205004552F46F
S20500455392D0
S205004554EF72
S2050045551050
S205004556500F
S205004557114D
S2050045583726
S2050045590953
S20500455A104B
S20500455B005A
S20500455CB7A2
S20500455D0553
S20500455E1047
S20500455F0056
S2050045601342
S205004561064E
S20500456281D2
S2050045630A48
S20500456493BE
S20500456585CB
S20500456685CA
S2050045671A34
S205004568133A
S2050045690547
S20500456AC982
S20500456B1634
S20500456CEF5A
S20500456D1038
S20500456E50F7
S20500456F0640
S20500457073D2
S20500457190B4
S2050045720A39
S20500457378CA
S205004574F34E
S2050045752719
S205004576003F
S20500457778C6
S20500457893AA
S20500457987B5
S20500457A3704
S20500457B003A
S20500457C2316
S20500457D2810
S20500457EFA3D
S20500457F92A4
S20500458083B2
S205004581C76D
S20500458289AA
S20500458391A1
S205004584E34E
S205004585969A
S2050045860728
S205004587BA74
S205004588032A
S205004589A587
S20500458A0427
S20500458B9298
S20500458C83A6
S20500458DA583
S20500458E44E3
S20500458F9294
S2050045901312
S205004591061E
S20500459281A2
S2050045930A18
S205004594EF32
S2050045951010
S20500459650CF
S2050045970D11
S205004598B766
S2050045990517
S20500459A100B
S20500459B001A
S20500459C1306
S20500459D0612
S20500459E8196
S20500459F0A0C
S2050045A09382
S2050045A1858F
S2050045A2050E
S2050045A31BF7
S2050045A413FE
S2050045A5050B
S2050045A6C946
S2050045A716F8
S2050045A8EF1E
S2050045A910FC
S2050045AA907B
S2050045AB0208
S2050045AC37D2
S2050045AD0503
S2050045AE10F7
S2050045AF0006
S2050045B013F2
S2050045B105FF
S2050045B245BE
S2050045B31EE4
S2050045B4EF12
S2050045B510F0
S2050045B6D02F
S2050045B701FD
S2050045B86F8E
S2050045B9F00C
S2050045BA5F9C
S2050045BBB842
S2050045BCB742
S2050045BD17E1
S2050045BE10E7
S2050045BF00F6
S2050045C08372
S2050045C1C92B
S2050045C2876C
S2050045C39161
S2050045C4638E
S2050045C5846C
S2050045C609E6
S2050045C700EE
S2050045C86F7E
S2050045C9F0FC
S2050045CA8F5C
S2050045CB806A
S2050045CC37B2
S2050045CD05E3
S2050045CE10D7
S2050045CF00E6
S2050045D013D2
S2050045D105DF
S2050045D205DE
S2050045D314CE
S2050045D4EFF2
S2050045D510D0
S2050045D6C01F
S2050045D77F5F
S2050045D8934A
S2050045D907D5
S2050045DA10CB
S2050045DB00DA
S2050045DC7366
S2050045DD9048
S2050045DE07D0
S2050045DFCC0A
S2050045E07362
S2050045E19044
S2050045E209CA
S2050045E3785A
S2050045E4F3DE
S2050045E527A9
S2050045E600CF
S2050045E77856
S2050045E83796
S2050045E917B5
S2050045EA10BB
S2050045EB00CA
S2050045EC9336
S2050045ED8741
S2050045EE3790
S2050045EF00C6
S2050045F023A2
S2050045F1289C
S2050045F2F7CC
S2050045F39230
S2050045F4B70A
S2050045F517A9
S2050045F610AF
S2050045F700BE
S2050045F8239A
S2050045F9A418
S2050045FA07B4
S2050045FB9228
S2050045FC9326
S2050045FD06B2
S2050045FE00B7
S2050045FF00B6
S205004600B7FD
S205004601179C
S20500460210A2
S20500460300B1
S205004604139D
S20500460507A8
S20500460600AE
S20500460700AD
S2050046082389
S205004609A00B
S20500460AD7D3
S20500460B9217
S20500460C2385
S20500460DA205
S20500460EE7BF
S20500460F9213
S2050046106F35
S205004611E0C3
S2050046121F83
S205004613FCA5
S2050046143769
S205004615059A
S205004616108E
S205004617009D
S2050046181389
S205004619019A
S20500461A0199
S20500461BFD9C
S20500461C1385
S20500461D0592
S20500461E8511
S20500461F1B7A
S2050046202371
S205004621266D
S2050046221181
S205004623028F
S205004624236D
S205004625246B
S205004626810D
S205004627028B
S2050046282369
S2050046292269
S20500462A91F9
S20500462B0287
S20500462C2365
S20500462D2067
S20500462E2165
S20500462F0382
S2050046302361
S2050046312E55
S2050046323151
S2050046330180
S205004634235D
S2050046352C53
S205004636413D
S205004637017C
S2050046382359
S2050046392A51
S20500463A5129
S20500463B0178
S20500463C2355
S20500463D284F
S20500463E6115
S20500463F0174
S205004640EF85
S2050046411063
S2050046420072
S20500464379F8
S205004644EF81
S205004645204F
S205004646402E
S205004647026B
S205004648EF7D
S205004649204B
S20500464A90DA
S20500464B0663
S20500464C1355
S20500464D095E
S20500464E0561
S20500464F0065
S205004650372D
S205004651055E
S2050046521052
S2050046530061
S20500465493CD
S205004655055A
S205004656D08E
S2050046575607
S2050046581349
S2050046590556
S20500465A85D5
S20500465B1E3B
S20500465CEF69
S20500465D1047
S20500465E4016
S20500465F77DE
S205004660B79D
S205004661094A
S2050046621042
S2050046630051
S20500466493BD
S20500466585CA
S2050046664905
S205004667222B
S2050046681339
S2050046690546
S20500466AD07A
S20500466B56F3
S20500466CEF59
S20500466D2027
S20500466E0046
S20500466F1332
S205004670370D
S2050046710A39
S2050046721032
S2050046730041
S20500467493AD
S205004675043B
S2050046760539
S205004677003D
S20500467893A9
S2050046790536
S20500467A0A30
S20500467B2316
S20500467C1325
S20500467D0532
S20500467E40F6
S20500467F40F5
S205004680EF45
S2050046812013
S205004682C072
S2050046831120
S205004684131D
S205004685042B
S2050046860529
S205004687002D
S20500468837F5
S2050046890526
S20500468A101A
S20500468B0029
S20500468C1315
S20500468D0522
S20500468E0521
S20500468F160F
S205004690EF35
S2050046911013
S2050046920022
S20500469374AD
S20500469437E9
S205004695051A
S205004696100E
S205004697001D
S2050046981309
S2050046990714
S20500469A001A
S20500469B0019
S20500469C1305
S20500469D0611
S20500469E0412
S20500469F0015
S2050046A09381
S2050046A1050E
S2050046A2C151
S2050046A30011
S2050046A4937D
S2050046A50609
S2050046A640CE
S2050046A740CD
S2050046A813F9
S2050046A90506
S2050046AAC545
S2050046AB23E6
S2050046ACEF19
S2050046AD10F7
S2050046AE9076
S2050046AF6A9B
S2050046B00301
S2050046B14BB8
S2050046B224DE
S2050046B30001
S2050046B4837D
S2050046B54AB5
S2050046B634CA
S2050046B700FD
S2050046B813E9
S2050046B98675
S2050046BA04F6
S2050046BB00F9
S2050046BC9365
S2050046BD05F2
S2050046BE09ED
S2050046BF00F5
S2050046C09361
S2050046C106ED
S2050046C210E2
S2050046C300F1
S2050046C413DD
S2050046C505EA
S2050046C644AA
S2050046C700ED
S2050046C8EFFD
S2050046C9E00B
S2050046CA9F4B
S2050046CBEBFE
S2050046CC9355
S2050046CD06E1
S2050046CE0BDB
S2050046CF00E5
S2050046D013D1
S2050046D107DC
S2050046D210D2
S2050046D300E1
S2050046D413CD
S2050046D506D9
S2050046D600DE
S2050046D700DD
S2050046D89349
S2050046D98556
S2050046DA0AD0
S2050046DB00D9
S2050046DCEFE9
S2050046DD20B7
S2050046DE10C6
S2050046DF04D1
S2050046E003D1
S2050046E125AE
S2050046E2C111
S2050046E300D1
S2050046E4EFE1
S2050046E500CF
S2050046E6408E
S2050046E71AB3
S2050046E8B715
S2050046E905C6
S2050046EA10BA
S2050046EB00C9
S2050046EC13B5
S2050046ED05C2
S2050046EE09BD
S2050046EF00C5
S2050046F09331
S2050046F1853E
S2050046F205BD
S2050046F32899
S2050046F4EFD1
S2050046F5209F
S2050046F6407E
S2050046F74677
S2050046F89329
S2050046F905B6
S2050046FA0AB0
S2050046FB2396
S2050046FC13A5
S2050046FD05B2
S2050046FE04B2
S2050046FF00B5
S205004700EFC4
S2050047012092
S2050047028031
S205004703456B
S205004704931C
S2050047058529
S2050047064964
S205004707228A
S2050047081398
S2050047098525
S20500470A04A5
S20500470B00A8
S20500470CEFB8
S20500470D2086
S20500470EC0E5
S20500470F4460
S205004710EFB4
S20500471100A2
S20500471200A1
S2050047132A76
S205004714831C
S205004715207E
S205004716C1DC
S205004717029A
S2050047180398
S2050047192476
S20500471A8118
S20500471B0296
S20500471C8314
S20500471D2472
S20500471E4154
S20500471F0292
S2050047200390
S2050047212969
S2050047220190
S205004723028E
S205004724830C
S2050047252965
S205004726C1CC
S205004727018B
S2050047280388
S2050047292A60
S20500472A8108
S20500472B0187
S20500472C8304
S20500472D2A5C
S20500472E4144
S20500472F0183
S2050047300380
S2050047312B57
S2050047320180
S205004733017F
S205004734136C
S2050047350579
S205004736007D
S205004737007C
S2050047381368
S2050047390179
S20500473A0178
S20500473B0375
S20500473C6710
S20500473D80F6
S20500473E0075
S20500473F0074
S205004740B7BC
S205004741175B
S2050047421061
S2050047430070
S2050047443738
S2050047451F4F
S205004746105D
S205004747006C
S20500474883E8
S205004749AEBC
S20500474A4722
S20500474B80E8
S20500474C0364
S20500474D2343
S20500474E4F16
S20500474F91D3
S20500475093D0
S205004751085A
S2050047520061
S2050047531050
S20500475493CC
S205004755D886
S2050047561845
S205004757005C
S2050047583724
S2050047596EEC
S20500475A1049
S20500475B0058
S20500475C93C4
S20500475D074F
S20500475E1045
S20500475F0054
S20500476093C0
S2050047618FC3
S20500476288C9
S205004763FF51
S205004764232C
S205004765A0AE
S205004766FE4F
S205004767004C
S20500476893B8
S2050047690545
S20500476A1336
S20500476B0048
S20500476C93B4
S20500476D88BE
S20500476E78CD
S20500476FFF45
S2050047701330
S205004771063C
S2050047720E33
S205004773F050
S205004774033C
S20500477548F6
S20500477646F7
S205004777003C
S20500477883B8
S20500477946F4
S20500477A56E3
S20500477B0038
S20500477C0334
S20500477D47EF
S20500477E66CF
S20500477F0034
S20500478083B0
S20500478147EB
S20500478276BB
S2050047830030
S205004784939C
S2050047859698
S20500478686A7
S205004787002C
S205004788B378
S205004789E644
S20500478A0623
S20500478B0127
S20500478C1314
S20500478D170F
S20500478E071E
S20500478F0123
S20500479033F0
S20500479167BB
S205004792D74A
S2050047930020
S205004794938C
S2050047959787
S2050047968796
S205004797011B
S205004798B368
S205004799E733
S20500479AE732
S20500479B0018
S20500479CE334
S20500479D8C8A
S20500479EB75E
S20500479FFC18
S2050047A063B0
S2050047A114FE
S2050047A213FE
S2050047A3010F
S2050047A4E32C
S2050047A58886
S2050047A60706
S2050047A7FC10
S2050047A8B754
S2050047A967A3
S2050047AA10F9
S2050047AB0008
S2050047AC9374
S2050047AD877F
S2050047AE877E
S2050047AFF014
S2050047B033D0
S2050047B103FF
S2050047B2F30E
S2050047B30000
S2050047B423DC
S2050047B52AD4
S2050047B6BF3E
S2050047B7906C
S2050047B823D8
S2050047B900FA
S2050047BAA356
S2050047BB00F8
S2050047BC6394
S2050047BD9660
S2050047BEF500
S2050047BF01F3
S2050047C023D0
S2050047C12AC8
S2050047C20FE2
S2050047C39060
S2050047C4935C
S2050047C505E9
S2050047C600ED
S2050047C700EC
S2050047C89358
S2050047C9F7F3
S2050047CAF5F4
S2050047CB0FD9
S2050047CC13D4
S2050047CDD70F
S2050047CE8560
S2050047CF00E4
S2050047D08360
S2050047D1469C
S2050047D20ED3
S2050047D3F0F0
S2050047D413CC
S2050047D57767
S2050047D6F7E6
S2050047D70FCD
S2050047D823B8
S2050047D900DA
S2050047DAFEDB
S2050047DBF0E8
S2050047DC9344
S2050047DDD7FF
S2050047DE05D0
S2050047DF01D3
S2050047E08350
S2050047E1468C
S2050047E21EB3
S2050047E3F0E0
S2050047E4933C
S2050047E5F7D7
S2050047E6F7D6
S2050047E70FBD
S2050047E8A328
S2050047E900CA
S2050047EAEEDB
S2050047EBF0D8
S2050047EC03C4
S2050047ED477F
S2050047EE2E97
S2050047EFF0D4
S2050047F09330
S2050047F1D5ED
S2050047F2853C
S2050047F301BF
S2050047F4239C
S2050047F501BD
S2050047F6FEBF
S2050047F7F0CC
S2050047F88338
S2050047F94773
S2050047FA3E7B
S2050047FBF0C8
S2050047FCA314
S2050047FD01B5
S2050047FEBEF7
S2050047FFF0C4
S205004800238F
S205004801A011
S2050048020EA2
S20500480300AF
S2050048046747
S205004805802D
S20500480600AC
S20500480700AB
S2050048083773
S2050048091693
S20500480A1098
S20500480B00A7
S20500480C9313
S20500480D079E
S20500480E00A4
S20500480F1093
S205004810376B
S205004811673A
S2050048121090
S205004813009F
S205004814831B
S2050048152677
S2050048160696
S205004817910A
S2050048189307
S205004819D7C2
S20500481A1781
S20500481B0097
S20500481C1383
S20500481D078E
S20500481E078D
S20500481FF0A3
S20500482093FF
S205004821850C
S2050048228709
S205004823FF90
S205004824B3DB
S2050048258706
S205004826E7A5
S205004827008B
S2050048280387
S205004829A7E2
S20500482A4741
S20500482B0087
S20500482CE3A3
S20500482D0E77
S20500482ED7AD
S20500482FFE85
S205004830136F
S20500483187FA
S20500483286FA
S205004833007F
S205004834334B
S20500483587F6
S205004836E795
S205004837007B
S2050048380377
S2050048394534
S20500483A0771
S20500483B0077
S20500483C93E3
S20500483D86EF
S20500483E165E
S20500483F0073
S205004840234F
S2050048412849
S205004842D69A
S20500484390DF
S205004844135B
S20500484575F8
S205004846F577
S2050048470F5C
S2050048486307
S20500484996D3
S20500484AB6B2
S20500484B0067
S20500484C2343
S20500484D283D
S20500484E065E
S20500484F90D3
S20500485093CF
S205004851065B
S2050048520060
S205004853005F
S205004854233B
S205004855A0BD
S205004856D785
S205004857005B
S20500485867F3
S20500485980D9
S20500485A0058
S20500485B0057
S20500485C93C3
S20500485D0550
S20500485E054F
S20500485F0053
S205004860371B
S205004861054C
S2050048621040
S205004863004F
S205004864133B
S205004865014C
S205004866014B
S205004867FF4C
S2050048681337
S2050048690643
S20500486A2028
S20500486B0740
S20500486C1333
S20500486D0540
S20500486EC57F
S20500486F2B18
S205004870231F
S205004871261B
S205004872112F
S205004873003F
S205004874EF4F
S205004875102D
S205004876C07C
S20500487755E6
S205004878EF4B
S205004879F049
S20500487A1F19
S20500487BF93E
S20500487C83B3
S20500487D2015
S20500487EC173
S20500487F0033
S205004880131F
S2050048810130
S205004882012F
S205004883012E
S20500488467C7
S20500488580AD
S205004886002C
S205004887002B
S2050048889397
S2050048890524
S20500488A0523
S20500488B0027
S20500488C37EF
S20500488D0520
S20500488E1014
S20500488F0023
S205004890130F
S2050048910120
S205004892011F
S205004893FF20
S205004894130B
S2050048950518
S205004896C557
S2050048972DEE
S20500489823F7
S20500489926F3
S20500489A1107
S20500489B0017
S20500489CEF27
S20500489D1005
S20500489E40D4
S20500489F53C0
S2050048A0838F
S2050048A120F1
S2050048A2C14F
S2050048A3000F
S2050048A413FB
S2050048A50508
S2050048A610FC
S2050048A7000B
S2050048A813F7
S2050048A90108
S2050048AA0107
S2050048AB0106
S2050048AC679F
S2050048AD8085
S2050048AE0004
S2050048AF0003
S2050048B0936F
S2050048B106FB
S2050048B206FA
S2050048B300FF
S2050048B413EB
S2050048B58677
S2050048B605F7
S2050048B700FB
S2050048B89367
S2050048B905F4
S2050048BA05F3
S2050048BB00F7
S2050048BC37BF
S2050048BD05F0
S2050048BE10E4
S2050048BF00F3
S2050048C013DF
S2050048C105EC
S2050048C245AB
S2050048C32FC0
S2050048C46F7F
S2050048C510DD
S2050048C6C02C
S2050048C7509B
S2050048C837B3
S2050048C905E4
S2050048CA10D8
S2050048CB00E7
S2050048CC13D3
S2050048CD01E4
S2050048CE01E3
S2050048CFFEE5
S2050048D013CF
S2050048D105DC
S2050048D2C51B
S2050048D331AE
S2050048D423BB
S2050048D52CB1
S2050048D6815B
S2050048D700DB
S2050048D823B7
S2050048D92AAF
S2050048DA9147
S2050048DB00D7
S2050048DC23B3
S2050048DD28AD
S2050048DE21B3
S2050048DF01D2
S2050048E023AF
S2050048E12EA3
S2050048E211BF
S2050048E300CF
S2050048E4933B
S2050048E504C9
S2050048E6418B
S2050048E700CB
S2050048E8EFDB
S2050048E910B9
S2050048EA8048
S2050048EB4E79
S2050048EC13B3
S2050048ED04C1
S2050048EE00C4
S2050048EF00C3
S2050048F013AF
S2050048F109B8
S2050048F2F0D0
S2050048F30FB0
S2050048F46F4F
S2050048F500BD
S2050048F6803C
S2050048F700BB
S2050048F813A7
S2050048F904B5
S2050048FA14A4
S2050048FB00B7
S2050048FCEFC7
S2050048FDF0C5
S2050048FEDFD5
S2050048FFF0C3
S205004900238E
S2050049018030
S205004902A40B
S20500490300AE
S205004904931A
S2050049058428
S2050049061497
S20500490700AA
S205004908E3C6
S2050049091890
S20500490A2582
S20500490BFFA7
S20500490C6342
S20500490D1094
S20500490E049F
S20500490F02A0
S205004910831E
S2050049112080
S205004912C1DE
S205004913019D
S205004914138A
S2050049150597
S2050049160497
S205004917009A
S2050049180396
S2050049192474
S20500491A8116
S20500491B0195
S20500491C8312
S20500491D2470
S20500491E4152
S20500491F0191
S205004920038E
S2050049212967
S205004922018E
S205004923018D
S205004924137A
S205004925018B
S205004926018A
S2050049270288
S2050049286722
S2050049298008
S20500492A0087
S20500492B0086
S20500492C93F2
S20500492D077D
S20500492E047F
S20500492F0181
S205004930334E
S20500493184FC
S2050049322758
S205004933007E
S205004934235A
S2050049350A72
S2050049360477
S205004937FE7C
S2050049380376
S2050049394731
S20500493A4136
S20500493B0076
S20500493C6312
S20500493D066E
S20500493E076C
S20500493F066C
S205004940135E
S205004941066A
S205004942511E
S205004943006E
S205004944135A
S2050049450468
S205004946006B
S205004947006A
S2050049481356
S2050049490563
S20500494A90D7
S20500494B0066
S20500494C1352
S20500494D085C
S20500494E5013
S20500494F0062
S2050049506FF2
S2050049510060
S205004952C09F
S205004953015D
S20500495493CA
S20500495577E5
S205004956F764
S2050049570F4B
S2050049580356
S2050049594711
S20500495A0651
S20500495B0056
S20500495C1342
S20500495D1440
S20500495E440F
S20500495F0052
S205004960133E
S205004961064A
S2050049621639
S205004963004E
S205004964331A
S20500496584C8
S20500496687C4
S205004967004A
S205004968E366
S2050049690444
S20500496A0740
S20500496BFA4C
S20500496C93B2
S20500496D073D
S20500496E073C
S20500496FFD45
S20500497093AE
S205004971063A
S205004972F748
S205004973FB43
S20500497493AA
S205004975F745
S205004976F744
S2050049770F2B
S20500497893A6
S205004979F642
S20500497AF641
S20500497B0F27
S20500497CE352
S20500497D7EB6
S20500497EF53E
S20500497FFC36
S205004980939E
S205004981052B
S205004982F738
S205004983F935
S205004984939A
S2050049850725
S2050049869794
S205004987FC2E
S2050049889396
S205004989F533
S20500498AF532
S20500498B0F17
S20500498C1312
S20500498D071D
S20500498E978C
S20500498FFA28
S205004990938E
S205004991F729
S205004992F728
S2050049930F0F
S205004994E33A
S20500499572AA
S205004996D843
S205004997FC1E
S205004998E336
S2050049997E9A
S20500499AB85F
S20500499BFA1C
S20500499C37DE
S20500499D050F
S20500499E1003
S20500499F0012
S2050049A013FE
S2050049A1050B
S2050049A2050A
S2050049A329E5
S2050049A4EF1E
S2050049A510FC
S2050049A6C04B
S2050049A742C8
S2050049A813F6
S2050049A90404
S2050049AA0007
S2050049AB0006
S2050049AC6F96
S2050049ADF014
S2050049AE5FA4
S2050049AFF60C
S2050049B037CA
S2050049B105FB
S2050049B210EF
S2050049B300FE
S2050049B413EA
S2050049B501FB
S2050049B601FA
S2050049B7FFFB
S2050049B813E6
S2050049B905F3
S2050049BAC532
S2050049BB33C3
S2050049BC23D2
S2050049BD26CE
S2050049BE11E2
S2050049BF00F2
S2050049C0EF02
S2050049C110E0
S2050049C200EF
S2050049C341AD
S2050049C4836A
S2050049C520CC
S2050049C6C12A
S2050049C700EA
S2050049C813D6
S2050049C901E7
S2050049CA01E6
S2050049CB01E5
S2050049CC6F76
S2050049CDF0F4
S2050049CEDF04
S2050049CFE3FF
S2050049D013CE
S2050049D101DF
S2050049D201DE
S2050049D3F6E8
S2050049D423BA
S2050049D52CB0
S2050049D6815A
S2050049D708D2
S2050049D823B6
S2050049D92AAE
S2050049DA9146
S2050049DB08CE
S2050049DC23B2
S2050049DD28AC
S2050049DE21B2
S2050049DF09C9
S2050049E023AE
S2050049E126AA
S2050049E2319E
S2050049E309C5
S2050049E423AA
S2050049E520AC
S2050049E6616A
S2050049E709C1
S2050049E823A6
S2050049E92E9A
S2050049EA11B6
S2050049EB08BE
S2050049EC23A2
S2050049ED24A0
S2050049EE4182
S2050049EF09B9
S2050049F0239E
S2050049F1229E
S2050049F2516E
S2050049F309B5
S2050049F4239A
S2050049F52E8E
S2050049F6714A
S2050049F707B3
S2050049F82396
S2050049F92C8C
S2050049FA8136
S2050049FB07AF
S2050049FC2392
S2050049FD288C
S2050049FEA112
S2050049FF07AB
S205004A00238D
S205004A012689
S205004A02B1FD
S205004A0307A6
S205004A041399
S205004A05F8B3
S205004A0607A3
S205004A0704A5
S205004A081395
S205004A0904A3
S205004A0A05A1
S205004A0B00A5
S205004A0C9311
S205004A0D891A
S205004A0E059D
S205004A0F00A1
S205004A10930D
S205004A11049B
S205004A120698
S205004A13009D
S205004A141389
S205004A158912
S205004A160694
S205004A170099
S205004A181385
S205004A190B8C
S205004A1A078F
S205004A1B0095
S205004A1C6331
S205004A1D1083
S205004A1E088A
S205004A1F1C75
S205004A20B7D9
S205004A210A85
S205004A22107E
S205004A23008D
S205004A2493F9
S205004A258A01
S205004A260A80
S205004A273554
S205004A281375
S205004A29FC8B
S205004A2A077F
S205004A2B0184
S205004A2C6321
S205004A2D047F
S205004A2E0C76
S205004A2F1869
S205004A30136D
S205004A310778
S205004A32007E
S205004A33017C
S205004A342359
S205004A352259
S205004A36E199
S205004A370079
S205004A381365
S205004A390770
S205004A3A0076
S205004A3B0273
S205004A3C93E1
S205004A3DF77C
S205004A3EE78B
S205004A3FFF72
S205004A40234D
S205004A412649
S205004A42E18D
S205004A43006D
S205004A441359
S205004A45F774
S205004A462743
S205004A470069
S205004A4893D5
S205004A49FB6C
S205004A4A075F
S205004A4B0263
S205004A4C6301
S205004A4D0E55
S205004A4E075B
S205004A4F1849
S205004A5063FD
S205004A51CA95
S205004A520955
S205004A53203D
S205004A541349
S205004A55F764
S205004A564713
S205004A570059
S205004A5863F5
S205004A591245
S205004A5A074F
S205004A5B1E37
S205004A5C93C1
S205004A5DF75C
S205004A5E87CB
S205004A5F0051
S205004A60232D
S205004A61242B
S205004A62014D
S205004A63004D
S205004A6463E9
S205004A6588C3
S205004A660743
S205004A670049
S205004A6893B5
S205004A690740
S205004A6A0046
S205004A6B0243
S205004A6C1331
S205004A6D093A
S205004A6EF949
S205004A6FFF42
S205004A70231D
S205004A71241B
S205004A72F14D
S205004A73003D
S205004A7463D9
S205004A758EAD
S205004A760B2F
S205004A770039
S205004A7893A5
S205004A790730
S205004A7A0036
S205004A7B0134
S205004A7C63D1
S205004A7D82B1
S205004A7EF43E
S205004A7F2011
S205004A80939D
S205004A8187A8
S205004A8284AA
S205004A83FF2E
S205004A849399
S205004A85B774
S205004A861713
S205004A870029
S205004A889395
S205004A890B1C
S205004A8A0026
S205004A8B0223
S205004A8C33F1
S205004A8D091A
S205004A8EF929
S205004A8F40E1
S205004A9063BD
S205004A91908F
S205004A920915
S205004A931607
S205004A949389
S205004A950714
S205004A96001A
S205004A970316
S205004A9823F5
S205004A990E09
S205004A9AF125
S205004A9B0015
S205004A9C1301
S205004A9D0D06
S205004A9E1002
S205004A9F0011
S205004AA0937D
S205004AA10D02
S205004AA2C14D
S205004AA3010C
S205004AA413F9
S205004AA50A01
S205004AA60DFD
S205004AA70009
S205004AA863A5
S205004AA954B3
S205004AAA6D99
S205004AAB0104
S205004AAC13F1
S205004AAD0AF9
S205004AAE0BF7
S205004AAF0001
S205004AB0837D
S205004AB127D8
S205004AB241BD
S205004AB300FD
S205004AB433C9
S205004AB509F2
S205004AB649B1
S205004AB741B8
S205004AB86395
S205004AB99067
S205004ABA07EF
S205004ABB02F3
S205004ABC6391
S205004ABD5A99
S205004ABE20D2
S205004ABF1FD2
S205004AC013DD
S205004AC106E9
S205004AC209E5
S205004AC300ED
S205004AC413D9
S205004AC505E6
S205004AC604E6
S205004AC700E9
S205004AC89355
S205004AC905E2
S205004ACA00E6
S205004ACB02E3
S205004ACC33B1
S205004ACD04DF
S205004ACE24BE
S205004ACF01E0
S205004AD0EFF1
S205004AD1E0FF
S205004AD24F8F
S205004AD3EAF3
S205004AD413C9
S205004AD509D2
S205004AD6F0EA
S205004AD7FFDA
S205004AD88355
S205004AD927B0
S205004ADA8155
S205004ADB00D5
S205004ADC6371
S205004ADD864D
S205004ADE07CB
S205004ADF00D1
S205004AE023AD
S205004AE100CF
S205004AE2F4DA
S205004AE300CD
S205004AE413B9
S205004AE504C7
S205004AE614B6
S205004AE700C9
S205004AE86365
S205004AE98A3D
S205004AEA0BBB
S205004AEB00C5
S205004AEC13B1
S205004AED07BC
S205004AEE8042
S205004AEF00C1
S205004AF0635D
S205004AF18E31
S205004AF2E4DA
S205004AF318A5
S205004AF413A9
S205004AF507B4
S205004AF600BA
S205004AF701B8
S205004AF86355
S205004AF98A2D
S205004AFAE4D2
S205004AFB14A1
S205004AFC6351
S205004AFD10A3
S205004AFE0CA6
S205004AFF02AF
S205004B00634C
S205004B01545A
S205004B02208D
S205004B031B91
S205004B048328
S205004B052585
S205004B06C1E8
S205004B0700A8
S205004B081394
S205004B0906A0
S205004B0A099C
S205004B0B00A4
S205004B0C1390
S205004B0D059D
S205004B0E049D
S205004B0F00A0
S205004B10EFB0
S205004B11E0BE
S205004B124F4E
S205004B13E6B6
S205004B143368
S205004B150496
S205004B162475
S205004B170197
S205004B181384
S205004B19098D
S205004B1AF0A5
S205004B1BFF95
S205004B1C6330
S205004B1D5E34
S205004B1E4D44
S205004B1F018F
S205004B20335C
S205004B210A84
S205004B22AAE3
S205004B23414B
S205004B241378
S205004B250585
S205004B260485
S205004B270088
S205004B281374
S205004B290680
S205004B2A0A7B
S205004B2B0084
S205004B2C93F0
S205004B2D057D
S205004B2E0081
S205004B2F037D
S205004B30EF90
S205004B31E09E
S205004B324F2E
S205004B33E498
S205004B343348
S205004B350476
S205004B364435
S205004B370177
S205004B38B3C4
S205004B3987EF
S205004B3A3D38
S205004B3B0173
S205004B3C1360
S205004B3D076B
S205004B3E046D
S205004B3F0070
S205004B40036C
S205004B41C6A8
S205004B420766
S205004B43006C
S205004B4493D8
S205004B4586E4
S205004B460762
S205004B470068
S205004B481354
S205004B49075F
S205004B4A174E
S205004B4B0064
S205004B4CA3C0
S205004B4D0F53
S205004B4EC79A
S205004B4FFE62
S205004B5093CC
S205004B5187D7
S205004B52F766
S205004B53FF5D
S205004B54E378
S205004B5596C4
S205004B56DD7C
S205004B57FE5A
S205004B5893C4
S205004B5989CD
S205004B5A193C
S205004B5B0054
S205004B5C3320
S205004B5D044E
S205004B5E341D
S205004B5F014F
S205004B6063EC
S205004B615CF2
S205004B62202D
S205004B63014B
S205004B641338
S205004B650545
S205004B660445
S205004B670048
S205004B681334
S205004B690640
S205004B6A093C
S205004B6B0044
S205004B6C93B0
S205004B6D053D
S205004B6E0041
S205004B6F023E
S205004B70EF50
S205004B71E05E
S205004B724FEE
S205004B73E05C
S205004B743308
S205004B750436
S205004B762415
S205004B770137
S205004B7883B4
S205004B792016
S205004B7AC174
S205004B7B092B
S205004B7C1320
S205004B7D052D
S205004B7E042D
S205004B7F0030
S205004B80032C
S205004B81240A
S205004B8281AC
S205004B830923
S205004B8483A8
S205004B852406
S205004B8641E8
S205004B87091F
S205004B880324
S205004B8929FD
S205004B8A0124
S205004B8B091B
S205004B8C83A0
S205004B8D29F9
S205004B8EC160
S205004B8F0818
S205004B90031C
S205004B912AF4
S205004B92819C
S205004B930814
S205004B948398
S205004B952AF0
S205004B9641D8
S205004B970810
S205004B980314
S205004B992BEB
S205004B9A0114
S205004B9B080C
S205004B9C8390
S205004B9D2BE7
S205004B9EC150
S205004B9F0709
S205004BA0030C
S205004BA12CE2
S205004BA2818C
S205004BA30705
S205004BA40308
S205004BA52DDD
S205004BA60108
S205004BA70701
S205004BA88384
S205004BA92DD9
S205004BAAC144
S205004BAB06FE
S205004BAC13F0
S205004BAD0101
S205004BAE0100
S205004BAF0AF6
S205004BB06798
S205004BB1807E
S205004BB200FD
S205004BB300FC
S205004BB49368
S205004BB5F604
S205004BB617E2
S205004BB701F7
S205004BB813E4
S205004BB9F7FF
S205004BBA17DE
S205004BBB00F4
S205004BBC23D0
S205004BBD22D0
S205004BBED120
S205004BBF00F0
S205004BC0638C
S205004BC10CE2
S205004BC207E6
S205004BC30EDE
S205004BC413D8
S205004BC507E3
S205004BC600E9
S205004BC703E5
S205004BC823C4
S205004BC926C0
S205004BCAE104
S205004BCB00E4
S205004BCC13D0
S205004BCDF7EB
S205004BCE27BA
S205004BCF00E0
S205004BD0934C
S205004BD1FBE3
S205004BD207D6
S205004BD302DA
S205004BD46378
S205004BD50AD0
S205004BD607D2
S205004BD700D8
S205004BD86F68
S205004BD9F0E6
S205004BDA9F36
S205004BDBE7ED
S205004BDCB71C
S205004BDD0AC8
S205004BDE10C1
S205004BDF00D0
S205004BE0933C
S205004BE18A44
S205004BE28A43
S205004BE33795
S205004BE46F5C
S205004BE5F0DA
S205004BE65F6A
S205004BE7E4E4
S205004BE823A4
S205004BE924A2
S205004BEA01C4
S205004BEB00C4
S205004BEC6F54
S205004BEDF0D2
S205004BEE9F22
S205004BEFE8D8
S205004BF0239C
S205004BF12A94
S205004BF2912C
S205004BF307B5
S205004BF413A8
S205004BF58535
S205004BF609B0
S205004BF700B8
S205004BF813A4
S205004BF90DA9
S205004BFA00B5
S205004BFB00B4
S205004BFC9320
S205004BFD0DA5
S205004BFEC1F0
S205004BFF01AF
S205004C00931B
S205004C018528
S205004C0204A8
S205004C0300AB
S205004C041397
S205004C050A9F
S205004C0605A3
S205004C0700A7
S205004C08EFB7
S205004C09E0C5
S205004C0A0F95
S205004C0BAEF5
S205004C0C336F
S205004C0D851C
S205004C0EAAF6
S205004C0F009F
S205004C10831B
S205004C114657
S205004C120597
S205004C13009B
S205004C149307
S205004C150990
S205004C160D8B
S205004C170097
S205004C181383
S205004C190D88
S205004C1A1D77
S205004C1B0093
S205004C1CB3DF
S205004C1D8C05
S205004C1EADE3
S205004C1F018E
S205004C2093FB
S205004C218508
S205004C220488
S205004C23008B
S205004C241377
S205004C250584
S205004C260A7E
S205004C270087
S205004C28A3E3
S205004C298FF6
S205004C2ADCA8
S205004C2BFE85
S205004C2CEF93
S205004C2DE0A1
S205004C2E4F31
S205004C2FA7D8
S205004C30E39B
S205004C317805
S205004C329AE2
S205004C33FC7F
S205004C3483F7
S205004C352C4D
S205004C364137
S205004C370770
S205004C386F07
S205004C39F085
S205004C3ADF95
S205004C3BE68D
S205004C3C93DF
S205004C3D076A
S205004C3EB0C0
S205004C3F026D
S205004C40135B
S205004C410964
S205004C42F973
S205004C43FF6C
S205004C442347
S205004C452445
S205004C46F177
S205004C470067
S205004C486FF7
S205004C49F075
S205004C4ADF85
S205004C4BE281
S205004C4C134F
S205004C4D075A
S205004C4E0060
S205004C4F035C
S205004C50233B
S205004C51005D
S205004C52E478
S205004C53005B
S205004C541347
S205004C550752
S205004C5680D8
S205004C570750
S205004C58A3B3
S205004C590055
S205004C5AE470
S205004C5B0053
S205004C5C133F
S205004C5D044D
S205004C5E242C
S205004C5F004F
S205004C606FDF
S205004C61F05D
S205004C62DF6D
S205004C63E962
S205004C64B397
S205004C650940
S205004C663018
S205004C674106
S205004C681333
S205004C69093C
S205004C6AF94B
S205004C6BFF44
S205004C6C63DF
S205004C6D98A9
S205004C6E0B35
S205004C6F023D
S205004C7093AB
S205004C710736
S205004C72D06C
S205004C730239
S205004C742317
S205004C752A0F
S205004C7691A7
S205004C770730
S205004C782313
S205004C792411
S205004C7AF143
S205004C7B0033
S205004C7C6FC3
S205004C7DF041
S205004C7E9F91
S205004C7FF738
S205004C80131B
S205004C810924
S205004C82E943
S205004C83FF2C
S205004C849397
S205004C850B1E
S205004C860028
S205004C870225
S205004C886FB7
S205004C89F035
S205004C8A9F85
S205004C8BE043
S205004C8C130F
S205004C8D071A
S205004C8E0020
S205004C8F031C
S205004C9023FB
S205004C91001D
S205004C92E438
S205004C93001B
S205004C941307
S205004C950415
S205004C961404
S205004C970017
S205004C986FA7
S205004C99F025
S205004C9A5FB5
S205004C9BE62D
S205004C9C937F
S205004C9D070A
S205004C9ED040
S205004C9F020D
S205004CA023EB
S205004CA124E9
S205004CA2F11B
S205004CA3000B
S205004CA46F9B
S205004CA5F019
S205004CA65FA9
S205004CA7DD2A
S205004CA813F3
S205004CA909FC
S205004CAAF90B
S205004CABFF04
S205004CAC6F93
S205004CADF011
S205004CAE1FE1
S205004CAFE718
S205004CB013EB
S205004CB109F4
S205004CB2F903
S205004CB3FFFC
S205004CB46F8B
S205004CB5F009
S205004CB65F99
S205004CB7E215
S205004CB813E3
S205004CB907EE
S205004CBA00F4
S205004CBB02F1
S205004CBC23CF
S205004CBD22CF
S205004CBE01EF
S205004CBF00EF
S205004CC023CB
S205004CC126C7
S205004CC2E10B
S205004CC300EB
S205004CC46F7B
S205004CC5F0F9
S205004CC61FC9
S205004CC7D80F
S205004CC813D3
S205004CC901E4
S205004CCA01E3
S205004CCBEFF4
S205004CCC23BF
S205004CCD26BB
S205004CCE11CF
S205004CCF10CF
S205004CD023BB
S205004CD122BB
S205004CD2914B
S205004CD310CB
S205004CD48357
S205004CD5C712
S205004CD605D3
S205004CD700D7
S205004CD823B3
S205004CD924B1
S205004CDAA133
S205004CDB00D3
S205004CDCE3EF
S205004CDD8E43
S205004CDE07C9
S205004CDF3E91
S205004CE0B717
S205004CE108C5
S205004CE210BC
S205004CE300CB
S205004CE423A7
S205004CE524A5
S205004CE68147
S205004CE710B7
S205004CE823A3
S205004CE920A5
S205004CEA21A3
S205004CEB11B2
S205004CEC239F
S205004CED2E93
S205004CEE318F
S205004CEF0FB0
S205004CF0239B
S205004CF12C91
S205004CF2417B
S205004CF30FAC
S205004CF42397
S205004CF52A8F
S205004CF65167
S205004CF70FA8
S205004CF82393
S205004CF9288D
S205004CFA6153
S205004CFB0FA4
S205004CFC238F
S205004CFD268B
S205004CFE713F
S205004CFF0FA0
S205004D00238A
S205004D012488
S205004D02812A
S205004D030F9B
S205004D042386
S205004D052286
S205004D069116
S205004D070F97
S205004D082382
S205004D092084
S205004D0AA102
S205004D0B0F93
S205004D0C237E
S205004D0D2E72
S205004D0EB1EE
S205004D0F0D91
S205004D10138A
S205004D118418
S205004D120596
S205004D13009A
S205004D149306
S205004D150B8D
S205004D160691
S205004D170096
S205004D189302
S205004D190490
S205004D1A058E
S205004D1B0092
S205004D1C93FE
S205004D1D0987
S205004D1E503F
S205004D1F028C
S205004D20137A
S205004D210B81
S205004D22008B
S205004D230189
S205004D241376
S205004D2589FF
S205004D26087F
S205004D275E28
S205004D2893F2
S205004D290A7A
S205004D2A90F3
S205004D2B0082
S205004D2C136E
S205004D2D0A76
S205004D2EE09F
S205004D2F027C
S205004D30631A
S205004D3180FC
S205004D323744
S205004D330773
S205004D342356
S205004D3580F8
S205004D36F483
S205004D370076
S205004D3883F2
S205004D39472D
S205004D3A145F
S205004D3B0072
S205004D3C93DE
S205004D3D84EC
S205004D3E145B
S205004D3F006E
S205004D40135A
S205004D410468
S205004D421457
S205004D43006A
S205004D44E386
S205004D4596D2
S205004D460760
S205004D47FE68
S205004D480362
S205004D492440
S205004D4A81E2
S205004D4B1052
S205004D4C035E
S205004D4D2937
S205004D4E015E
S205004D4F104E
S205004D5083DA
S205004D512933
S205004D52C19A
S205004D530F4B
S205004D540356
S205004D552A2E
S205004D5681D6
S205004D570F47
S205004D5883D2
S205004D592A2A
S205004D5A4112
S205004D5B0F43
S205004D5C034E
S205004D5D2B25
S205004D5E014E
S205004D5F0F3F
S205004D6083CA
S205004D612B21
S205004D62C18A
S205004D630E3C
S205004D640346
S205004D652C1C
S205004D6681C6
S205004D670E38
S205004D6883C2
S205004D692C18
S205004D6A4102
S205004D6B0E34
S205004D6C033E
S205004D6D2D13
S205004D6E013E
S205004D6F0E30
S205004D7083BA
S205004D712D0F
S205004D72C17A
S205004D730D2D
S205004D742316
S205004D7580B8
S205004D760433
S205004D770036
S205004D7883B2
S205004D79270D
S205004D7A81B2
S205004D7B0032
S205004D7C83AE
S205004D7D2010
S205004D7EC16E
S205004D7F101E
S205004D8033FA
S205004D8185A7
S205004D82F437
S205004D8340EA
S205004D8483A6
S205004D852404
S205004D8641E6
S205004D871016
S205004D881312
S205004D890123
S205004D8A0122
S205004D8B1111
S205004D8C67BA
S205004D8D80A0
S205004D8E001F
S205004D8F001E
S205004D90938A
S205004D910715
S205004D92001B
S205004D93001A
S205004D940316
S205004D9548D0
S205004D961403
S205004D970016
S205004D989382
S205004D990C08
S205004D9A14FF
S205004D9B0012
S205004D9C13FE
S205004D9D0709
S205004D9E0807
S205004D9FFE10
S205004DA013FA
S205004DA17795
S205004DA2F714
S205004DA30FFB
S205004DA463A6
S205004DA56A9E
S205004DA6EB1C
S205004DA70006
S205004DA813F2
S205004DA917ED
S205004DAA27DC
S205004DAB0002
S205004DAC33CE
S205004DAD07F9
S205004DAE27D8
S205004DAF01FD
S205004DB003FA
S205004DB127D5
S205004DB207F4
S205004DB300FA
S205004DB46792
S205004DB500F8
S205004DB607F0
S205004DB700F6
S205004DB813E2
S205004DB907ED
S205004DBA08EB
S205004DBBFDF5
S205004DBC13DE
S205004DBD7779
S205004DBEF7F8
S205004DBF0FDF
S205004DC0638A
S205004DC1FEEE
S205004DC2EA01
S205004DC310DA
S205004DC413D6
S205004DC507E1
S205004DC6A047
S205004DC702E4
S205004DC813D2
S205004DC90DD7
S205004DCAF0F3
S205004DCBFFE3
S205004DCC637E
S205004DCD02DE
S205004DCEE8F7
S205004DCF14CA
S205004DD0934A
S205004DD10DCF
S205004DD2F0EB
S205004DD3FFDB
S205004DD46376
S205004DD50ECA
S205004DD6488F
S205004DD70DC9
S205004DD813C2
S205004DD9775D
S205004DDAF8DB
S205004DDB0DC5
S205004DDC933E
S205004DDD06CA
S205004DDEC00F
S205004DDF04CA
S205004DE0636A
S205004DE10EBE
S205004DE2D7F4
S205004DE308C2
S205004DE413B6
S205004DE507C1
S205004DE6F8CF
S205004DE7FBCB
S205004DE813B2
S205004DE9774D
S205004DEAF7CC
S205004DEB0FB3
S205004DEC932E
S205004DED06BA
S205004DEE704F
S205004DEF03BB
S205004DF0635A
S205004DF1ECD0
S205004DF2E6D5
S205004DF304B6
S205004DF4B702
S205004DF506B2
S205004DF610A7
S205004DF700B6
S205004DF813A2
S205004DF9179D
S205004DFA278C
S205004DFB00B2
S205004DFC931E
S205004DFD862A
S205004DFE4669
S205004DFF624C
S205004E003379
S205004E0107A4
S205004E02D7D3
S205004E0300A9
S205004E0403A5
S205004E052780
S205004E06079F
S205004E0700A5
S205004E08673D
S205004E0900A3
S205004E0A079B
S205004E0B00A1
S205004E0C930D
S205004E0DE7B8
S205004E0E1787
S205004E0F009D
S205004E101389
S205004E118417
S205004E120C8E
S205004E130099
S205004E146F29
S205004E15F0A7
S205004E161F77
S205004E17F89D
S205004E189301
S205004E19E7AC
S205004E1A078B
S205004E1B0190
S205004E1C137D
S205004E1D840B
S205004E1E0C82
S205004E1F008D
S205004E206F1D
S205004E21F09B
S205004E225F2B
S205004E23F792
S205004E2493F5
S205004E25E7A0
S205004E26473F
S205004E270085
S205004E281371
S205004E2984FF
S205004E2A0C76
S205004E2B0081
S205004E2C6F11
S205004E2DF08F
S205004E2E9FDF
S205004E2FF687
S205004E3093E9
S205004E31E794
S205004E320773
S205004E330277
S205004E341365
S205004E3584F3
S205004E360C6A
S205004E370075
S205004E386F05
S205004E39F083
S205004E3ADF93
S205004E3BF57C
S205004E3C93DD
S205004E3DE788
S205004E3E87E7
S205004E3F006D
S205004E401359
S205004E4184E7
S205004E420C5E
S205004E430069
S205004E446FF9
S205004E45F077
S205004E461F47
S205004E47F570
S205004E481351
S205004E498CD7
S205004E4A0C56
S205004E4B0061
S205004E4C93CD
S205004E4D0758
S205004E4E500E
S205004E4F025B
S205004E5063F9
S205004E510A51
S205004E52F862
S205004E530059
S205004E542335
S205004E5580D7
S205004E56F462
S205004E570055
S205004E580351
S205004E59480B
S205004E5A0C46
S205004E5B0051
S205004E5C93BD
S205004E5D84CB
S205004E5E143A
S205004E5F004D
S205004E60E369
S205004E610447
S205004E620842
S205004E63EE5B
S205004E642325
S205004E6580C7
S205004E660442
S205004E670144
S205004E6883C1
S205004E6947FC
S205004E6A1C26
S205004E6B0041
S205004E6C132D
S205004E6D043B
S205004E6E1C22
S205004E6F003D
S205004E7093A9
S205004E7184B7
S205004E721426
S205004E730039
S205004E74E355
S205004E759E99
S205004E76072F
S205004E77EA4B
S205004E786FC5
S205004E79F043
S205004E7A1F13
S205004E7BED44
S205004E7C939D
S205004E7D052A
S205004E7E0826
S205004E7F002D
S205004E800329
S205004E81C863
S205004E821C0E
S205004E830029
S205004E849395
S205004E850621
S205004E8670B6
S205004E870322
S205004E881311
S205004E898C97
S205004E8A1C06
S205004E8B0021
S205004E8C130D
S205004E8D0718
S205004E8EF826
S205004E8FFB22
S205004E901309
S205004E9177A4
S205004E92F723
S205004E930F0A
S205004E94E335
S205004E95EC2B
S205004E96E630
S205004E97FA1B
S205004E98B75D
S205004E99060D
S205004E9A1002
S205004E9B0011
S205004E9C13FD
S205004E9D17F8
S205004E9E27E7
S205004E9F000D
S205004EA09379
S205004EA18685
S205004EA246C4
S205004EA37099
S205004EA433D5
S205004EA50700
S205004EA6D72F
S205004EA70005
S205004EA80301
S205004EA927DC
S205004EAA07FB
S205004EAB0001
S205004EAC6799
S205004EAD00FF
S205004EAE07F7
S205004EAF00FD
S205004EB003F9
S205004EB1C833
S205004EB21CDE
S205004EB300F9
S205004EB413E5
S205004EB506F1
S205004EB69066
S205004EB700F5
S205004EB89361
S205004EB9866D
S205004EBA1CD6
S205004EBB00F1
S205004EBC13DD
S205004EBD07E8
S205004EBE08E6
S205004EBFFDF0
S205004EC013D9
S205004EC17774
S205004EC2F7F3
S205004EC30FDA
S205004EC46385
S205004EC57077
S205004EC6E600
S205004EC70ADB
S205004EC813D1
S205004EC907DC
S205004ECAA042
S205004ECB02DF
S205004ECC637D
S205004ECD0CD3
S205004ECEE8F6
S205004ECF0CD1
S205004ED09349
S205004ED18C4F
S205004ED206D4
S205004ED300D9
S205004ED49345
S205004ED50DCA
S205004ED600D6
S205004ED700D5
S205004ED86F65
S205004ED9F0E3
S205004EDA1FB3
S205004EDBF0E1
S205004EDC13BD
S205004EDD0DC2
S205004EDE00CE
S205004EDF00CD
S205004EE09339
S205004EE106C5
S205004EE2903A
S205004EE300C9
S205004EE413B5
S205004EE517B0
S205004EE62D99
S205004EE700C5
S205004EE83391
S205004EE907BC
S205004EEAA71B
S205004EEB01C0
S205004EEC932D
S205004EED8C33
S205004EEE1CA2
S205004EEF00BD
S205004EF013A9
S205004EF117A4
S205004EF217A3
S205004EF300B9
S205004EF43385
S205004EF507B0
S205004EF607AF
S205004EF701B4
S205004EF803B1
S205004EF9C8EB
S205004EFA0CA6
S205004EFB00B1
S205004EFC139D
S205004EFD0DA2
S205004EFE07A7
S205004EFFFDB0
S205004F001398
S205004F0107A3
S205004F0208A1
S205004F03FDAB
S205004F041394
S205004F05772F
S205004F06F7AE
S205004F070F95
S205004F08E3C0
S205004F09FEA4
S205004F0AE6BB
S205004F0BFCA4
S205004F0C6F30
S205004F0DF0AE
S205004F0E5F3E
S205004F0FECB0
S205004F100398
S205004F11ADED
S205004F120B8E
S205004F130098
S205004F140394
S205004F15484E
S205004F162471
S205004F170094
S205004F189300
S205004F190C86
S205004F1A246D
S205004F1B0090
S205004F1C93FC
S205004F1D8B03
S205004F1E4B42
S205004F1F008C
S205004F20E3A8
S205004F215832
S205004F220D7C
S205004F23EA9E
S205004F243354
S205004F250D79
S205004F26A0E5
S205004F274143
S205004F2893F0
S205004F29E79B
S205004F2A077A
S205004F2B017F
S205004F2C6F10
S205004F2DF08E
S205004F2E5F1E
S205004F2FEA92
S205004F301368
S205004F318CEE
S205004F320C6D
S205004F330078
S205004F341364
S205004F350670
S205004F36A0D5
S205004F370074
S205004F3883F0
S205004F39A5CD
S205004F3A0B66
S205004F3B0070
S205004F3C93DC
S205004F3D8BE3
S205004F3E4B22
S205004F3F006C
S205004F401358
S205004F4185E5
S205004F420465
S205004F430068
S205004F441354
S205004F4587DF
S205004F460D58
S205004F470064
S205004F4893D0
S205004F49065C
S205004F4A0D54
S205004F4B0060
S205004F4CEF70
S205004F4DF06E
S205004F4E5FFE
S205004F4FA8B4
S205004F5083D8
S205004F514713
S205004F521C3D
S205004F530058
S205004F5493C4
S205004F550452
S205004F560550
S205004F570054
S205004F581340
S205004F59044E
S205004F5A1C35
S205004F5B0050
S205004F5CE36C
S205004F5D9AB4
S205004F5E0746
S205004F5FDC70
S205004F606FDC
S205004F61F05A
S205004F629FAA
S205004F63DE6A
S205004F6493B4
S205004F650E38
S205004F660045
S205004F670044
S205004F681330
S205004F6997AB
S205004F6A2E13
S205004F6B0040
S205004F6C330C
S205004F6D0737
S205004F6ED766
S205004F6F013B
S205004F7093A8
S205004F7186B4
S205004F721623
S205004F730038
S205004F741324
S205004F75171F
S205004F76171E
S205004F770034
S205004F783300
S205004F79072B
S205004F7A072A
S205004F7B012F
S205004F7C032C
S205004F7DC866
S205004F7E0627
S205004F7F002C
S205004F809398
S205004F810E1C
S205004F820722
S205004F83FD2B
S205004F841314
S205004F85071F
S205004F86081D
S205004F87FD27
S205004F881310
S205004F8977AB
S205004F8AF72A
S205004F8B0F11
S205004F8CE33C
S205004F8D7EA0
S205004F8EE637
S205004F8FFC20
S205004F901308
S205004F91C753
S205004F92FE1B
S205004F93FF19
S205004F941304
S205004F9557BF
S205004F96F71E
S205004F9741D3
S205004F98B360
S205004F99FD15
S205004F9AEE23
S205004F9B0010
S205004F9C937C
S205004F9D8C82
S205004F9E0607
S205004F9F000C
S205004FA06F9C
S205004FA1F01A
S205004FA29F6A
S205004FA3E325
S205004FA48384
S205004FA5AD59
S205004FA60BFA
S205004FA70004
S205004FA80300
S205004FA9C83A
S205004FAA2CD5
S205004FAB0000
S205004FAC936C
S205004FAD8B73
S205004FAE4BB2
S205004FAF00FC
S205004FB013E8
S205004FB1C733
S205004FB2FDFC
S205004FB3FFF9
S205004FB413E4
S205004FB5579F
S205004FB6F7FE
S205004FB741B3
S205004FB8B340
S205004FB9FDF5
S205004FBAED04
S205004FBB00F0
S205004FBC935C
S205004FBD8C62
S205004FBE2CC1
S205004FBF00EC
S205004FC06F7C
S205004FC1F0FA
S205004FC29F4A
S205004FC3E107
S205004FC413D4
S205004FC507DF
S205004FC6C025
S205004FC706DE
S205004FC89350
S205004FC9E7FB
S205004FCA27BA
S205004FCB00E0
S205004FCCE3FC
S205004FCD845A
S205004FCEE5F8
S205004FCFF6E6
S205004FD013C8
S205004FD18753
S205004FD24B8E
S205004FD300D8
S205004FD48354
S205004FD5A531
S205004FD60BCA
S205004FD700D4
S205004FD813C0
S205004FD906CC
S205004FDAA031
S205004FDB00D0
S205004FDC933C
S205004FDD0BC3
S205004FDE07C6
S205004FDF00CC
S205004FE06F5C
S205004FE1F0DA
S205004FE21FAA
S205004FE3F6D2
S205004FE413B4
S205004FE58C3A
S205004FE60CB9
S205004FE700C4
S205004FE813B0
S205004FE906BC
S205004FEA8041
S205004FEB00C0
S205004FEC6F50
S205004FEDF0CE
S205004FEEDFDE
S205004FEFF4C8
S205004FF013A8
S205004FF18C2E
S205004FF20CAD
S205004FF300B8
S205004FF413A4
S205004FF506B0
S205004FF600B5
S205004FF701B3
S205004FF86F44
S205004FF9F0C2
S205004FFA1F92
S205004FFBF4BC
S205004FFC139C
S205004FFD8C22
S205004FFE0CA1
S205004FFF00AC
S20500500003A7
S205005001A405
S2050050020B9D
S20500500300A7
S2050050049313
S2050050058B1A
S2050050064B59
S20500500700A3
S205005008E3BF
S205005009049D
S20500500A049C
S20500500B2E71
S20500500C039B
S20500500D4756
S20500500E0498
S20500500F009B
S205005010E3B7
S2050050110495
S2050050120791
S205005013385F
S205005014E3B3
S2050050158213
S2050050160D87
S205005017385B
S205005018137F
S205005019078A
S20500501A048C
S20500501B008F
S20500501C6F1F
S20500501D008D
S20500501EC0CC
S20500501F008B
S205005020B3D7
S2050050210683
S205005022B7D1
S2050050234146
S2050050246323
S20500502588FD
S20500502686FE
S2050050270083
S20500502883FF
S205005029463B
S20500502A1769
S20500502B007F
S20500502C136B
S20500502D0776
S20500502E1765
S20500502F007B
S205005030E397
S20500503198E1
S2050050320672
S205005033FE79
S20500503493E3
S205005035F77E
S205005036076D
S2050050370172
S205005038B3BF
S2050050390C65
S20500503A87E9
S20500503B402F
S20500503C630B
S20500503D8AE3
S20500503E0765
S20500503F0A61
S2050050406307
S2050050415217
S20500504290D8
S205005043095E
S20500504493D3
S20500504587DE
S205005046FC68
S205005047FF64
S205005048134F
S205005049075A
S20500504A6000
S20500504B005F
S20500504CE37B
S20500504D74E9
S20500504EF765
S20500504F0A51
S205005050B3A7
S205005051E772
S20500505284D4
S2050050530057
S20500505493C3
S205005055F75E
S205005056371D
S2050050570053
S205005058E36F
S2050050599EB3
S20500505A0749
S20500505B0847
S20500505C93BB
S20500505D0746
S20500505E1438
S20500505F004B
S2050050603317
S20500506187C2
S205005062F454
S2050050634007
S2050050641333
S205005065370E
S205005066370D
S2050050670043
S205005068E35F
S2050050691829
S20500506A0739
S20500506B0837
S20500506C93AB
S20500506DF548
S20500506ECC70
S20500506FFF3C
S20500507093A7
S20500507187B2
S2050050720434
S2050050730037
S2050050743303
S205005075062F
S205005076B480
S2050050770033
S205005078032F
S205005079270A
S20500507A042C
S20500507B002F
S20500507C131B
S20500507D0429
S20500507E44E8
S20500507F002B
S2050050809397
S20500508187A2
S20500508247E1
S2050050830027
S2050050842303
S205005085AE77
S205005086E73D
S205005087FE25
S205005088E33F
S2050050891809
S20500508A869A
S20500508BFE21
S20500508C33EB
S20500508D8796
S20500508EB468
S20500508F001B
S205005090B367
S2050050918693
S2050050929484
S2050050930116
S20500509463B3
S205005095868F
S205005096957F
S2050050970310
S205005098030F
S20500509945CC
S20500509A060A
S20500509B000F
S20500509C937B
S20500509D8786
S20500509E15F7
S20500509F000B
S2050050A023E7
S2050050A10009
S2050050A2A761
S2050050A30007
S2050050A463A3
S2050050A5DE27
S2050050A6976D
S2050050A70102
S2050050A8837F
S2050050A947BA
S2050050AA16EA
S2050050AB00FF
S2050050AC936B
S2050050AD8578
S2050050AE25D7
S2050050AF00FB
S2050050B0A357
S2050050B100F9
S2050050B2F701
S2050050B300F7
S2050050B46393
S2050050B5D61F
S2050050B6955F
S2050050B701F2
S2050050B8836F
S2050050B947AA
S2050050BA26CA
S2050050BB00EF
S2050050BC23CB
S2050050BD01EC
S2050050BEF7F5
S2050050BF00EB
S2050050C09357
S2050050C18465
S2050050C206E2
S2050050C300E7
S2050050C413D3
S2050050C504E1
S2050050C61CC8
S2050050C700E3
S2050050C8E3FF
S2050050C9DA07
S2050050CAAC34
S2050050CB3DA2
S2050050CCB32B
S2050050CD0CD1
S2050050CE9D3F
S2050050CF419A
S2050050D013C7
S2050050D18554
S2050050D204D4
S2050050D300D7
S2050050D413C3
S2050050D5864F
S2050050D60CC8
S2050050D700D3
S2050050D8933F
S2050050D905CC
S2050050DA00D0
S2050050DB02CD
S2050050DCEFDF
S2050050DDE0ED
S2050050DE8F3D
S2050050DF8942
S2050050E08347
S2050050E14782
S2050050E21CAC
S2050050E300C7
S2050050E4B313
S2050050E58441
S2050050E69430
S2050050E701C2
S2050050E8E3DF
S2050050E9942D
S2050050EA07B9
S2050050EBC4FB
S2050050EC6F4F
S2050050EDF0CD
S2050050EEDFDD
S2050050EFC5F6
S2050050F0E3D7
S2050050F1D4E5
S2050050F2AC0C
S2050050F33384
S2050050F4B303
S2050050F50DA8
S2050050F69D17
S2050050F74172
S2050050F8139F
S2050050F9852C
S2050050FA04AC
S2050050FB00AF
S2050050FC139B
S2050050FD8627
S2050050FE0D9F
S2050050FF00AB
S2050051009316
S20500510105A3
S20500510200A7
S20500510302A4
S205005104EFB6
S205005105E0C4
S2050051060F94
S205005107871B
S205005108138E
S2050051098D13
S20500510AFCA3
S20500510BFF9F
S20500510CB3EA
S20500510D8418
S20500510EB4E7
S20500510F0199
S2050051106F2A
S205005111F0A8
S2050051121F78
S205005113F3A3
S2050051141382
S2050051158C08
S2050051160C87
S2050051170092
S20500511893FE
S2050051198B05
S20500511A7B14
S20500511B008E
S20500511C93FA
S20500511DFB91
S20500511E8B00
S20500511FFF8B
S20500512093F6
S205005121F692
S2050051220780
S2050051230185
S2050051240382
S205005125A8DC
S2050051260B78
S2050051270082
S205005128037E
S205005129A4DC
S20500512A4B34
S20500512B007E
S20500512C93EA
S20500512D8BF1
S20500512E8BF0
S20500512F007A
S2050051306316
S20500513184F4
S2050051320671
S2050051337EF8
S20500513493E2
S205005135F77D
S205005136E78C
S205005137FF73
S20500513893DE
S205005139EC84
S20500513A2748
S20500513B006E
S20500513C93DA
S20500513D0765
S20500513E006B
S20500513F0169
S2050051402346
S2050051412642
S205005142F176
S2050051430066
S20500514493D2
S205005145075D
S2050051460063
S2050051470260
S205005148233E
S2050051492A36
S20500514AF16E
S20500514B005E
S20500514C134A
S20500514D0557
S20500514E0853
S20500514F005A
S20500515093C6
S2050051510553
S2050051520453
S2050051530056
S2050051541342
S205005155064E
S2050051560053
S2050051570052
S20500515893BE
S205005159064A
S20500515A004F
S20500515B004E
S20500515C232A
S20500515D2824
S20500515E014A
S20500515F0149
S205005160EF5A
S205005161C088
S2050051624FF8
S205005163CD79
S2050051640342
S205005165281C
S2050051660142
S2050051670141
S205005168E35E
S2050051694AF6
S20500516A053A
S20500516B300E
S20500516C93AA
S20500516DF745
S20500516E4CEF
S20500516F003A
S205005170E356
S20500517190A8
S2050051720730
S2050051732016
S20500517493A2
S205005175F73D
S2050051768CA7
S2050051770032
S205005178230E
S2050051792808
S20500517A012E
S20500517B002E
S20500517C63CA
S20500517D88A4
S20500517E0724
S20500517F002A
S2050051809396
S2050051810721
S2050051820027
S2050051830224
S2050051841312
S2050051850D17
S205005186FD26
S205005187FF23
S20500518823FE
S20500518928F8
S20500518AF12E
S20500518B001E
S20500518C938A
S20500518D0715
S20500518EF02B
S20500518FFF1B
S20500519063B6
S2050051919484
S205005192FD1A
S2050051930016
S2050051949382
S2050051950D07
S20500519660B3
S2050051970012
S20500519813FE
S205005199050B
S20500519A0807
S20500519B000E
S20500519C937A
S20500519D0705
S20500519E010A
S20500519F0802
S2050051A013F6
S2050051A10701
S2050051A2C146
S2050051A30204
S2050051A49372
S2050051A505FF
S2050051A604FF
S2050051A70002
S2050051A8936E
S2050051A906FA
S2050051AA817E
S2050051AB02FC
S2050051AC13EA
S2050051AD8676
S2050051AE0DEE
S2050051AF00FA
S2050051B0EF0A
S2050051B110E8
S2050051B2C037
S2050051B339BD
S2050051B403F2
S2050051B527CD
S2050051B6C132
S2050051B702F0
S2050051B813DE
S2050051B908E8
S2050051BA05EA
S2050051BB00EE
S2050051BC935A
S2050051BD07E5
S2050051BE01EA
S2050051BF03E7
S2050051C06386
S2050051C108E0
S2050051C207E0
S2050051C300E6
S2050051C49352
S2050051C507DD
S2050051C6D013
S2050051C702E0
S2050051C823BE
S2050051C908D8
S2050051CAF1EE
S2050051CB02DC
S2050051CC934A
S2050051CD07D5
S2050051CE11CA
S2050051CF03D7
S2050051D003D6
S2050051D14791
S2050051D208CF
S2050051D300D6
S2050051D4E3F2
S2050051D504D0
S2050051D607CC
S2050051D7349E
S2050051D8834E
S2050051D925AB
S2050051DA814E
S2050051DB02CC
S2050051DC933A
S2050051DD06C6
S2050051DE18B3
S2050051DF00CA
S2050051E013B6
S2050051E105C3
S2050051E2E0E7
S2050051E302C4
S2050051E4E3E2
S2050051E55272
S2050051E6B013
S2050051E7388A
S2050051E8338E
S2050051E9863A
S2050051EA06B9
S2050051EB417D
S2050051EC13AA
S2050051ED06B6
S2050051EEF6C5
S2050051EFFFBB
S2050051F09326
S2050051F18632
S2050051F216A1
S2050051F300B6
S2050051F4E3D2
S2050051F58430
S2050051F6C5EE
S2050051F72C86
S2050051F8238E
S2050051F98030
S2050051FAE7C8
S2050051FB00AE
S2050051FC03AA
S2050051FDC7E5
S2050051FEF6B5
S2050051FFFFAB
S2050052009315
S2050052018720
S205005202178F
S20500520300A5
S205005204E3C1
S2050052051291
S205005206079B
S205005207FEA3
S205005208237D
S205005209801F
S20500520A0797
S20500520B009D
S20500520C9309
S20500520DF7A4
S20500520E0C8E
S20500520F0297
S205005210E3B5
S2050052118C0B
S205005212078F
S2050052132471
S2050052148311
S205005215474C
S2050052160191
S205005217038E
S205005218E3AD
S205005219800F
S20500521A0D81
S20500521B1A73
S20500521CE3A9
S20500521D8CFF
S20500521E0783
S20500521F2C5D
S2050052201375
S2050052210681
S2050052220185
S2050052230382
S20500522493F1
S205005225077C
S205005226067C
S2050052270081
S20500522893ED
S2050052290679
S20500522A017D
S20500522B136A
S20500522C6F0D
S20500522D007B
S20500522E80FA
S20500522F0079
S205005230E395
S20500523180F7
S205005232D79F
S2050052332451
S2050052340371
S205005235C7AC
S205005236175B
S2050052370071
S20500523893DD
S20500523987E8
S20500523A1757
S20500523B006D
S20500523CE389
S20500523D1A51
S20500523E0763
S20500523FFE6B
S2050052403335
S20500524184E3
S205005242C79F
S2050052434025
S2050052443331
S2050052450D56
S2050052468DD5
S2050052474021
S20500524883DD
S2050052492738
S20500524AC19D
S20500524B005D
S20500524C63F9
S20500524D90CB
S20500524E0753
S20500524F0257
S205005250E375
S2050052515601
S205005252A0B6
S2050052532B2A
S2050052541341
S205005255064D
S2050052560D45
S2050052570051
S205005258133D
S20500525985CA
S20500525A044A
S20500525B004D
S20500525C93B9
S20500525D0546
S20500525E004A
S20500525F0247
S205005260B395
S20500526184C3
S205005262A4A2
S2050052630144
S205005264EF55
S205005265D073
S2050052661F23
S205005267F150
S205005268132D
S2050052690D32
S20500526AF04E
S20500526BFF3E
S20500526C83B9
S20500526D2714
S20500526E0139
S20500526F0138
S20500527063D5
S20500527186B1
S205005272072F
S2050052730035
S2050052742311
S20500527580B3
S205005276F43E
S2050052770031
S205005278939D
S20500527984AB
S20500527A141A
S20500527B002D
S20500527C9399
S20500527DFC2F
S20500527E0C1E
S20500527F0128
S20500528063C5
S2050052819097
S2050052820C1A
S2050052830223
S205005284E341
S20500528558CB
S205005286A082
S2050052872DF4
S205005288839D
S20500528925FA
S20500528A41DD
S20500528B011C
S20500528C1309
S20500528D0615
S20500528E0D0D
S20500528F0019
S2050052901305
S2050052918592
S2050052920412
S2050052930015
S205005294EF25
S205005295D043
S2050052961FF3
S205005297EE23
S205005298B35D
S205005299848B
S20500529AA46A
S20500529B010C
S20500529C13F9
S20500529D0DFE
S20500529EF01A
S20500529FFF0A
S2050052A063A5
S2050052A15CAB
S2050052A28086
S2050052A30005
S2050052A413F1
S2050052A5857E
S2050052A604FE
S2050052A70001
S2050052A813ED
S2050052A906F9
S2050052AA04FA
S2050052AB00FD
S2050052AC9369
S2050052AD05F6
S2050052AE01F9
S2050052AF03F6
S2050052B0EF09
S2050052B1D027
S2050052B21FD7
S2050052B3FAFB
S2050052B4B341
S2050052B5846F
S2050052B6846E
S2050052B700F1
S2050052B8638D
S2050052B95C93
S2050052BAA04E
S2050052BB01EC
S2050052BC13D9
S2050052BD8566
S2050052BE04E6
S2050052BF00E9
S2050052C013D5
S2050052C106E1
S2050052C20DD9
S2050052C300E5
S2050052C49351
S2050052C505DE
S2050052C600E2
S2050052C702DF
S2050052C8EFF1
S2050052C9D00F
S2050052CADFFF
S2050052CBEAF3
S2050052CCB329
S2050052CD8457
S2050052CEA436
S2050052CF01D8
S2050052D08355
S2050052D14790
S2050052D21CBA
S2050052D300D5
S2050052D413C1
S2050052D504CF
S2050052D61CB6
S2050052D700D1
S2050052D8E3ED
S2050052D99C33
S2050052DA07C7
S2050052DBA429
S2050052DC6F5D
S2050052DDF0DB
S2050052DEDFEB
S2050052DFA623
S2050052E013B5
S2050052E18C3B
S2050052E20CBA
S2050052E300C5
S2050052E49331
S2050052E5F7CC
S2050052E607BB
S2050052E701C0
S2050052E8932D
S2050052E98C33
S2050052EA4B73
S2050052EB00BD
S2050052EC13A9
S2050052ED04B7
S2050052EE1C9E
S2050052EF00B9
S2050052F0E3D5
S2050052F18631
S2050052F207AF
S2050052F300B5
S2050052F403B1
S2050052F5A70C
S2050052F60BA7
S2050052F700B1
S2050052F8931D
S2050052F907A8
S2050052FA109E
S2050052FB00AD
S2050052FC1399
S2050052FD8526
S2050052FE1496
S2050052FF00A9
S2050053002384
S2050053018026
S205005302E4C1
S20500530300A4
S205005304E3C0
S205005305D8CA
S205005306A7FA
S2050053071D83
S205005308138C
S2050053090698
S20500530AFDA0
S20500530BFF9D
S20500530C9308
S20500530D0595
S20500530E0099
S20500530F0296
S205005310EFA8
S205005311D0C6
S2050053125F36
S205005313E6AE
S2050053148310
S205005315474B
S2050053161C75
S2050053170090
S205005318B3DC
S205005319840A
S20500531AA4E9
S20500531B018B
S20500531C93F8
S20500531D8BFF
S20500531E0C7D
S20500531F0088
S205005320E3A4
S20500532198EE
S205005322077E
S205005323A0E4
S2050053246F14
S205005325F092
S2050053265F22
S205005327A2DE
S205005328136C
S2050053298CF2
S20500532A0C71
S20500532B007C
S20500532C1368
S20500532D0773
S20500532EF089
S20500532FFF79
S2050053306314
S2050053311660
S205005332ED88
S2050053330074
S20500533493E0
S205005335E78B
S205005336175A
S2050053370070
S205005338135C
S2050053390D61
S20500533A80ED
S20500533B006C
S20500533C83E8
S20500533DA5C5
S20500533E0B5E
S20500533F0068
S2050053401354
S20500534185E1
S2050053420461
S2050053430064
S2050053441350
S20500534587DB
S2050053460D54
S2050053470060
S20500534893CC
S2050053490658
S20500534A0D50
S20500534B005C
S20500534C1348
S20500534D0654
S20500534E0059
S20500534F0157
S205005350EF68
S205005351F066
S2050053520F46
S205005353E86C
S20500535483D0
S205005355470B
S2050053561C35
S2050053570050
S20500535893BC
S2050053598BC3
S20500535A4B02
S20500535B004C
S20500535C93B8
S20500535D0446
S20500535E0544
S20500535F0048
S2050053601334
S2050053610442
S2050053621C29
S2050053630044
S205005364E360
S20500536596AC
S205005366073A
S2050053679CA4
S2050053686FD0
S205005369F04E
S20500536A1F1E
S20500536B9E9E
S20500536C93A8
S20500536DE753
S20500536E0732
S20500536F0434
S2050053701324
S2050053710630
S2050053720035
S2050053730133
S2050053746FC4
S205005375F042
S2050053765FD2
S205005377BC74
S205005378131C
S2050053790727
S20500537AC06D
S20500537B0626
S20500537C63C8
S20500537D88A2
S20500537EE544
S20500537F5ECA
S20500538083A4
S205005381A680
S2050053820B1A
S2050053830024
S2050053841310
S205005385879B
S2050053864BD6
S2050053870020
S20500538823FC
S20500538926F8
S20500538AE13C
S20500538B001C
S20500538C8398
S20500538DCD4D
S20500538E0613
S20500538F0018
S20500539063B4
S2050053918A8C
S2050053920D08
S20500539352C2
S2050053941300
S205005395070B
S20500539630E1
S205005397060A
S20500539863AC
S20500539954BA
S20500539AB756
S20500539B6BA1
S20500539C9378
S20500539D0505
S20500539E40C9
S20500539F0602
S2050053A013F4
S2050053A18581
S2050053A20DF8
S2050053A30004
S2050053A423E0
S2050053A52AD8
S2050053A6D130
S2050053A70000
S2050053A823DC
S2050053A928D6
S2050053AAF10C
S2050053AB00FC
S2050053ACEF0C
S2050053ADD02A
S2050053AE1FDA
S2050053AFB741
S2050053B013E4
S2050053B104F2
S2050053B205F0
S2050053B300F4
S2050053B49360
S2050053B505ED
S2050053B640B1
S2050053B706EA
S2050053B813DC
S2050053B98569
S2050053BA0DE0
S2050053BB00EC
S2050053BCEFFC
S2050053BDD01A
S2050053BEDF0A
S2050053BFAD3B
S2050053C037B0
S2050053C107DF
S2050053C210D5
S2050053C300E4
S2050053C49350
S2050053C50BD7
S2050053C607DA
S2050053C735AB
S2050053C833AC
S2050053C98757
S2050053CAAB32
S2050053CB00DC
S2050053CC9348
S2050053CD05D5
S2050053CEA039
S2050053CF00D8
S2050053D013C4
S2050053D105D1
S2050053D204D1
S2050053D300D4
S2050053D48350
S2050053D54C86
S2050053D607CA
S2050053D700D0
S2050053D8EFE0
S2050053D9D0FE
S2050053DA1FAE
S2050053DBAC20
S2050053DC3398
S2050053DD8743
S2050053DEAB1E
S2050053DF00C8
S2050053E003C4
S2050053E1477F
S2050053E207BE
S2050053E300C4
S2050053E49330
S2050053E505BD
S2050053E6A021
S2050053E700C0
S2050053E813AC
S2050053E905B9
S2050053EA04B9
S2050053EB00BC
S2050053EC13A8
S2050053ED17A3
S2050053EE8732
S2050053EF00B8
S2050053F0B304
S2050053F1ECCA
S2050053F2ECC9
S2050053F300B4
S2050053F42390
S2050053F510A2
S2050053F69120
S2050053F709A7
S2050053F8EFC0
S2050053F9D0DE
S2050053FA5F4E
S2050053FBB2FA
S2050053FC8328
S2050053FD2783
S2050053FE01A8
S2050053FF01A7
S2050054008323
S205005401267F
S2050054024163
S20500540301A2
S205005404930F
S2050054050D94
S205005406059B
S205005407009F
S205005408138B
S2050054090796
S20500540A405C
S20500540B009B
S20500540C9307
S20500540D0C8D
S20500540E3068
S20500540F0097
S2050054101383
S205005411068F
S2050054122074
S2050054130093
S205005414B3DF
S2050054158D04
S205005416BBD5
S205005417018E
S205005418830B
S205005419C5C8
S20500541A0D7F
S20500541B008B
S20500541C1377
S20500541D0683
S20500541E0682
S20500541F0B7C
S2050054201373
S2050054210580
S2050054220183
S2050054230281
S205005424334F
S205005425067B
S205005426A6DA
S205005427007F
S205005428235B
S2050054290875
S20500542AB6C6
S20500542BFA81
S20500542C1367
S20500542D86F3
S20500542E0C6C
S20500542F0B6C
S20500543093E3
S2050054310570
S2050054320173
S2050054330271
S205005434B3BF
S2050054350D64
S205005436B6BA
S205005437006F
S205005438135B
S2050054390667
S20500543AE08C
S20500543B0269
S20500543C2347
S20500543D88E1
S20500543ECD9B
S20500543FFA6D
S2050054400363
S205005441C4A1
S205005442164E
S2050054430063
S20500544463FF
S2050054450A57
S205005446045C
S2050054473E21
S205005448134B
S2050054490657
S20500544A302C
S20500544B0655
S20500544C63F7
S20500544D5AFF
S20500544E86D2
S20500544F58FF
S2050054502333
S2050054512A2B
S205005452F163
S2050054530053
S20500545493BF
S205005455074A
S2050054560749
S2050054570B44
S205005458133B
S2050054590746
S20500545A014B
S20500545B0249
S20500545C3317
S20500545D88C1
S20500545EE761
S20500545F0047
S20500546093B3
S2050054610540
S2050054624004
S205005463063D
S205005464132F
S205005465053C
S205005466043C
S205005467003F
S205005468231B
S2050054692C11
S20500546AD16B
S20500546B003B
S20500546C2317
S20500546D2811
S20500546E0137
S20500546F0136
S205005470EF47
S205005471D065
S2050054729F95
S205005473A291
S20500547437FB
S205005475072A
S2050054761020
S205005477002F
S205005478939B
S2050054790B22
S20500547A0725
S20500547B35F6
S20500547C33F7
S20500547D86A3
S20500547EAB7D
S20500547F0027
S2050054800323
S20500548128FD
S2050054820123
S2050054830122
S205005484031F
S20500548546DB
S205005486061A
S205005487001F
S205005488938B
S2050054890518
S20500548A40DC
S20500548B0615
S20500548C1307
S20500548D0514
S20500548E0414
S20500548F0017
S20500549023F3
S205005491080D
S205005492C84C
S205005493FA19
S205005494EF23
S205005495D041
S2050054969F71
S205005497A867
S20500549813FB
S2050054998786
S20500549A3CD0
S20500549B000B
S20500549C9377
S20500549D0504
S20500549EA068
S20500549F0007
S2050054A013F3
S2050054A10401
S2050054A205FF
S2050054A30003
S2050054A423DF
S2050054A528D9
S2050054A6E11F
S2050054A700FF
S2050054A8EF0F
S2050054A9D02D
S2050054AA1FDD
S2050054AB9F5C
S2050054AC33C7
S2050054AD8673
S2050054AEAB4D
S2050054AF00F7
S2050054B003F3
S2050054B146AF
S2050054B206EE
S2050054B300F3
S2050054B413DF
S2050054B505EC
S2050054B604EC
S2050054B700EF
S2050054B8935B
S2050054B905E8
S2050054BAA04C
S2050054BB00EB
S2050054BC23C7
S2050054BD8960
S2050054BECD1B
S2050054BFFAED
S2050054C0EFF7
S2050054C1D015
S2050054C2DF05
S2050054C3A53E
S2050054C403DF
S2050054C527BA
S2050054C601DF
S2050054C701DE
S2050054C8835B
S2050054C927B6
S2050054CA419B
S2050054CB01DA
S2050054CC8357
S2050054CD26B3
S2050054CE8157
S2050054CF01D6
S2050054D013C3
S2050054D104D1
S2050054D205CF
S2050054D300D3
S2050054D4339F
S2050054D5844D
S2050054D68B45
S2050054D700CF
S2050054D8834B
S2050054D94588
S2050054DA04C8
S2050054DB00CB
S2050054DC13B7
S2050054DD06C3
S2050054DE07C1
S2050054DF0BBC
S2050054E013B3
S2050054E105C0
S2050054E201C3
S2050054E302C1
S2050054E4338F
S2050054E506BB
S2050054E6A61A
S2050054E700BF
S2050054E8932B
S2050054E90CB1
S2050054EA17A5
S2050054EB00BB
S2050054EC2397
S2050054ED08B1
S2050054EEB602
S2050054EFFABD
S2050054F013A3
S2050054F1872E
S2050054F20CA8
S2050054F30BA8
S2050054F4139F
S2050054F506AB
S2050054F601AF
S2050054F702AD
S2050054F8337B
S2050054F908A5
S2050054FAC7E5
S2050054FB00AB
S2050054FC1397
S2050054FD07A2
S2050054FEE0C8
S2050054FF02A5
S2050055002382
S205005501089C
S205005502E8BB
S205005503FAA8
S205005504039E
S205005505C4DC
S2050055062679
S205005507009E
S205005508930A
S2050055098D0F
S20500550A1C7F
S20500550B009A
S20500550C6336
S20500550D0296
S20500550E0493
S20500550F3660
S2050055101382
S205005511068E
S2050055123063
S205005513068C
S205005514632E
S205005515563A
S2050055168609
S2050055174648
S205005518137A
S2050055190785
S20500551A018A
S20500551B0288
S20500551C2366
S20500551D2860
S20500551EF196
S20500551F0086
S20500552093F2
S205005521057F
S2050055224043
S205005523067C
S20500552493EE
S20500552587F9
S2050055260D72
S2050055270B73
S205005528136A
S2050055290577
S20500552A0477
S20500552B007A
S20500552CB3C6
S20500552D8DEB
S20500552EE790
S20500552F0076
S2050055302352
S2050055312A4A
S205005532D1A2
S2050055330072
S205005534234E
S2050055352C44
S205005536016E
S205005537016D
S205005538EF7E
S205005539D09C
S20500553A1F4C
S20500553B96D4
S20500553C3732
S20500553D0761
S20500553E1057
S20500553F0066
S20500554093D2
S2050055410B59
S205005542075C
S205005543352D
S205005544332E
S20500554586DA
S205005546ABB4
S205005547005E
S205005548035A
S2050055494715
S20500554A0655
S20500554B005A
S20500554C93C6
S20500554D0553
S20500554E4017
S20500554F0650
S2050055501342
S205005551054F
S205005552044F
S2050055530052
S205005554232E
S20500555588C8
S205005556ED62
S205005557FA54
S205005558EF5E
S205005559D07C
S20500555A5FEC
S20500555B9CAE
S20500555C93B6
S20500555D0543
S20500555EA0A7
S20500555F0046
S2050055601332
S2050055610440
S205005562053E
S2050055630042
S205005564EF52
S205005565D070
S2050055665FE0
S20500556793AB
S205005568330A
S20500556987B5
S20500556AAB90
S20500556B003A
S20500556C0336
S20500556D47F1
S20500556E0730
S20500556F0036
S2050055700332
S205005571280C
S20500557281B2
S2050055730131
S205005574131E
S205005575052B
S205005576042B
S205005577002E
S205005578939A
S2050055790527
S20500557AA08B
S20500557B002A
S20500557C2306
S20500557D091F
S20500557EE83F
S20500557FFA2C
S205005580EF36
S205005581D054
S205005582DF44
S2050055839989
S205005584839E
S20500558527F9
S205005586011E
S205005587011D
S205005588839A
S20500558926F6
S20500558A41DA
S20500558B0119
S20500558C9386
S20500558D8D8B
S20500558E3CDB
S20500558F0016
S2050055901302
S2050055910410
S205005592050E
S2050055930012
S20500559433DE
S205005595848C
S2050055968B84
S205005597000E
S205005598838A
S20500559945C7
S20500559A0407
S20500559B000A
S20500559C13F6
S20500559D8781
S20500559E0DFA
S20500559F0BFB
S2050055A013F2
S2050055A106FE
S2050055A20102
S2050055A30200
S2050055A433CE
S2050055A506FA
S2050055A6C738
S2050055A700FE
S2050055A8936A
S2050055A98C70
S2050055AA1DDE
S2050055AB00FA
S2050055AC23D6
S2050055AD08F0
S2050055AEB641
S2050055AFFAFC
S2050055B013E2
S2050055B1876D
S2050055B20CE7
S2050055B30BE7
S2050055B413DE
S2050055B506EA
S2050055B601EE
S2050055B702EC
S2050055B833BA
S2050055B906E6
S2050055BAC724
S2050055BB00EA
S2050055BC13D6
S2050055BD07E1
S2050055BEE007
S2050055BF02E4
S2050055C023C2
S2050055C108DC
S2050055C2E6FD
S2050055C3FAE8
S2050055C4835E
S2050055C5CD13
S2050055C636A9
S2050055C700DE
S2050055C813CA
S2050055C98755
S2050055CA1CBF
S2050055CB00DA
S2050055CC6376
S2050055CD8E4A
S2050055CE0DCA
S2050055CF2CAA
S2050055D09342
S2050055D106CE
S2050055D230A3
S2050055D306CC
S2050055D4636E
S2050055D5D2FE
S2050055D6B619
S2050055D74D81
S2050055D823AA
S2050055D92AA2
S2050055DAF1DA
S2050055DB00CA
S2050055DC9336
S2050055DD05C3
S2050055DE4087
S2050055DF06C0
S2050055E09332
S2050055E107BD
S2050055E207BC
S2050055E30BB7
S2050055E413AE
S2050055E5853B
S2050055E60DB2
S2050055E700BE
S2050055E813AA
S2050055E907B5
S2050055EA01BA
S2050055EB02B8
S2050055EC3386
S2050055ED8434
S2050055EEE7D0
S2050055EF00B6
S2050055F02392
S2050055F12C88
S2050055F2C1F2
S2050055F300B2
S2050055F4EFC2
S2050055F5D0E0
S2050055F65F50
S2050055F78A24
S2050055F83776
S2050055F907A5
S2050055FA109B
S2050055FB00AA
S2050055FC9316
S2050055FD0B9D
S2050055FE07A0
S2050055FF3571
S2050056003371
S205005601871C
S205005602ABF7
S20500560300A1
S205005604039D
S2050056054758
S2050056060797
S205005607009D
S2050056089309
S2050056090596
S20500560A405A
S20500560B0693
S20500560C1385
S20500560D8512
S20500560E0D89
S20500560F0095
S2050056102371
S205005611088B
S205005612E4AE
S205005613FA97
S205005614EFA1
S205005615D0BF
S2050056169FEF
S20500561790FD
S2050056181379
S2050056198704
S20500561A3C4E
S20500561B0089
S20500561C93F5
S20500561D0582
S20500561EA0E6
S20500561F0085
S2050056202361
S205005621285B
S205005622E1A1
S2050056230081
S205005624136D
S205005625047B
S2050056260579
S205005627007D
S205005628EF8D
S205005629D0AB
S20500562A1F5B
S20500562B87F2
S20500562CB3C5
S20500562D86F1
S20500562EABCB
S20500562F0075
S20500563083F1
S205005631C6AD
S205005632066C
S2050056330071
S205005634036D
S2050056352649
S20500563681ED
S205005637016C
S20500563893D9
S2050056390566
S20500563AA0CA
S20500563B0069
S20500563C1355
S20500563D0562
S20500563E0462
S20500563F0065
S2050056402341
S205005641095A
S205005642D68C
S205005643FA67
S205005644EF71
S205005645D08F
S2050056469FBF
S2050056478DD0
S2050056480359
S2050056492734
S20500564A0159
S20500564B0158
S20500564C83D5
S20500564D2730
S20500564E4115
S20500564F0154
S20500565093C1
S2050056510D46
S205005652054D
S2050056530051
S205005654B39D
S2050056558DC2
S205005656BB93
S205005657014C
S2050056580349
S205005659C685
S20500565A0D3D
S20500565B0049
S20500565C93B5
S20500565D0641
S20500565E073F
S20500565F0B3A
S20500566093B1
S205005661053E
S2050056620141
S205005663023F
S205005664B38D
S20500566586B9
S205005666B688
S205005667003D
S2050056681329
S2050056690437
S20500566A1723
S20500566B0039
S20500566C2315
S20500566D88AF
S20500566EC670
S20500566FFA3B
S20500567093A1
S205005671F73C
S205005672072B
S2050056730130
S20500567463CD
S205005675929D
S2050056760727
S205005677022B
S20500567863C9
S2050056795AD1
S20500567AA486
S20500567B67C2
S20500567C33F5
S20500567D0D1A
S20500567E8D99
S20500567F40E5
S2050056801311
S205005681061D
S2050056820D15
S2050056830021
S205005684130D
S205005685859A
S205005686041A
S205005687001D
S2050056889389
S2050056890516
S20500568A001A
S20500568B0217
S20500568CB365
S20500568D8493
S20500568EA472
S20500568F0114
S205005690EF25
S205005691D043
S2050056925FB3
S205005693AE63
S20500569413FD
S2050056950D02
S205005696F41A
S205005697FF0E
S20500569813F9
S2050056990605
S20500569A0406
S20500569B0009
S20500569C9375
S20500569D0502
S20500569E0105
S20500569F08FD
S2050056A013F1
S2050056A1857E
S2050056A204FE
S2050056A30001
S2050056A4EF11
S2050056A5D02F
S2050056A6DF1F
S2050056A7BA43
S2050056A833C9
S2050056A98576
S2050056AA8476
S2050056AB00F9
S2050056AC6395
S2050056AD54A3
S2050056AEA452
S2050056AF5F96
S2050056B033C1
S2050056B106ED
S2050056B28D65
S2050056B340B1
S2050056B4935D
S2050056B505EA
S2050056B600EE
S2050056B702EB
S2050056B8EFFD
S2050056B9D01B
S2050056BADF0B
S2050056BBAB3E
S2050056BCB335
S2050056BD8463
S2050056BEA442
S2050056BF01E4
S2050056C08361
S2050056C1479C
S2050056C21CC6
S2050056C300E1
S2050056C4835D
S2050056C52BB4
S2050056C6C11D
S2050056C700DD
S2050056C813C9
S2050056C904D7
S2050056CA1CBE
S2050056CB00D9
S2050056CC6375
S2050056CD9245
S2050056CE07CF
S2050056CFE6EF
S2050056D06F65
S2050056D1F0E3
S2050056D28F43
S2050056D3E7EA
S2050056D413BD
S2050056D507C8
S2050056D6C00E
S2050056D706C7
S2050056D89339
S2050056D9E7E4
S2050056DA07C3
S2050056DB04C5
S2050056DCE3E5
S2050056DD9235
S2050056DEE5E1
S2050056DFCAFB
S2050056E0378D
S2050056E107BC
S2050056E210B2
S2050056E300C1
S2050056E403BD
S2050056E5A619
S2050056E60BB3
S2050056E700BD
S2050056E813A9
S2050056E907B4
S2050056EA8733
S2050056EB3782
S2050056EC9325
S2050056ED8B2C
S2050056EE4B6B
S2050056EF00B5
S2050056F08331
S2050056F1466D
S2050056F206AC
S2050056F300B1
S2050056F4931D
S2050056F505AA
S2050056F6A00E
S2050056F703AA
S2050056F82389
S2050056F901AA
S2050056FAB1F9
S2050056FB08A1
S2050056FC1395
S2050056FDF5B2
S2050056FEF6B0
S2050056FF00A5
S2050057003370
S205005701059D
S205005702A7FA
S20500570300A0
S205005704930C
S205005705D6C8
S2050057064657
S205005707009C
S2050057080398
S2050057094555
S20500570A0594
S20500570B0098
S20500570CB3E4
S20500570D0690
S20500570ED7BE
S20500570F0094
S2050057108310
S205005711C6CC
S205005712068B
S2050057130090
S205005714137C
S2050057151579
S2050057168508
S205005717008C
S20500571893F8
S205005719F793
S20500571A0782
S20500571B0187
S20500571CB3D4
S20500571DE6A0
S20500571EA6DF
S20500571F0084
S2050057202360
S2050057211072
S205005722D1B0
S2050057230878
S20500572483FC
S2050057254638
S2050057261667
S205005727007C
S205005728A3D8
S2050057290278
S20500572AB1C8
S20500572B0870
S20500572C1364
S20500572DD5A1
S20500572E462F
S20500572F0074
S20500573093E0
S205005731F67C
S205005732F67B
S2050057330070
S205005734333C
S2050057350569
S205005736A7C6
S205005737006C
S205005738B3B8
S2050057390664
S20500573AD792
S20500573B0068
S20500573C0364
S20500573D4521
S20500573E0560
S20500573F0064
S20500574083E0
S205005741C69C
S205005742065B
S2050057430060
S205005744A3BC
S205005745015D
S205005746A1BC
S2050057470854
S2050057482338
S2050057490258
S20500574AD188
S20500574B0850
S20500574C83D4
S20500574D4610
S20500574E262F
S20500574F0054
S2050057502330
S205005751044E
S205005752B1A0
S2050057530848
S205005754133C
S205005755D579
S2050057564607
S205005757004C
S20500575893B8
S205005759F654
S20500575AF653
S20500575B0048
S20500575C3314
S20500575D0541
S20500575EA79E
S20500575F0044
S205005760B390
S205005761063C
S205005762D76A
S2050057630040
S205005764033C
S20500576545F9
S2050057660538
S205005767003C
S20500576883B8
S205005769C674
S20500576A0633
S20500576B0038
S20500576C2314
S20500576D0333
S20500576EA194
S20500576F082C
S205005770A390
S205005771032F
S205005772D160
S2050057730828
S20500577483AC
S20500577546E8
S20500577636F7
S205005777002C
S205005778A388
S2050057790525
S20500577AB178
S20500577B0820
S20500577C1314
S20500577DD551
S20500577E46DF
S20500577F0024
S2050057809390
S205005781F62C
S205005782F62B
S2050057830020
S20500578433EC
S2050057850519
S205005786A776
S205005787001C
S205005788B368
S2050057890614
S20500578AD742
S20500578B0018
S20500578C8394
S20500578DC650
S20500578E060F
S20500578F0014
S2050057900310
S20500579145CD
S205005792050C
S2050057930010
S20500579423EC
S2050057950509
S205005796D13C
S2050057970804
S205005798A368
S2050057990406
S20500579AA168
S20500579B0800
S20500579C8384
S20500579D46C0
S20500579E46BF
S20500579F0004
S2050057A023E0
S2050057A107FB
S2050057A2B150
S2050057A308F8
S2050057A4936C
S2050057A5D529
S2050057A646B7
S2050057A700FC
S2050057A89368
S2050057A9F604
S2050057AAF603
S2050057AB00F8
S2050057ACB344
S2050057AD05F1
S2050057AEB73E
S2050057AF00F4
S2050057B0B340
S2050057B106EC
S2050057B2D71A
S2050057B300F0
S2050057B4836C
S2050057B5C628
S2050057B606E7
S2050057B700EC
S2050057B88368
S2050057B9C525
S2050057BA05E4
S2050057BB00E8
S2050057BCA344
S2050057BD06E0
S2050057BED114
S2050057BF08DC
S2050057C023C0
S2050057C106DC
S2050057C2B130
S2050057C308D8
S2050057C4835C
S2050057C54698
S2050057C65687
S2050057C700DC
S2050057C813C8
S2050057C9D604
S2050057CA4693
S2050057CB00D8
S2050057CC33A4
S2050057CD06D0
S2050057CEC70E
S2050057CF00D4
S2050057D003D0
S2050057D1468C
S2050057D206CB
S2050057D300D0
S2050057D4933C
S2050057D5F6D8
S2050057D6F6D7
S2050057D700CC
S2050057D83398
S2050057D907C3
S2050057DAD7F2
S2050057DB00C8
S2050057DCA324
S2050057DD07BF
S2050057DEC104
S2050057DF08BC
S2050057E003C0
S2050057E1477B
S2050057E207BA
S2050057E300C0
S2050057E4239C
S2050057E508B6
S2050057E6E1DC
S2050057E708B4
S2050057E86358
S2050057E99A20
S2050057EA07B2
S2050057EB14A4
S2050057EC9324
S2050057ED07AF
S2050057EE10A5
S2050057EF01B3
S2050057F06350
S2050057F1D4DE
S2050057F2A70A
S2050057F3159B
S2050057F4139C
S2050057F504AA
S2050057F6FDB0
S2050057F7FEAE
S2050057F81398
S2050057F906A4
S2050057FA04A5
S2050057FB00A8
S2050057FC9314
S2050057FD05A1
S2050057FE00A5
S2050057FF02A2
S205005800138F
S205005801851C
S205005802049C
S205005803009F
S205005804EFAF
S205005805D0CD
S2050058061F7D
S2050058079704
S2050058083367
S2050058098514
S20500580A8414
S20500580B0097
S20500580C1383
S20500580D068F
S20500580E1084
S20500580F0192
S20500581093FF
S205005811058C
S205005812018F
S2050058130887
S205005814EF9F
S205005815D0BD
S205005816DFAD
S205005817A3E8
S205005818B3D7
S2050058198405
S20500581AA4E4
S20500581B0186
S20500581C8303
S20500581DC7BE
S20500581E2C58
S20500581F0083
S205005820136F
S20500582184FD
S2050058222C54
S205005823007F
S205005824631B
S20500582596E7
S2050058260775
S205005827D0AB
S2050058286F0B
S205005829F089
S20500582A0F69
S20500582BD2A5
S20500582C93E3
S20500582DE78E
S20500582E076D
S20500582F046F
S205005830135F
S2050058318CE5
S2050058320C64
S205005833006F
S2050058346FFF
S205005835F07D
S205005836DF8D
S205005837B4B7
S2050058381357
S2050058390663
S20500583A0167
S20500583B0265
S20500583C1353
S20500583D075E
S20500583E075D
S20500583F0B58
S205005840332F
S205005841075A
S205005842C799
S205005843005F
S20500584493CB
S2050058458CD1
S2050058462C30
S205005847005B
S2050058481347
S2050058490653
S20500584A0058
S20500584B0354
S20500584C2333
S20500584D084D
S20500584EC78D
S20500584FFA59
S205005850133F
S20500585187CA
S2050058520C44
S2050058530B44
S205005854133B
S2050058550647
S205005856014B
S2050058570249
S2050058583317
S2050058590841
S20500585AC781
S20500585B0047
S20500585C1333
S20500585D073E
S20500585EE064
S20500585F0241
S205005860231F
S2050058610839
S205005862E858
S205005863FA45
S205005864033B
S205005865C479
S2050058662616
S205005867003B
S20500586893A7
S2050058698DAC
S20500586A1C1C
S20500586B0037
S20500586CE353
S20500586D1223
S20500586E0430
S20500586FCA69
S205005870131F
S20500587187AA
S2050058720D23
S2050058730B24
S205005874131B
S2050058750627
S205005876012B
S2050058770229
S20500587833F7
S2050058790722
S20500587AC761
S20500587B0027
S20500587C9393
S20500587D8C99
S20500587E2CF8
S20500587F0023
S205005880130F
S205005881061B
S2050058820020
S205005883031C
S20500588423FB
S2050058850815
S205005886C755
S205005887FA21
S2050058881307
S2050058898792
S20500588A0C0C
S20500588B0B0C
S20500588C1303
S20500588D060F
S20500588E0113
S20500588F0211
S20500589033DF
S205005891060B
S205005892C749
S205005893000F
S20500589413FB
S2050058950706
S205005896E02C
S2050058970209
S20500589823E7
S2050058990801
S20500589AE622
S20500589BFA0D
S20500589C8383
S20500589DCD38
S20500589E36CE
S20500589F0003
S2050058A013EF
S2050058A1877A
S2050058A21CE4
S2050058A300FF
S2050058A4E31B
S2050058A59667
S2050058A60DEF
S2050058A7D229
S2050058A89367
S2050058A906F3
S2050058AA01F7
S2050058AB02F5
S2050058AC13E3
S2050058AD07EE
S2050058AE07ED
S2050058AF0BE8
S2050058B033BF
S2050058B107EA
S2050058B2D719
S2050058B300EF
S2050058B4935B
S2050058B506E7
S2050058B600EC
S2050058B703E8
S2050058B813D7
S2050058B98465
S2050058BA2CBC
S2050058BB00E7
S2050058BC23C3
S2050058BD08DD
S2050058BED70D
S2050058BFFAE9
S2050058C06F73
S2050058C1F0F1
S2050058C21FC1
S2050058C3DB04
S2050058C413CB
S2050058C507D6
S2050058C600DC
S2050058C703D8
S2050058C823B7
S2050058C900D9
S2050058CAE1F7
S2050058CB08CF
S2050058CC9343
S2050058CD0CC9
S2050058CE10C4
S2050058CF00D3
S2050058D013BF
S2050058D107CA
S2050058D220B0
S2050058D300CF
S2050058D46F5F
S2050058D5F0DD
S2050058D69F2D
S2050058D7B516
S2050058D89337
S2050058D904C5
S2050058DA05C3
S2050058DB00C7
S2050058DC23A3
S2050058DD8045
S2050058DE04C0
S2050058DF00C3
S2050058E0833F
S2050058E120A1
S2050058E2C1FF
S2050058E310AF
S2050058E4833B
S2050058E52499
S2050058E6417B
S2050058E710AB
S2050058E813A7
S2050058E905B4
S2050058EA00B8
S2050058EB00B7
S2050058EC13A3
S2050058ED01B4
S2050058EE01B3
S2050058EF11A2
S2050058F0674B
S2050058F18031
S2050058F200B0
S2050058F300AF
S2050058F4931B
S2050058F507A6
S2050058F61498
S2050058F700AB
S2050058F8B3F7
S2050058F98623
S2050058FA9414
S2050058FB01A6
S2050058FC6F37
S2050058FD00A5
S2050058FE8024
S2050058FF00A3
S205005900930E
S2050059018719
S2050059021788
S205005903009E
S205005904039A
S205005905C7D5
S205005906F7A4
S205005907FF9B
S2050059089306
S2050059098414
S20500590A1483
S20500590B0096
S20500590CA3F2
S20500590D8F05
S20500590EE4AF
S20500590FFE94
S205005910E3AE
S20500591198F8
S205005912D4BB
S205005913FE90
S2050059146F1E
S205005915F09C
S205005916CFBC
S205005917FA90
S20500591893F6
S205005919F692
S20500591A1770
S20500591B0086
S20500591C93F2
S20500591DEC98
S20500591E275C
S20500591F0082
S20500592093EE
S205005921F789
S2050059221768
S205005923017D
S205005924235A
S2050059252656
S205005926F18A
S205005927007A
S2050059286316
S20500592982F6
S20500592A0671
S20500592B383E
S20500592C93E2
S20500592D076D
S20500592E0073
S20500592F036F
S205005930234E
S2050059312A46
S205005932F17E
S205005933006E
S2050059346FFE
S205005935F07C
S2050059369FCC
S20500593781E9
S2050059381356
S2050059390D5B
S20500593AFD6A
S20500593BFF67
S20500593C1352
S20500593D065E
S20500593E1053
S20500593F0161
S20500594093CE
S205005941055B
S205005942015E
S2050059430856
S205005944134A
S20500594585D7
S2050059460457
S205005947005A
S205005948EF6A
S205005949D088
S20500594A9FB8
S20500594B90C6
S20500594C1342
S20500594D0450
S20500594E1043
S20500594F0151
S205005950133E
S20500595185CB
S205005952143B
S205005953014D
S20500595463EA
S20500595556F6
S205005956A4A7
S2050059574703
S2050059581336
S2050059590642
S20500595AFD4A
S20500595BFE48
S20500595C93B2
S20500595D053F
S20500595E0043
S20500595F0240
S205005960EF52
S205005961D070
S2050059625FE0
S20500596381BD
S205005964B38A
S20500596584B8
S205005966A497
S2050059670139
S2050059686FCA
S205005969F048
S20500596A5FD8
S20500596BEB4B
S20500596C37FE
S20500596D072D
S20500596E1023
S20500596F0032
S205005970032E
S205005971A68A
S2050059720B24
S205005973002E
S205005974131A
S2050059750725
S2050059760724
S20500597735F5
S2050059789396
S2050059798B9D
S20500597A4BDC
S20500597B0026
S20500597C6FB6
S20500597DF034
S20500597E5FC4
S20500597FD74B
S205005980130E
S2050059810719
S205005982908F
S205005983001E
S20500598463BA
S20500598550CC
S2050059868794
S2050059871EFC
S2050059881306
S2050059890711
S20500598A0116
S20500598B0214
S20500598C23F2
S20500598D28EC
S20500598EF122
S20500598F0012
S205005990937E
S205005991050B
S205005992A06F
S205005993000E
S205005994937A
S2050059958785
S2050059960DFE
S2050059970BFF
S20500599813F6
S2050059990503
S20500599A0403
S20500599B0006
S20500599CB352
S20500599D8D77
S20500599EE71C
S20500599F0002
S2050059A023DE
S2050059A12AD6
S2050059A2D12E
S2050059A300FE
S2050059A4EF0E
S2050059A5D02C
S2050059A64FAC
S2050059A7CF2B
S2050059A837C2
S2050059A907F1
S2050059AA10E7
S2050059AB00F6
S2050059AC9362
S2050059AD0BE9
S2050059AE07EC
S2050059AF35BD
S2050059B033BE
S2050059B1866A
S2050059B2AB44
S2050059B300EE
S2050059B403EA
S2050059B547A5
S2050059B606E5
S2050059B700EA
S2050059B813D6
S2050059B905E3
S2050059BA04E3
S2050059BB00E6
S2050059BC9352
S2050059BD05DF
S2050059BEA043
S2050059BF00E2
S2050059C023BE
S2050059C18858
S2050059C2EDF2
S2050059C3FAE4
S2050059C4EFEE
S2050059C5D00C
S2050059C68F4C
S2050059C7D505
S2050059C89346
S2050059C98C4C
S2050059CA2CAB
S2050059CB00D6
S2050059CC8352
S2050059CD27AD
S2050059CE01D2
S2050059CF01D1
S2050059D0834E
S2050059D126AA
S2050059D2418E
S2050059D301CD
S2050059D413BA
S2050059D504C8
S2050059D605C6
S2050059D700CA
S2050059D89336
S2050059D98D3B
S2050059DA0CBB
S2050059DB00C6
S2050059DC6F56
S2050059DDF0D4
S2050059DE9F24
S2050059DFBB07
S2050059E013AE
S2050059E106BA
S2050059E2902F
S2050059E300BE
S2050059E4635A
S2050059E55A62
S2050059E68635
S2050059E716A4
S2050059E82396
S2050059E92890
S2050059EAF1C6
S2050059EB00B6
S2050059EC9322
S2050059ED05AF
S2050059EEA013
S2050059EF00B2
S2050059F0931E
S2050059F107A9
S2050059F207A8
S2050059F30BA3
S2050059F4139A
S2050059F505A7
S2050059F604A7
S2050059F700AA
S2050059F81396
S2050059F907A1
S2050059FA01A6
S2050059FB02A4
S2050059FCB3F2
S2050059FD8D17
S2050059FEE7BC
S2050059FF00A2
S205005A00237D
S205005A012A75
S205005A02D1CD
S205005A03009D
S205005A04EFAD
S205005A05D0CB
S205005A064F4B
S205005A07C9D0
S205005A083761
S205005A090790
S205005A0A1086
S205005A0B0095
S205005A0C9301
S205005A0D0B88
S205005A0E078B
S205005A0F355C
S205005A10335D
S205005A118609
S205005A12ABE3
S205005A13008D
S205005A140389
S205005A154744
S205005A160684
S205005A170089
S205005A181375
S205005A190582
S205005A1A0482
S205005A1B0085
S205005A1C93F1
S205005A1D057E
S205005A1EA0E2
S205005A1F0081
S205005A20235D
S205005A2188F7
S205005A22ED91
S205005A23FA83
S205005A24EF8D
S205005A25D0AB
S205005A268FEB
S205005A27CFAA
S205005A2893E5
S205005A298CEB
S205005A2A2C4A
S205005A2B0075
S205005A2C83F1
S205005A2D274C
S205005A2E0171
S205005A2F0170
S205005A3083ED
S205005A312649
S205005A32412D
S205005A33016C
S205005A341359
S205005A350467
S205005A360565
S205005A370069
S205005A381355
S205005A3987E0
S205005A3A0C5A
S205005A3B0065
S205005A3C6FF5
S205005A3DF073
S205005A3E9FC3
S205005A3FA9B8
S205005A40134D
S205005A410758
S205005A4290CE
S205005A43005D
S205005A4463F9
S205005A455EFD
S205005A46B7A3
S205005A470F4A
S205005A4893C5
S205005A490552
S205005A4AA0B6
S205005A4B0055
S205005A4C1341
S205005A4D85CE
S205005A4E0D45
S205005A4F0051
S205005A50232D
S205005A512A25
S205005A52D17D
S205005A53004D
S205005A542329
S205005A552823
S205005A56F159
S205005A570049
S205005A58EF59
S205005A59D077
S205005A5A0F37
S205005A5BC481
S205005A5C370D
S205005A5D073C
S205005A5E1032
S205005A5F0041
S205005A6093AD
S205005A610B34
S205005A620737
S205005A633508
S205005A643309
S205005A6587B4
S205005A66AB8F
S205005A670039
S205005A680335
S205005A6947F0
S205005A6A072F
S205005A6B0035
S205005A6C1321
S205005A6D85AE
S205005A6E0D25
S205005A6F0031
S205005A70939D
S205005A71052A
S205005A72A08E
S205005A73002D
S205005A742309
S205005A75002B
S205005A76E149
S205005A770821
S205005A78EF39
S205005A79D057
S205005A7A4FD7
S205005A7BCA5B
S205005A7C83A1
S205005A7D27FC
S205005A7E0121
S205005A7F0120
S205005A80839D
S205005A8126F9
S205005A8241DD
S205005A83011C
S205005A849389
S205005A850D0E
S205005A860515
S205005A870019
S205005A881305
S205005A890710
S205005A8A30E6
S205005A8B0015
S205005A8C9381
S205005A8D0C07
S205005A8E20F2
S205005A8F0011
S205005A9013FD
S205005A910609
S205005A9210FE
S205005A93000D
S205005A946F9D
S205005A95F01B
S205005A961FEB
S205005A979871
S205005A989375
S205005A990601
S205005A9A9076
S205005A9B0005
S205005A9C63A1
S205005A9DDC27
S205005A9EB64C
S205005A9F09F8
S205005AA023DD
S205005AA128D7
S205005AA2F10D
S205005AA300FD
S205005AA49369
S205005AA505F6
S205005AA6A05A
S205005AA700F9
S205005AA89365
S205005AA907F0
S205005AAA07EF
S205005AAB0BEA
S205005AAC13E1
S205005AAD856E
S205005AAE0DE5
S205005AAF00F1
S205005AB013DD
S205005AB107E8
S205005AB201ED
S205005AB302EB
S205005AB413D9
S205005AB58467
S205005AB62CBE
S205005AB700E9
S205005AB8B335
S205005AB98C5B
S205005ABAE7FF
S205005ABB00E5
S205005ABCEFF5
S205005ABDD013
S205005ABECF13
S205005ABFBD24
S205005AC037A9
S205005AC107D8
S205005AC210CE
S205005AC300DD
S205005AC49349
S205005AC50BD0
S205005AC607D3
S205005AC735A4
S205005AC8B325
S205005AC98651
S205005ACAAB2B
S205005ACB00D5
S205005ACC03D1
S205005ACDC70C
S205005ACE06CC
S205005ACF00D1
S205005AD013BD
S205005AD1854A
S205005AD20DC1
S205005AD300CD
S205005AD49339
S205005AD505C6
S205005AD6A02A
S205005AD700C9
S205005AD823A5
S205005AD9883F
S205005ADAECDA
S205005ADBFACB
S205005ADCEFD5
S205005ADDD0F3
S205005ADE0FB3
S205005ADFC4FD
S205005AE0833D
S205005AE12798
S205005AE201BD
S205005AE301BC
S205005AE49329
S205005AE50DAE
S205005AE605B5
S205005AE700B9
S205005AE813A5
S205005AE907B0
S205005AEA04B2
S205005AEB00B5
S205005AEC6F45
S205005AEDF0C3
S205005AEE9F13
S205005AEFB6FB
S205005AF03779
S205005AF104AB
S205005AF2109E
S205005AF300AD
S205005AF41399
S205005AF504A7
S205005AF604A6
S205005AF73A6F
S205005AF86F39
S205005AF9F0B7
S205005AFACFD7
S205005AFBD1D4
S205005AFC9311
S205005AFD079C
S205005AFE1092
S205005AFF00A1
S205005B00633C
S205005B01DEC0
S205005B02A7F6
S205005B030F8D
S205005B041388
S205005B050D8D
S205005B06FD9C
S205005B07FF99
S205005B081384
S205005B090690
S205005B0A0D88
S205005B0B0094
S205005B0C1380
S205005B0D850D
S205005B0E048D
S205005B0F0090
S205005B1093FC
S205005B110589
S205005B12008D
S205005B13028A
S205005B14B3D8
S205005B158406
S205005B16A4E5
S205005B170187
S205005B18EF98
S205005B19D0B6
S205005B1ACFB6
S205005B1BE59F
S205005B1C1370
S205005B1D0D75
S205005B1E0081
S205005B1F0080
S205005B206F10
S205005B21F08E
S205005B224F2E
S205005B23FD7F
S205005B2493E8
S205005B25E793
S205005B262752
S205005B270078
S205005B281364
S205005B2987EF
S205005B2A4B2A
S205005B2B0074
S205005B2C1360
S205005B2D8CE6
S205005B2E0C65
S205005B2F0070
S205005B306F00
S205005B31F07E
S205005B324F1E
S205005B33CAA2
S205005B34B7B4
S205005B350664
S205005B361059
S205005B370068
S205005B3893D4
S205005B398BDB
S205005B3A065F
S205005B3B352F
S205005B3C6FF4
S205005B3DF072
S205005B3E9FC2
S205005B3FB1AF
S205005B40B7A8
S205005B410559
S205005B42104D
S205005B43005C
S205005B441348
S205005B450753
S205005B462039
S205005B470058
S205005B4893C4
S205005B490C4A
S205005B4A1045
S205005B4B0054
S205005B4C1340
S205005B4D064C
S205005B4E0051
S205005B4F0050
S205005B5093BC
S205005B518BC3
S205005B520548
S205005B533517
S205005B546FDC
S205005B55F05A
S205005B561F2A
S205005B578CBC
S205005B583710
S205005B590640
S205005B5A1035
S205005B5B0044
S205005B5C93B0
S205005B5D0B37
S205005B5E063B
S205005B5F350B
S205005B606FD0
S205005B61F04E
S205005B625FDE
S205005B6397A5
S205005B643704
S205005B650733
S205005B661029
S205005B670038
S205005B6893A4
S205005B690B2B
S205005B6A072E
S205005B6B35FF
S205005B6C6FC4
S205005B6DF042
S205005B6E9F92
S205005B6FA28E
S205005B70939C
S205005B710727
S205005B72B07D
S205005B73022A
S205005B741318
S205005B750D1D
S205005B76FD2C
S205005B77FF29
S205005B782304
S205005B7928FE
S205005B7AF134
S205005B7B0024
S205005B7C6FB4
S205005B7DF032
S205005B7E0F12
S205005B7FE13F
S205005B80130C
S205005B818C92
S205005B820C11
S205005B83001C
S205005B846FAC
S205005B85F02A
S205005B86CF4A
S205005B87FF19
S205005B889384
S205005B89E72F
S205005B8A070E
S205005B8B0410
S205005B8C1300
S205005B8D8C86
S205005B8E0C05
S205005B8F0010
S205005B9013FC
S205005B910608
S205005B92000D
S205005B93010B
S205005B946F9C
S205005B95F01A
S205005B964FBA
S205005B97BA4E
S205005B989374
S205005B99FC0A
S205005B9A07FE
S205005B9B0103
S205005B9C63A0
S205005B9D8A78
S205005B9E0CF5
S205005B9FD42C
S205005BA0936C
S205005BA10CF2
S205005BA200FD
S205005BA300FC
S205005BA46F8C
S205005BA5F00A
S205005BA60FEA
S205005BA7D226
S205005BA8A354
S205005BA98076
S205005BAA07EE
S205005BAB00F4
S205005BAC9360
S205005BADF7FB
S205005BAE0CE5
S205005BAF02EE
S205005BB0638C
S205005BB18C62
S205005BB207E6
S205005BB30AE2
S205005BB48368
S205005BB547A3
S205005BB601E8
S205005BB703E5
S205005BB86384
S205005BB9885E
S205005BBA07DE
S205005BBB20C4
S205005BBC13D0
S205005BBD06DC
S205005BBE01E0
S205005BBF03DD
S205005BC013CC
S205005BC108D6
S205005BC206D7
S205005BC300DC
S205005BC413C8
S205005BC507D3
S205005BC6E0F9
S205005BC702D6
S205005BC89344
S205005BC905D1
S205005BCA5085
S205005BCB06CE
S205005BCC9340
S205005BCD06CC
S205005BCE5081
S205005BCF04CC
S205005BD0636C
S205005BD18A44
S205005BD2E7E6
S205005BD3E4E8
S205005BD46368
S205005BD58644
S205005BD6B712
S205005BD704C4
S205005BD86364
S205005BD98442
S205005BDAD7EE
S205005BDB04C0
S205005BDC8340
S205005BDD477B
S205005BDE18A9
S205005BDF00C0
S205005BE013AC
S205005BE108B6
S205005BE218A5
S205005BE300BC
S205005BE4E3D8
S205005BE59624
S205005BE607B2
S205005BE7FEBA
S205005BE89324
S205005BE907AF
S205005BEAE0D5
S205005BEB02B2
S205005BEC2390
S205005BED00B2
S205005BEEF8B9
S205005BEF00B0
S205005BF0832C
S205005BF14767
S205005BF201AC
S205005BF303A9
S205005BF4A308
S205005BF500AA
S205005BF608A1
S205005BF700A8
S205005BF86F38
S205005BF9F0B6
S205005BFA4F56
S205005BFBE2C2
S205005BFC8320
S205005BFDA7FB
S205005BFE0B96
S205005BFF00A0
S205005C00930B
S205005C018419
S205005C021488
S205005C03009B
S205005C049307
S205005C058B0E
S205005C060C8C
S205005C070097
S205005C08A3F3
S205005C098F06
S205005C0AF4A0
S205005C0BFE95
S205005C0C830F
S205005C0D474A
S205005C0E1C74
S205005C0F008F
S205005C10632B
S205005C1190FD
S205005C120785
S205005C1392F9
S205005C146F1B
S205005C15F099
S205005C164F39
S205005C1793F4
S205005C181373
S205005C190D78
S205005C1AFD87
S205005C1BFF84
S205005C1C6F13
S205005C1DF091
S205005C1E4F31
S205005C1FC2BD
S205005C20037B
S205005C214736
S205005C220874
S205005C23007B
S205005C2493E7
S205005C250673
S205005C260870
S205005C271067
S205005C2893E3
S205005C29076E
S205005C2A086C
S205005C2B0073
S205005C2C630F
S205005C2D165B
S205005C2E0769
S205005C2F006F
S205005C306FFF
S205005C31006D
S205005C32006C
S205005C330368
S205005C346307
S205005C3588E1
S205005C36D791
S205005C370067
S205005C380363
S205005C39C79E
S205005C3A174D
S205005C3B0063
S205005C3C93CF
S205005C3D87DA
S205005C3E1749
S205005C3F005F
S205005C40E37B
S205005C411A43
S205005C420755
S205005C43FE5D
S205005C443327
S205005C4586D3
S205005C460751
S205005C474116
S205005C4863F3
S205005C495CF9
S205005C4AC094
S205005C4B0053
S205005C4C93BF
S205005C4D054C
S205005C4E1838
S205005C4F004F
S205005C50133B
S205005C510548
S205005C522824
S205005C53004B
S205005C542327
S205005C552C1D
S205005C560147
S205005C570146
S205005C58EF57
S205005C59D075
S205005C5A0F35
S205005C5BC182
S205005C5C033F
S205005C5D2819
S205005C5E81BF
S205005C5F013E
S205005C6093AB
S205005C610736
S205005C62E05C
S205005C630239
S205005C642317
S205005C650039
S205005C66F840
S205005C670037
S205005C6883B3
S205005C6947EE
S205005C6A0133
S205005C6B0330
S205005C6C6FC3
S205005C6DF041
S205005C6E0F21
S205005C6FDB54
S205005C70131B
S205005C710D20
S205005C720D1F
S205005C73F03B
S205005C741317
S205005C750425
S205005C760028
S205005C771017
S205005C786FB7
S205005C79F035
S205005C7A0F15
S205005C7BDD46
S205005C7CB76B
S205005C7D071A
S205005C7E0020
S205005C7F809F
S205005C8033EB
S205005C81C459
S205005C828795
S205005C83001B
S205005C849387
S205005C850712
S205005C86D048
S205005C870215
S205005C881303
S205005C890D08
S205005C8AFD17
S205005C8BFF14
S205005C8C23EF
S205005C8D28E9
S205005C8EF11F
S205005C8F000F
S205005C906F9F
S205005C91F01D
S205005C92CF3D
S205005C93CF3C
S205005C949377
S205005C950405
S205005C960503
S205005C970007
S205005C986F97
S205005C99F015
S205005C9A9F65
S205005C9BA261
S205005C9C837F
S205005C9D47BA
S205005C9E1CE4
S205005C9F00FF
S205005CA0639B
S205005CA18479
S205005CA207F5
S205005CA300FB
S205005CA46F8B
S205005CA5F009
S205005CA6CF29
S205005CA7886F
S205005CA86F87
S205005CA9F005
S205005CAA0FE5
S205005CAB8A69
S205005CAC935F
S205005CAD07EA
S205005CAE00F0
S205005CAF02ED
S205005CB023CB
S205005CB126C7
S205005CB201EB
S205005CB300EB
S205005CB423C7
S205005CB52ABF
S205005CB6F1F7
S205005CB700E7
S205005CB86F77
S205005CB9F0F5
S205005CBA4F95
S205005CBBC91A
S205005CBCA33F
S205005CBD8061
S205005CBEE7F9
S205005CBF00DF
S205005CC003DB
S205005CC1C716
S205005CC2F6E6
S205005CC3FFDC
S205005CC423B7
S205005CC58059
S205005CC6A731
S205005CC700D7
S205005CC89343
S205005CC9874E
S205005CCA27AD
S205005CCB00D3
S205005CCC636F
S205005CCD1EB3
S205005CCE07C9
S205005CCFD0FF
S205005CD06F5F
S205005CD1F0DD
S205005CD28F3D
S205005CD3D3F8
S205005CD48347
S205005CD54782
S205005CD61CAC
S205005CD700C7
S205005CD89333
S205005CD98B3A
S205005CDA0CB8
S205005CDB00C3
S205005CDC932F
S205005CDD04BD
S205005CDE05BB
S205005CDF00BF
S205005CE0635B
S205005CE18439
S205005CE207B5
S205005CE300BB
S205005CE46F4B
S205005CE5F0C9
S205005CE6CFE9
S205005CE78433
S205005CE86F47
S205005CE9F0C5
S205005CEA0FA5
S205005CEB862D
S205005CEC139F
S205005CED0DA4
S205005CEEFDB3
S205005CEFFFB0
S205005CF06F3F
S205005CF1F0BD
S205005CF29F0D
S205005CF39A11
S205005CF41397
S205005CF504A5
S205005CF600A8
S205005CF700A7
S205005CF86F37
S205005CF9F0B5
S205005CFA0F95
S205005CFBD5CE
S205005CFC831F
S205005CFD277A
S205005CFE019F
S205005CFF019E
S205005D00633A
S205005D018E0E
S205005D020794
S205005D030496
S205005D042376
S205005D058018
S205005D06F4A3
S205005D070096
S205005D089302
S205005D09FC98
S205005D0A0C87
S205005D0B0191
S205005D0C93FE
S205005D0D840C
S205005D0E147B
S205005D0F008E
S205005D10632A
S205005D1192FA
S205005D120C7F
S205005D130486
S205005D141376
S205005D150D7B
S205005D16ED9A
S205005D17FF87
S205005D186F16
S205005D19F094
S205005D1A8FF4
S205005D1BD8AA
S205005D1C136E
S205005D1D0779
S205005D1E007F
S205005D1F037B
S205005D20235A
S205005D2180FC
S205005D22E794
S205005D23007A
S205005D24E396
S205005D2582F6
S205005D260D6A
S205005D27E88E
S205005D281362
S205005D2987ED
S205005D2A274C
S205005D2B0072
S205005D2C93DE
S205005D2D066A
S205005D2EE08F
S205005D2F026C
S205005D30A3CA
S205005D3180EC
S205005D32D794
S205005D33006A
S205005D341356
S205005D350563
S205005D360760
S205005D370066
S205005D381352
S205005D3986DE
S205005D3A0D56
S205005D3B0062
S205005D3C93CE
S205005D3D055B
S205005D3E005F
S205005D3F035B
S205005D40EF6E
S205005D41D08C
S205005D424F0C
S205005D43C397
S205005D443326
S205005D450751
S205005D46B5A2
S205005D470155
S205005D482332
S205005D490054
S205005D4A074C
S205005D4B0052
S205005D4C83CE
S205005D4D4709
S205005D4E014E
S205005D4F034B
S205005D506FDE
S205005D51F05C
S205005D52CF7C
S205005D53CC7E
S205005D541336
S205005D550D3B
S205005D56FD4A
S205005D57FF47
S205005D586FD6
S205005D59F054
S205005D5A8FB4
S205005D5BD46E
S205005D5C132E
S205005D5D0D33
S205005D5EED52
S205005D5FFF3F
S205005D6063DA
S205005D6142FA
S205005D6280BB
S205005D63D466
S205005D646FCA
S205005D65F048
S205005D66CF68
S205005D67D660
S205005D6893A2
S205005D69062E
S205005D6A0033
S205005D6B032F
S205005D6C230E
S205005D6D80B0
S205005D6ED758
S205005D6F002E
S205005D70939A
S205005D710626
S205005D72E04B
S205005D730228
S205005D74A386
S205005D7580A8
S205005D76D750
S205005D770026
S205005D7833F2
S205005D790420
S205005D7AB073
S205005D7B40E2
S205005D7C938E
S205005D7D8799
S205005D7E27F8
S205005D7F001E
S205005D8063BA
S205005D818498
S205005D820516
S205005D830218
S205005D841306
S205005D858593
S205005D860710
S205005D870016
S205005D881302
S205005D89060E
S205005D8A040F
S205005D8B0012
S205005D8C937E
S205005D8D050B
S205005D8E000F
S205005D8F030B
S205005D9023EA
S205005D912EDE
S205005D92E12A
S205005D93000A
S205005D9423E6
S205005D952CDC
S205005D960106
S205005D970105
S205005D98EF16
S205005D99D034
S205005D9ACF34
S205005D9BBD45
S205005D9C03FE
S205005D9D27D9
S205005D9EC13E
S205005D9F01FD
S205005DA003FA
S205005DA128D4
S205005DA2817A
S205005DA301F9
S205005DA4B346
S205005DA507F1
S205005DA68572
S205005DA700F6
S205005DA813E2
S205005DA908EC
S205005DAA18DB
S205005DAB00F2
S205005DAC23CE
S205005DAD8070
S205005DAEE708
S205005DAF00EE
S205005DB003EA
S205005DB147A5
S205005DB208E3
S205005DB300EA
S205005DB49356
S205005DB58761
S205005DB617D0
S205005DB700E6
S205005DB8E302
S205005DB918CC
S205005DBA07DC
S205005DBBFEE4
S205005DBC6F72
S205005DBDF0F0
S205005DBECF10
S205005DBFC41A
S205005DC0934A
S205005DC104D8
S205005DC205D6
S205005DC300DA
S205005DC46F6A
S205005DC5F0E8
S205005DC69F38
S205005DC7A531
S205005DC813C2
S205005DC908CC
S205005DCA01D2
S205005DCB03CF
S205005DCC6F62
S205005DCDF0E0
S205005DCEDFF0
S205005DCFE1ED
S205005DD013BA
S205005DD101CB
S205005DD201CA
S205005DD3BC0E
S205005DD413B6
S205005DD503C5
S205005DD64186
S205005DD74284
S205005DD823A2
S205005DD92A9A
S205005DDA9132
S205005DDB4082
S205005DDC932E
S205005DDD04BC
S205005DDE01BE
S205005DDF01BD
S205005DE0239A
S205005DE1229A
S205005DE2B10A
S205005DE34278
S205005DE42396
S205005DE52494
S205005DE6C1F6
S205005DE74274
S205005DE89322
S205005DE905AF
S205005DEA05AE
S205005DEB00B2
S205005DEC139E
S205005DED06AA
S205005DEE03AC
S205005DEF00AE
S205005DF0139A
S205005DF18527
S205005DF204A7
S205005DF300AA
S205005DF42386
S205005DF52E7A
S205005DF61196
S205005DF74066
S205005DF82382
S205005DF9267E
S205005DFAD1D2
S205005DFB4260
S205005DFC237E
S205005DFD2878
S205005DFEE1BE
S205005DFF425C
S205005E002379
S205005E012A71
S205005E02F1A9
S205005E034257
S205005E042375
S205005E052C6B
S205005E060195
S205005E074352
S205005E082371
S205005E092E65
S205005E0A1181
S205005E0B434E
S205005E0C236D
S205005E0D2669
S205005E0E612D
S205005E0F008D
S205005E10EF9D
S205005E11E0AB
S205005E129FEB
S205005E13EB9E
S205005E140385
S205005E154542
S205005E160185
S205005E170184
S205005E186321
S205005E190E75
S205005E1A057D
S205005E1B027F
S205005E1C235D
S205005E1D2C53
S205005E1E81FD
S205005E1F403D
S205005E201369
S205005E2184F7
S205005E220476
S205005E230079
S205005E24EF89
S205005E25E097
S205005E26DF97
S205005E2791E4
S205005E280371
S205005E29452E
S205005E2A145E
S205005E2B0071
S205005E2C93DD
S205005E2D0768
S205005E2E046A
S205005E2F006D
S205005E301359
S205005E310467
S205005E321456
S205005E330069
S205005E34E385
S205005E35184F
S205005E360561
S205005E37FE67
S205005E380361
S205005E39243F
S205005E3A81E1
S205005E3B4120
S205005E3C83DD
S205005E3D203F
S205005E3EC19D
S205005E3F411C
S205005E403329
S205005E4185D6
S205005E4297C3
S205005E434019
S205005E441345
S205005E450552
S205005E461541
S205005E470055
S205005E4883D1
S205005E49242F
S205005E4A4111
S205005E4B4110
S205005E4C133D
S205005E4D014E
S205005E4E014D
S205005E4F4409
S205005E5067E5
S205005E5180CB
S205005E52004A
S205005E530049
S205005E5483C5
S205005E552027
S205005E56C185
S205005E574104
S205005E5883C1
S205005E59241F
S205005E5A4101
S205005E5B4100
S205005E5C132D
S205005E5D053A
S205005E5E003E
S205005E5F003D
S205005E601329
S205005E61013A
S205005E620139
S205005E6344F5
S205005E6467D1
S205005E6580B7
S205005E660036
S205005E670035
S205005E681321
S205005E690132
S205005E6A0131
S205005E6BF938
S205005E6C230D
S205005E6D240B
S205005E6E81AD
S205005E6F0627
S205005E702309
S205005E712EFD
S205005E7231F9
S205005E730524
S205005E742305
S205005E752CFB
S205005E7641E5
S205005E770520
S205005E782301
S205005E7926FD
S205005E7A71B1
S205005E7B051C
S205005E7C23FD
S205005E7D26F9
S205005E7E110D
S205005E7F0617
S205005E8023F9
S205005E8122F9
S205005E829189
S205005E830613
S205005E8423F5
S205005E8520F7
S205005E8621F5
S205005E87070E
S205005E8823F1
S205005E892AE9
S205005E8A51C1
S205005E8B050C
S205005E8C23ED
S205005E8D28E7
S205005E8E61AD
S205005E8F0508
S205005E9023E9
S205005E9124E7
S205005E928189
S205005E930504
S205005E9413F5
S205005E950403
S205005E960501
S205005E970005
S205005E989371
S205005E9909FA
S205005E9A06FC
S205005E9B0001
S205005E9C13ED
S205005E9D0AF5
S205005E9E10EE
S205005E9F00FD
S205005EA09369
S205005EA10BF0
S205005EA200FA
S205005EA300F9
S205005EA46395
S205005EA5D81F
S205005EA605F1
S205005EA700F5
S205005EA833C1
S205005EA904EF
S205005EAAA052
S205005EAB40B1
S205005EAC13DD
S205005EAD0AE5
S205005EAE20CE
S205005EAF00ED
S205005EB09359
S205005EB10BE0
S205005EB210DA
S205005EB300E9
S205005EB413D5
S205005EB509DE
S205005EB600E6
S205005EB700E5
S205005EB89351
S205005EB90AD9
S205005EBAC121
S205005EBB00E1
S205005EBC13CD
S205005EBD0CD3
S205005EBE904E
S205005EBF00DD
S205005EC09349
S205005EC105D6
S205005EC2A03A
S205005EC300D9
S205005EC413C5
S205005EC505D2
S205005EC604D2
S205005EC700D5
S205005EC8EFE5
S205005EC9D003
S205005ECA4F83
S205005ECB854C
S205005ECC933D
S205005ECD04CB
S205005ECE09C5
S205005ECF00CD
S205005ED013B9
S205005ED109C2
S205005ED219B1
S205005ED300C9
S205005ED49335
S205005ED507C0
S205005ED605C1
S205005ED703C2
S205005ED83391
S205005ED98B38
S205005EDA2A98
S205005EDB01C0
S205005EDC13AD
S205005EDD05BA
S205005EDE04BA
S205005EDF00BD
S205005EE0A319
S205005EE10FAC
S205005EE2FBBF
S205005EE3FEBB
S205005EE49325
S205005EE505B2
S205005EE6A016
S205005EE700B5
S205005EE813A1
S205005EE90BA8
S205005EEA04AE
S205005EEB00B1
S205005EECEFC1
S205005EEDC0EF
S205005EEEDFCF
S205005EEFFAB3
S205005EF01399
S205005EF104A7
S205005EF205A5
S205005EF300A9
S205005EF4E3C5
S205005EF54661
S205005EF66C3A
S205005EF7FDA8
S205005EF86341
S205005EF98221
S205005EFA0B97
S205005EFB128F
S205005EFC138D
S205005EFD0798
S205005EFE0995
S205005EFF0499
S205005F003368
S205005F010793
S205005F022772
S205005F030098
S205005F049304
S205005F050690
S205005F06D0C5
S205005F070292
S205005F082370
S205005F09068C
S205005F0AD7BA
S205005F0BFC94
S205005F0C137C
S205005F0D8707
S205005F0E2469
S205005F0F0488
S205005F1093F8
S205005F118703
S205005F122465
S205005F130088
S205005F143354
S205005F15077F
S205005F16275E
S205005F170084
S205005F1893F0
S205005F19047E
S205005F1A0978
S205005F1B0080
S205005F1C235C
S205005F1D0678
S205005F1E0776
S205005F1FFC80
S205005F201368
S205005F2189F1
S205005F220772
S205005F230078
S205005F2493E4
S205005F2586F0
S205005F260A6B
S205005F270074
S205005F283340
S205005F2987EB
S205005F2A9AD7
S205005F2B0070
S205005F2C93DC
S205005F2D0767
S205005F2E006D
S205005F2F006C
S205005F3083E8
S205005F314525
S205005F320762
S205005F330068
S205005F340364
S205005F35C6A0
S205005F36065F
S205005F370064
S205005F3893D0
S205005F3987DB
S205005F3A174A
S205005F3B0060
S205005F3C233C
S205005F3D80DE
S205005F3EB6A7
S205005F3F005C
S205005F402338
S205005F41005A
S205005F42C792
S205005F430058
S205005F443324
S205005F4586D0
S205005F46F461
S205005F474014
S205005F4893C0
S205005F4986CC
S205005F4A163B
S205005F4B0050
S205005F4C133C
S205005F4D0747
S205005F4EF756
S205005F4FFF4D
S205005F50E368
S205005F51C08A
S205005F52C782
S205005F53FE4A
S205005F5493B4
S205005F550541
S205005F563015
S205005F570044
S205005F583310
S205005F59053D
S205005F5A49F8
S205005F5B41FF
S205005F5CEF50
S205005F5DC07E
S205005F5EDF5E
S205005F5FF349
S205005F603308
S205005F610535
S205005F622514
S205005F630137
S205005F64B384
S205005F6587AF
S205005F66A98C
S205005F670034
S205005F682310
S205005F6980B2
S205005F6A072A
S205005F6B0030
S205005F6C939C
S205005F6D0628
S205005F6E002D
S205005F6F002C
S205005F709398
S205005F710822
S205005F7230F9
S205005F730028
S205005F741314
S205005F750521
S205005F76F530
S205005F77FF25
S205005F78B370
S205005F79879B
S205005F7A9A87
S205005F7B0020
S205005F7C130C
S205005F7D031B
S205005F7ED04D
S205005F7F021A
S205005F801308
S205005F810E0C
S205005F82C059
S205005F830216
S205005F8463B4
S205005F858690
S205005F8616FF
S205005F870311
S205005F889380
S205005F89868C
S205005F8A16FB
S205005F8B0010
S205005F8C13FC
S205005F8D0707
S205005F8E0508
S205005F8F000C
S205005F908388
S205005F91C545
S205005F920702
S205005F930008
S205005F9433D4
S205005F958680
S205005F96E91C
S205005F970004
S205005F9813F0
S205005F99887A
S205005F9AF70A
S205005F9BFF01
S205005F9C23DC
S205005F9D00FE
S205005F9EB647
S205005F9F00FC
S205005FA013E8
S205005FA105F5
S205005FA2F702
S205005FA3FFF9
S205005FA46394
S205005FA58E68
S205005FA6FAFB
S205005FA702F2
S205005FA89360
S205005FA907EB
S205005FAA08E9
S205005FAB00F0
S205005FACE30C
S205005FAD9E50
S205005FAE16D7
S205005FAFFDEF
S205005FB08368
S205005FB1C624
S205005FB207E2
S205005FB300E8
S205005FB433B4
S205005FB58660
S205005FB6A93C
S205005FB700E4
S205005FB813D0
S205005FB907DB
S205005FBAF5EC
S205005FBBFFE1
S205005FBC637C
S205005FBD8A54
S205005FBE6677
S205005FBF04D8
S205005FC08358
S205005FC1C515
S205005FC207D2
S205005FC300D8
S205005FC423B4
S205005FC500D6
S205005FC6C60F
S205005FC701D3
S205005FC833A0
S205005FC9864C
S205005FCAE9E8
S205005FCB00D0
S205005FCC23AC
S205005FCD00CE
S205005FCEB617
S205005FCF00CC
S205005FD09338
S205005FD106C4
S205005FD210B9
S205005FD300C8
S205005FD413B4
S205005FD5883E
S205005FD6F7CE
S205005FD7FFC5
S205005FD813B0
S205005FD905BD
S205005FDAF7CA
S205005FDBFFC1
S205005FDCE3DC
S205005FDD9628
S205005FDEFAC3
S205005FDFFCC0
S205005FE08338
S205005FE1209A
S205005FE2C1F8
S205005FE306B2
S205005FE403B4
S205005FE52492
S205005FE68134
S205005FE706AE
S205005FE88330
S205005FE9248E
S205005FEA4170
S205005FEB06AA
S205005FEC03AC
S205005FED2985
S205005FEE01AC
S205005FEF06A6
S205005FF08328
S205005FF12981
S205005FF2C1E8
S205005FF305A3
S205005FF403A4
S205005FF52A7C
S205005FF68124
S205005FF7059F
S205005FF88320
S205005FF92A78
S205005FFA4160
S205005FFB059B
S205005FFC039C
S205005FFD2B73
S205005FFE019C
S205005FFF0597
S2050060008317
S2050060012B6E
S205006002C1D7
S2050060030493
S2050060040393
S2050060052C69
S2050060068113
S205006007048F
S205006008137F
S2050060090190
S20500600A018F
S20500600B0788
S20500600C6727
S20500600D800D
S20500600E008C
S20500600F008B
S2050060101377
S2050060110782
S2050060120583
S2050060130087
S20500601493F3
S205006015067F
S2050060164044
S2050060170083
S2050060186F13
S205006019F091
S20500601A9FE1
S20500601BF788
S20500601C93EB
S20500601D0776
S20500601E0973
S20500601F0477
S205006020B3C7
S20500602187F2
S2050060222751
S2050060230077
S2050060242353
S20500602586EF
S205006026076D
S205006027FC77
S205006028E38F
S2050060299ED3
S20500602A046C
S20500602BEE81
S20500602C6FFF
S20500602DF07D
S20500602E9FCD
S20500602FF279
S2050060301357
S2050060310168
S2050060320167
S205006033F96E
S2050060342343
S2050060352441
S20500603681E3
S205006037065D
S205006038233F
S205006039223F
S20500603A91CF
S20500603B0659
S20500603C233B
S20500603D203D
S20500603E213B
S20500603F0754
S2050060402337
S2050060412E2B
S2050060423127
S2050060430552
S2050060442333
S2050060452C29
S2050060464113
S205006047054E
S205006048232F
S205006049262B
S20500604A113F
S20500604B0649
S20500604C232B
S20500604D2A23
S20500604E51FB
S20500604F0546
S2050060502327
S2050060512821
S20500605261E7
S2050060530542
S2050060542323
S205006055261F
S20500605671D3
S205006057053E
S205006058231F
S205006059221F
S20500605A91AF
S20500605B053A
S20500605C231B
S20500605D2E0F
S20500605EB18B
S20500605F0338
S20500606093A7
S2050060610831
S205006062E058
S2050060630433
S2050060642313
S2050060652E07
S2050060660133
S2050060670132
S205006068939F
S2050060690928
S20500606A052B
S20500606B002F
S20500606C131B
S20500606D84A9
S20500606E0527
S20500606F002B
S2050060701317
S2050060718A9F
S2050060720622
S2050060730027
S2050060749393
S2050060750421
S205006076071D
S2050060770023
S205006078130F
S2050060798998
S20500607A0719
S20500607B001F
S20500607C63BB
S20500607DDC41
S20500607EC854
S20500607F1A01
S2050060809387
S2050060810712
S205006082E038
S2050060830413
S20500608423F3
S2050060852CE9
S205006086F123
S2050060870013
S20500608813FF
S205006089858C
S20500608A0907
S20500608B000F
S20500608C937B
S20500608D0508
S20500608E0408
S20500608F000B
S20500609013F7
S2050060910603
S2050060920008
S2050060930007
S2050060949373
S20500609506FF
S2050060960004
S2050060970003
S205006098EF13
S205006099B051
S20500609ACF31
S20500609BD926
S20500609C13EB
S20500609D07F6
S20500609E00FC
S20500609F00FB
S2050060A06397
S2050060A158A1
S2050060A205F3
S2050060A300F7
S2050060A4B73F
S2050060A507EE
S2050060A600F4
S2050060A78073
S2050060A833BF
S2050060A9C42D
S2050060AA8769
S2050060AB00EF
S2050060AC13DB
S2050060AD07E6
S2050060AE10DC
S2050060AF00EB
S2050060B09357
S2050060B105E4
S2050060B204E4
S2050060B300E7
S2050060B423C3
S2050060B5A045
S2050060B6E400
S2050060B700E3
S2050060B813CF
S2050060B906DB
S2050060BA01DF
S2050060BB02DD
S2050060BC13CB
S2050060BD8558
S2050060BE09D3
S2050060BF00DB
S2050060C0EFEB
S2050060C1A039
S2050060C20FC9
S2050060C3884F
S2050060C403D3
S2050060C52BAA
S2050060C601D3
S2050060C702D1
S2050060C8834F
S2050060C92BA6
S2050060CA418F
S2050060CB02CD
S2050060CC933B
S2050060CD8449
S2050060CE05C7
S2050060CF00CB
S2050060D013B7
S2050060D104C5
S2050060D205C3
S2050060D300C7
S2050060D413B3
S2050060D506BF
S2050060D600C4
S2050060D700C3
S2050060D8932F
S2050060D906BB
S2050060DA00C0
S2050060DB00BF
S2050060DC13AB
S2050060DD05B8
S2050060DE0BB1
S2050060DF00BB
S2050060E09327
S2050060E18534
S2050060E20BAD
S2050060E300B7
S2050060E4EFC7
S2050060E5B005
S2050060E64F65
S2050060E7BCF7
S2050060E8634F
S2050060E90CA5
S2050060EA05AB
S2050060EB2C83
S2050060ECB7F7
S2050060ED0CA1
S2050060EE109C
S2050060EF00AB
S2050060F08327
S2050060F1A702
S2050060F28C1C
S2050060F37E29
S2050060F403A3
S2050060F5A8FD
S2050060F6CCD8
S2050060F77E25
S2050060F8B7EB
S2050060F9069B
S2050060FA1090
S2050060FB009F
S2050060FC237B
S2050060FD207D
S2050060FEF1AB
S2050060FF009B
S2050061008316
S205006101A7F1
S2050061020691
S2050061037F17
S2050061042372
S2050061052272
S2050061060192
S2050061070191
S205006108038E
S205006109A8E8
S20500610A4649
S20500610B7F0F
S20500610C236A
S20500610D2468
S20500610EF19A
S20500610F008A
S20500611093F6
S2050061110781
S205006112097E
S2050061130581
S2050061142362
S2050061152460
S2050061168102
S205006117057D
S205006118235E
S2050061192060
S20500611AA1DE
S20500611B0579
S20500611C235A
S20500611D2656
S20500611E017A
S20500611F0179
S2050061202356
S2050061212A4E
S205006122F186
S2050061230076
S20500612493E2
S2050061258DE7
S205006126076C
S2050061270072
S20500612893DE
S2050061290C64
S20500612A006F
S20500612B0569
S20500612C036A
S20500612D2646
S20500612E016A
S20500612F006A
S20500613083E6
S2050061312642
S2050061324126
S2050061330066
S2050061341352
S205006135055F
S2050061360B58
S2050061370062
S20500613893CE
S20500613985DB
S20500613A0B54
S20500613B005E
S20500613CEF6E
S20500613DA0BC
S20500613E5FFC
S20500613FACAE
S2050061401346
S2050061410652
S2050061420156
S2050061430254
S205006144EF66
S20500614590C4
S205006146DF74
S205006147FF53
S205006148034E
S205006149262A
S20500614A81CE
S20500614B004E
S20500614C83CA
S20500614D2626
S20500614EC18A
S20500614F004A
S2050061502326
S2050061512424
S205006152A1A6
S2050061530244
S2050061542322
S205006155261E
S205006156B192
S2050061570240
S205006158EF52
S205006159A0A0
S20500615A0F30
S20500615B9EA0
S20500615C033A
S20500615D2616
S20500615E013A
S20500615F003A
S20500616083B6
S2050061612612
S20500616241F6
S2050061630036
S2050061641322
S2050061658CA8
S2050061660D26
S2050061670032
S205006168939E
S2050061698DA3
S20500616AFD32
S20500616BFF2F
S20500616CEF3E
S20500616DB07C
S20500616E0F1C
S20500616FDD4D
S205006170EF3A
S205006171C068
S2050061724FD8
S205006173E640
S2050061740322
S2050061752BF9
S2050061760122
S2050061770220
S205006178839E
S2050061792BF5
S20500617A41DE
S20500617B021C
S20500617C130A
S20500617D0517
S20500617E0516
S20500617F0317
S205006180B366
S205006181898F
S205006182BC5B
S20500618341D5
S20500618423F2
S2050061858094
S205006186AD66
S2050061870012
S20500618813FE
S205006189060A
S20500618A000F
S20500618B000E
S20500618C937A
S20500618D0606
S20500618E000B
S20500618F000A
S20500619013F6
S2050061910503
S2050061920BFC
S2050061930006
S2050061949372
S205006195857F
S2050061960BF8
S2050061970002
S20500619813EE
S2050061998D73
S20500619A0DF2
S20500619B00FE
S20500619C936A
S20500619D0AF2
S20500619E09F2
S20500619F00FA
S2050061A0B346
S2050061A1896F
S2050061A229CE
S2050061A301F5
S2050061A4EF06
S2050061A5B044
S2050061A64FA4
S2050061A7B042
S2050061A8E30E
S2050061A912DE
S2050061AA05EA
S2050061ABF8F6
S2050061AC836A
S2050061AD27C5
S2050061AE41AA
S2050061AF01E9
S2050061B06386
S2050061B1FEEA
S2050061B2FDEA
S2050061B336B0
S2050061B4B332
S2050061B507DD
S2050061B6B92A
S2050061B741A1
S2050061B8934E
S2050061B9865A
S2050061BAF7E8
S2050061BB04DA
S2050061BC13CA
S2050061BD07D5
S2050061BE607B
S2050061BF00DA
S2050061C06376
S2050061C17464
S2050061C2D700
S2050061C308CE
S2050061C433A2
S2050061C5676D
S2050061C6B91A
S2050061C701D1
S2050061C813BE
S2050061C97759
S2050061CA3798
S2050061CB00CE
S2050061CC636A
S2050061CD1EAE
S2050061CE07C4
S2050061CF06C4
S2050061D03396
S2050061D10CBC
S2050061D2893E
S2050061D34185
S2050061D413B2
S2050061D53C88
S2050061D63C87
S2050061D700C2
S2050061D8635E
S2050061D918A8
S2050061DA0CB3
S2050061DB06B8
S2050061DC932A
S2050061DD8735
S2050061DE07B4
S2050061DF05B5
S2050061E013A6
S2050061E1F6C2
S2050061E2C7F0
S2050061E3FFB7
S2050061E4B302
S2050061E506AE
S2050061E6B6FD
S2050061E701B1
S2050061E803AE
S2050061E92789
S2050061EA0DA2
S2050061EB00AE
S2050061EC139A
S2050061ED0D9F
S2050061EE4D5E
S2050061EF00AA
S2050061F09316
S2050061F18A1E
S2050061F24A5D
S2050061F300A6
S2050061F42382
S2050061F5AEF6
S2050061F6EAB9
S2050061F7FEA4
S2050061F8E3BE
S2050061F99808
S2050061FAA6F9
S2050061FBFF9F
S2050061FC336A
S2050061FD0795
S2050061FEC9D2
S2050061FF009A
S2050062006335
S2050062010493
S205006202F6A0
S205006203068F
S2050062048311
S205006205C5CE
S205006206068C
S2050062070091
S205006208038D
S205006209256A
S20500620A414D
S20500620B018C
S20500620C1379
S20500620D8605
S20500620E1674
S20500620F0089
S2050062102365
S2050062110087
S205006212B7CF
S2050062130085
S2050062146321
S2050062157A09
S205006216A6DC
S205006217047D
S20500621883FD
S205006219C5BA
S20500621A1668
S20500621B007D
S20500621C1369
S20500621D86F5
S20500621E2654
S20500621F0079
S205006220A3D5
S2050062210077
S205006222B7BF
S2050062230075
S2050062246311
S2050062257201
S205006226A6CC
S205006227046D
S20500622883ED
S205006229C6A9
S20500622A2648
S20500622B006D
S20500622C2349
S20500622D016A
S20500622ED793
S20500622F0069
S2050062306FF9
S2050062310067
S20500623280E6
S2050062330362
S20500623493D1
S205006235461D
S205006236F66C
S205006237FF62
S20500623893CD
S205006239D689
S20500623AF668
S20500623B411C
S20500623CB3A9
S20500623D77E4
S20500623ED684
S20500623F0059
S2050062402335
S2050062412C2B
S205006242F165
S2050062430055
S2050062446FE5
S205006245F063
S2050062465FF3
S205006247E46D
S205006248133D
S2050062490748
S20500624A0945
S20500624B004D
S20500624C83C9
S20500624DC685
S20500624E0D3D
S20500624F0049
S20500625093B5
S2050062518DBA
S2050062521D29
S2050062530045
S2050062541331
S205006255073C
S205006256172B
S2050062570041
S205006258A39D
S2050062590F30
S20500625AD767
S20500625BFE3F
S20500625C83B9
S20500625D2615
S20500625E41F9
S20500625F0138
S205006260E355
S20500626196A1
S205006262B680
S205006263FF36
S20500626493A1
S20500626587AC
S205006266072B
S205006267052C
S205006268032D
S2050062692C03
S20500626A81AD
S20500626B0429
S20500626C0329
S20500626D2DFE
S20500626E0129
S20500626F0425
S205006270B375
S2050062710A1D
S205006272F92D
S2050062730025
S20500627483A1
S20500627527FC
S20500627681A1
S2050062770120
S205006278B36D
S2050062790D12
S20500627AF925
S20500627B001D
S20500627C8399
S20500627D27F4
S20500627EC159
S20500627F0118
S20500628063B5
S2050062819483
S205006282070F
S2050062830015
S205006284B361
S2050062858D86
S2050062863DD5
S2050062870110
S20500628823ED
S20500628920EF
S20500628A3AD4
S20500628B010C
S20500628C63A9
S20500628DE625
S20500628E2DDD
S20500628F1FEA
S2050062909375
S20500629109FE
S20500629209FD
S2050062930500
S20500629463A1
S205006295EE15
S2050062965DA5
S20500629705FC
S205006298B749
S2050062990CF3
S20500629A10EE
S20500629B00FD
S20500629C6399
S20500629DFA01
S20500629E3AC0
S20500629F05F4
S2050062A003F5
S2050062A1AB4C
S2050062A28C6A
S2050062A37E77
S2050062A48371
S2050062A5AB48
S2050062A6CC26
S2050062A77E73
S2050062A86F81
S2050062A900EF
S2050062AA806E
S2050062AB00ED
S2050062AC6389
S2050062AD8A61
S2050062AE5991
S2050062AF1DCC
S2050062B09355
S2050062B18661
S2050062B20BDB
S2050062B300E5
S2050062B413D1
S2050062B505DE
S2050062B604DE
S2050062B700E1
S2050062B8934D
S2050062B9855A
S2050062BA04DA
S2050062BB00DD
S2050062BC13C9
S2050062BD06D5
S2050062BE0BCF
S2050062BF00D9
S2050062C0EFE9
S2050062C1B027
S2050062C2CF07
S2050062C3C70E
S2050062C413C1
S2050062C506CD
S2050062C68151
S2050062C702CF
S2050062C8EFE1
S2050062C9903F
S2050062CA9F2F
S2050062CBE7E6
S2050062CC13B9
S2050062CD04C7
S2050062CE05C5
S2050062CF00C9
S2050062D09335
S2050062D18443
S2050062D205C1
S2050062D300C5
S2050062D403C1
S2050062D5259E
S2050062D68141
S2050062D702BF
S2050062D8833D
S2050062D9259A
S2050062DAC1FD
S2050062DB02BB
S2050062DC9329
S2050062DD8A31
S2050062DE1AA0
S2050062DF00B9
S2050062E0EFC9
S2050062E1C0F7
S2050062E24F67
S2050062E3CFE6
S2050062E413A1
S2050062E505AE
S2050062E605AD
S2050062E703AE
S2050062E8A30D
S2050062E98F20
S2050062EAAA04
S2050062EBFEAF
S2050062ECE3C9
S2050062EDF0BB
S2050062EE5D4D
S2050062EFFDAC
S2050062F06345
S2050062F1F8AF
S2050062F23D69
S2050062F3198C
S2050062F48321
S2050062F5C7DC
S2050062F60D95
S2050062F700A1
S2050062F8138D
S2050062F90798
S2050062FA900E
S2050062FB039A
S2050062FC9309
S2050062FD8714
S2050062FE5743
S2050062FF0099
S2050063009304
S205006301F79F
S205006302F79E
S2050063030F85
S2050063042370
S2050063058012
S205006306FD94
S2050063070090
S205006308632C
S2050063097E10
S20500630AF796
S20500630B0686
S20500630C8308
S20500630D2763
S20500630EC1C8
S20500630F0187
S2050063106324
S20500631192F4
S205006312077E
S205006313186C
S20500631493F0
S20500631587FB
S2050063160D74
S2050063170080
S205006318136C
S2050063190678
S20500631A007D
S20500631B0379
S20500631C93E8
S20500631D0575
S20500631E90E9
S20500631F0375
S2050063202354
S20500632180F6
S205006322C7AE
S2050063230074
S2050063246310
S205006325640E
S205006326F978
S2050063271C54
S205006328135C
S2050063290767
S20500632A105D
S20500632B0369
S20500632C2348
S20500632D80EA
S20500632EE782
S20500632F0068
S2050063300364
S205006331273F
S2050063320A5B
S2050063330064
S2050063341350
S205006335075B
S205006336174A
S2050063370060
S205006338233C
S205006339203E
S20500633AEA73
S20500633B005C
S20500633C63F8
S20500633D74E6
S20500633EB9A0
S20500633F0157
S2050063402334
S20500634180D6
S205006342CD88
S2050063430054
S20500634483D0
S205006345C68C
S205006346074A
S2050063470050
S205006348133C
S2050063490747
S20500634A90BD
S20500634B0349
S20500634C93B8
S20500634D8DBD
S20500634E1D2C
S20500634F0048
S20500635063E4
S2050063517ACC
S205006352D76E
S2050063530242
S2050063541330
S205006355063C
S2050063561031
S205006357033D
S20500635893AC
S2050063590539
S20500635A003D
S20500635B0339
S20500635C93A8
S20500635D0634
S20500635E90A9
S20500635F0335
S2050063602314
S20500636180B6
S205006362C76E
S2050063630034
S2050063640330
S205006365270B
S2050063660A27
S2050063670030
S205006368131C
S2050063690727
S20500636A1716
S20500636B002C
S20500636C2308
S20500636D200A
S20500636EEA3F
S20500636F0028
S20500637063C4
S20500637174B2
S205006372B96C
S2050063730123
S2050063742300
S20500637580A2
S205006376BD64
S2050063770020
S205006378031C
S205006379C757
S20500637A0716
S20500637B001C
S20500637C9388
S20500637D8D8D
S20500637E1DFC
S20500637F0018
S205006380E334
S205006381E036
S205006382E62F
S205006383FE16
S20500638423F0
S2050063858092
S2050063860D04
S2050063870010
S205006388838C
S20500638920EE
S20500638AC14C
S20500638B0606
S20500638C0308
S20500638D24E6
S20500638E8188
S20500638F0602
S2050063908384
S20500639124E2
S20500639241C4
S20500639306FE
S2050063948380
S20500639529D9
S205006396C140
S20500639705FB
S20500639803FC
S2050063992AD4
S20500639A817C
S20500639B05F7
S20500639C8378
S20500639D2AD0
S20500639E41B8
S20500639F05F3
S2050063A003F4
S2050063A12BCB
S2050063A201F4
S2050063A305EF
S2050063A48370
S2050063A52BC7
S2050063A6C130
S2050063A704EC
S2050063A8836C
S2050063A92CC2
S2050063AA41AC
S2050063AB04E8
S2050063AC8368
S2050063AD2DBD
S2050063AEC128
S2050063AF03E5
S2050063B013D4
S2050063B105E1
S2050063B209DC
S2050063B300E4
S2050063B403E0
S2050063B529B9
S2050063B601E0
S2050063B706DA
S2050063B813CC
S2050063B901DD
S2050063BA01DC
S2050063BB07D5
S2050063BC6774
S2050063BD805A
S2050063BE00D9
S2050063BF00D8
S2050063C013C4
S2050063C105D1
S2050063C204D1
S2050063C300D4
S2050063C49340
S2050063C5854D
S2050063C604CD
S2050063C700D0
S2050063C813BC
S2050063C906C8
S2050063CA00CD
S2050063CB00CC
S2050063CC9338
S2050063CD06C4
S2050063CE00C9
S2050063CF00C8
S2050063D0EFD8
S2050063D1B016
S2050063D24F76
S2050063D3962E
S2050063D46360
S2050063D55A68
S2050063D6A021
S2050063D70AB6
S2050063D8B708
S2050063D90CB2
S2050063DA10AD
S2050063DB00BC
S2050063DC03B8
S2050063DDA614
S2050063DE8C2D
S2050063DF7E3A
S2050063E08334
S2050063E1A610
S2050063E2CCE9
S2050063E37E36
S2050063E413A0
S2050063E505AD
S2050063E604AD
S2050063E700B0
S2050063E8931C
S2050063E98529
S2050063EA04A9
S2050063EB00AC
S2050063EC2388
S2050063ED208A
S2050063EEA108
S2050063EF05A3
S2050063F0EFB8
S2050063F1B0F6
S2050063F2CFD6
S2050063F3B4F0
S2050063F4B7EC
S2050063F5079B
S2050063F61091
S2050063F700A0
S2050063F8039C
S2050063F9ABF3
S2050063FA8716
S2050063FB7F1D
S2050063FC8318
S2050063FDABEF
S2050063FEC7D2
S2050063FF7F19
S2050064001383
S2050064010D88
S205006402058F
S2050064030093
S205006404137F
S205006405068B
S2050064060B85
S205006407008F
S20500640893FB
S2050064098607
S20500640A0B81
S20500640B008B
S20500640C93F7
S20500640D8AFF
S20500640E0583
S20500640F0087
S205006410EF97
S205006411B0D5
S2050064124F35
S205006413A2E1
S20500641493EF
S2050064150978
S2050064160080
S205006417007F
S205006418631B
S205006419502D
S20500641A0577
S20500641B1269
S20500641C2357
S20500641D2455
S20500641E81F7
S20500641F0572
S2050064200373
S205006421ACC9
S2050064228CE8
S2050064237EF5
S20500642483EF
S205006425ACC5
S205006426CCA4
S2050064277EF1
S205006428135B
S2050064290568
S20500642A0D5F
S20500642B006B
S20500642C93D7
S20500642D85E4
S20500642E0A5E
S20500642F0067
S2050064301353
S205006431065F
S2050064320C58
S2050064330063
S20500643493CF
S20500643586DB
S2050064360C54
S205006437005F
S205006438EF6F
S205006439B0AD
S20500643A4F0D
S20500643BB0AB
S20500643C1347
S20500643D0653
S20500643E0B4D
S20500643F0057
S20500644093C3
S20500644186CF
S2050064420B49
S2050064430053
S205006444133F
S205006445044D
S2050064460D43
S205006447004F
S20500644893BB
S20500644984C9
S20500644A0A42
S20500644B004B
S20500644C93B7
S20500644D89C0
S20500644EF94F
S20500644FFF48
S2050064501333
S2050064510D38
S205006452053F
S2050064530043
S20500645493AF
S2050064558AB7
S205006456053B
S205006457003F
S205006458EF4F
S205006459B08D
S20500645ACF6D
S20500645B9D9E
S20500645CE357
S20500645D46F3
S20500645E0533
S20500645FFC3B
S2050064602313
S2050064612411
S205006462A193
S2050064630330
S205006464230F
S205006465260B
S20500646651DF
S205006467032C
S205006468032B
S2050064692C01
S20500646A81AB
S20500646B0427
S20500646C0327
S20500646D2DFC
S20500646E0127
S20500646F0423
S2050064709393
S2050064710A1B
S205006472091B
S2050064730023
S2050064746FB3
S205006475F031
S2050064761F01
S205006477E03F
S20500647823FB
S205006479001D
S20500647A0913
S20500647B001B
S20500647C6FAB
S20500647DF029
S20500647EDF39
S20500647FF027
S205006480A373
S205006481070E
S205006482090B
S205006483040F
S2050064846FA3
S205006485F021
S2050064865FB1
S205006487F01F
S205006488937B
S2050064890A03
S20500648A0903
S20500648B000B
S20500648C9377
S20500648D0900
S20500648E0008
S20500648F0007
S2050064906F97
S205006491F015
S2050064925FA5
S205006493DE25
S205006494936F
S205006495877A
S2050064960DF3
S20500649700FF
S205006498936B
S20500649905F8
S20500649A00FC
S20500649B03F8
S20500649C13E7
S20500649D06F3
S20500649E9068
S20500649F03F4
S2050064A023D3
S2050064A18075
S2050064A2B73D
S2050064A300F3
S2050064A4638F
S2050064A5648D
S2050064A6F9F7
S2050064A706E9
S2050064A813DB
S2050064A907E6
S2050064AA10DC
S2050064AB03E8
S2050064AC23C7
S2050064AD8069
S2050064AEE701
S2050064AF00E7
S2050064B003E3
S2050064B127BE
S2050064B20ADA
S2050064B300E3
S2050064B4934F
S2050064B505DC
S2050064B69050
S2050064B703DC
S2050064B813CB
S2050064B906D7
S2050064BA10CC
S2050064BB03D8
S2050064BC13C7
S2050064BD07D2
S2050064BE17C1
S2050064BF00D7
S2050064C023B3
S2050064C120B5
S2050064C2EAEA
S2050064C300D3
S2050064C403CF
S2050064C5C70A
S2050064C607C9
S2050064C700CF
S2050064C8933B
S2050064C906C7
S2050064CA903C
S2050064CB03C8
S2050064CCE3E7
S2050064CDFCCD
S2050064CEE5E3
S2050064CFEADD
S2050064D023A3
S2050064D18045
S2050064D2C7FD
S2050064D300C3
S2050064D403BF
S2050064D5279A
S2050064D60AB6
S2050064D700BF
S2050064D813AB
S2050064D907B6
S2050064DA17A5
S2050064DB00BB
S2050064DC2397
S2050064DD2099
S2050064DEEACE
S2050064DF00B7
S2050064E003B3
S2050064E1C7EE
S2050064E207AD
S2050064E300B3
S2050064E4E3CF
S2050064E5E6CB
S2050064E6E6CA
S2050064E7FEB1
S2050064E86F3F
S2050064E9F0BD
S2050064EADFCD
S2050064EBE9C2
S2050064EC03A7
S2050064EDC7E2
S2050064EEF7B1
S2050064EFFFA8
S2050064F09313
S2050064F1861F
S2050064F2F7AD
S2050064F3FFA4
S2050064F4138F
S2050064F5079A
S2050064F61789
S2050064F7009F
S2050064F8138B
S2050064F97726
S2050064FAF7A5
S2050064FB0F8C
S2050064FCA3F7
S2050064FD8F0A
S2050064FEE7B1
S2050064FFFE99
S205006500E3B2
S205006501F2A2
S205006502E5AE
S205006503E8AA
S20500650493FE
S2050065058709
S2050065060689
S205006507008E
S2050065086F1E
S205006509F09C
S20500650A9FEC
S20500650BE1A9
S20500650C0386
S20500650DC7C1
S20500650EF790
S20500650FFF87
S20500651093F2
S20500651186FE
S205006512F78C
S205006513FF83
S205006514136E
S2050065150779
S2050065161768
S205006517007E
S205006518136A
S2050065197705
S20500651AF784
S20500651B0F6B
S20500651CA3D6
S20500651D8FE9
S20500651EE790
S20500651FFE78
S205006520E392
S2050065217202
S205006522E68D
S205006523E68C
S20500652493DE
S20500652587E9
S2050065260669
S205006527006E
S2050065286FFE
S205006529F07C
S20500652A9FCC
S20500652BF773
S20500652C0366
S20500652D2C3C
S20500652E81E6
S20500652F0462
S2050065300362
S2050065312D37
S2050065320162
S205006533045E
S2050065346FF2
S205006535F070
S2050065361F40
S205006537D48A
S205006538233A
S2050065392438
S20500653AA1BA
S20500653B0357
S20500653C2336
S20500653D2632
S20500653E5106
S20500653F0353
S2050065400352
S2050065412D27
S2050065420152
S205006543044E
S20500654493BE
S2050065450A46
S2050065460946
S205006547004E
S2050065486FDE
S205006549F05C
S20500654ADF6C
S20500654BD278
S20500654C1336
S20500654D0840
S20500654E0047
S20500654F0046
S2050065506FD6
S205006551F054
S2050065521F24
S205006553AE94
S205006554132E
S205006555013F
S205006556013E
S205006557FE40
S205006558231A
S2050065592C10
S20500655A81BA
S20500655B003A
S20500655C2316
S20500655D2A0E
S20500655E91A6
S20500655F0036
S2050065602312
S205006561280C
S2050065622112
S2050065630131
S205006564230E
S205006565260A
S20500656631FE
S205006567012D
S205006568230A
S2050065692EFE
S20500656A111A
S20500656B002A
S20500656C2306
S20500656D2404
S20500656E41E6
S20500656F0125
S2050065701312
S2050065710420
S205006572071C
S2050065730022
S205006574938E
S205006575849C
S205006576051A
S205006577001E
S205006578938A
S2050065790913
S20500657A0615
S20500657B001A
S20500657C1306
S20500657D898F
S20500657E0611
S20500657F0016
S20500658063B2
S2050065810A0A
S205006582070C
S205006583080A
S205006584937E
S2050065850709
S20500658630DF
S205006587000E
S20500658863AA
S2050065890A02
S20500658AF714
S20500658B0406
S20500658C0306
S20500658DAA5E
S20500658E0502
S20500658F0006
S20500659013F2
S205006591867E
S20500659209FA
S2050065930002
S205006594936E
S20500659505FB
S20500659609F6
S20500659700FE
S20500659813EA
S20500659905F7
S20500659A0AF1
S20500659B00FA
S20500659CEF0A
S20500659DE018
S20500659E4FA8
S20500659FB145
S2050065A0EF06
S2050065A1E014
S2050065A28F64
S2050065A3B240
S2050065A4E30E
S2050065A50EE2
S2050065A605EA
S2050065A7FEF0
S2050065A8935A
S2050065A907E5
S2050065AA30BB
S2050065AB00EA
S2050065AC6386
S2050065AD0EDA
S2050065AEF4F3
S2050065AF06E0
S2050065B013D2
S2050065B104E0
S2050065B2E4FF
S2050065B3FFE3
S2050065B4934E
S2050065B507D9
S2050065B610CF
S2050065B700DE
S2050065B8637A
S2050065B9F0EC
S2050065BA8754
S2050065BB08D2
S2050065BC8356
S2050065BD20B8
S2050065BEC116
S2050065BF01D5
S2050065C003D2
S2050065C124B0
S2050065C28152
S2050065C301D1
S2050065C4834E
S2050065C524AC
S2050065C6418E
S2050065C701CD
S2050065C803CA
S2050065C929A3
S2050065CA01CA
S2050065CB01C9
S2050065CC8346
S2050065CD299F
S2050065CEC106
S2050065CF00C6
S2050065D003C2
S2050065D12A9A
S2050065D28142
S2050065D300C2
S2050065D413AE
S2050065D501BF
S2050065D601BE
S2050065D702BC
S2050065D86756
S2050065D9803C
S2050065DA00BB
S2050065DB00BA
S2050065DC2396
S2050065DD2296
S2050065DE5166
S2050065DF01B5
S2050065E09322
S2050065E10AAA
S2050065E205AE
S2050065E300B2
S2050065E4EFC2
S2050065E5E0D0
S2050065E68F20
S2050065E7A707
S2050065E8139A
S2050065E90AA2
S2050065EA05A6
S2050065EB00AA
S2050065EC6346
S2050065ED8424
S2050065EE04A3
S2050065EF00A6
S2050065F02382
S2050065F1A004
S2050065F2A4FF
S2050065F300A2
S2050065F4376A
S2050065F5059B
S2050065F6108F
S2050065F7009E
S2050065F8930A
S2050065F98517
S2050065FA0A91
S2050065FB009A
S2050065FC9306
S2050065FD0692
S2050065FE098E
S2050065FF0096
S2050066001381
S205006601860D
S2050066020989
S2050066030091
S205006604137D
S205006605058A
S2050066068509
S2050066073A53
S205006608EF9D
S205006609F09B
S20500660A8FFB
S20500660BFC8D
S20500660C8305
S20500660D2A5D
S20500660E4145
S20500660F0085
S2050066106F15
S205006611F093
S2050066121F63
S205006613F889
S205006614EF91
S205006615E09F
S2050066168FEF
S205006617A4D9
S2050066181369
S2050066190A71
S20500661A0575
S20500661B0079
S20500661CE395
S20500661D8AED
S20500661E0472
S20500661FF67F
S2050066202351
S205006621A0D3
S205006622A4CE
S2050066230071
S2050066246F01
S205006625F07F
S205006626DF8F
S205006627F677
S20500662893D9
S2050066290566
S20500662A0565
S20500662B0069
S20500662C3731
S20500662D0562
S20500662E1056
S20500662F0065
S2050066301351
S205006631055E
S205006632055D
S2050066333E23
S205006634EF71
S205006635F06F
S205006636CF8F
S205006637F964
S2050066380359
S2050066392437
S20500663A81D9
S20500663B0158
S20500663C83D5
S20500663D2037
S20500663EC195
S20500663F0154
S20500664083D1
S205006641242F
S2050066424111
S2050066430150
S205006644034D
S2050066452926
S205006646014D
S205006647014C
S20500664883C9
S2050066492922
S20500664AC189
S20500664B0049
S20500664C1335
S20500664D0542
S20500664E0A3C
S20500664F0045
S2050066500341
S2050066512A19
S20500665281C1
S2050066530041
S205006654132D
S205006655013E
S205006656013D
S205006657023B
S2050066586FCD
S205006659E05B
S20500665A0F2B
S20500665BA396
S20500665C3701
S20500665D0532
S20500665E1026
S20500665F0035
S2050066601321
S205006661052E
S205006662C56D
S2050066635DD4
S2050066646FC1
S205006665F03F
S205006666CF5F
S205006667F637
S205006668B775
S2050066691714
S20500666A101A
S20500666B0029
S20500666C37F1
S20500666D0720
S20500666E1016
S20500666F0025
S2050066709391
S205006671879C
S205006672071B
S20500667381A0
S205006674130D
S2050066750718
S20500667647D7
S2050066773FDE
S2050066789389
S2050066790615
S20500667A100A
S20500667B0019
S20500667C23F5
S20500667DA671
S20500667EE72F
S20500667F0015
S20500668023F1
S205006681AE65
S205006682E72B
S2050066830011
S20500668423ED
S205006685A669
S205006686E727
S205006687020B
S20500668823E9
S205006689AE5D
S20500668AE723
S20500668B0207
S20500668C23E5
S20500668DA661
S20500668EE71F
S20500668F0401
S20500669023E1
S205006691AE55
S205006692E71B
S20500669304FD
S20500669423DD
S205006695A659
S205006696E717
S20500669706F7
S20500669823D9
S205006699AE4D
S20500669AE713
S20500669B06F3
S20500669C23D5
S20500669DA453
S20500669ED71F
S20500669F00F5
S2050066A023D1
S2050066A1A053
S2050066A207EB
S2050066A300F1
S2050066A423CD
S2050066A5AC43
S2050066A6D717
S2050066A700ED
S2050066A823C9
S2050066A9A843
S2050066AA07E3
S2050066AB00E9
S2050066AC23C5
S2050066ADAA3D
S2050066AE07DF
S2050066AF00E5
S2050066B023C1
S2050066B1A43F
S2050066B2D70B
S2050066B302DF
S2050066B423BD
S2050066B5A03F
S2050066B607D7
S2050066B702DB
S2050066B823B9
S2050066B9A239
S2050066BA07D3
S2050066BB02D7
S2050066BC23B5
S2050066BDAC2B
S2050066BED7FF
S2050066BF02D3
S2050066C023B1
S2050066C1A82B
S2050066C207CB
S2050066C302CF
S2050066C423AD
S2050066C5AA25
S2050066C607C7
S2050066C702CB
S2050066C823A9
S2050066C9A427
S2050066CAD7F3
S2050066CB04C5
S2050066CC23A5
S2050066CDA027
S2050066CE07BF
S2050066CF04C1
S2050066D023A1
S2050066D1A221
S2050066D207BB
S2050066D304BD
S2050066D4239D
S2050066D5AC13
S2050066D6D7E7
S2050066D704B9
S2050066D82399
S2050066D9A813
S2050066DA07B3
S2050066DB04B5
S2050066DC2395
S2050066DDAA0D
S2050066DE07AF
S2050066DF04B1
S2050066E02391
S2050066E1A40F
S2050066E2D7DB
S2050066E306AB
S2050066E4238D
S2050066E5A00F
S2050066E607A7
S2050066E706A7
S2050066E82389
S2050066E9A209
S2050066EA07A3
S2050066EB06A3
S2050066EC2385
S2050066EDACFB
S2050066EED7CF
S2050066EF069F
S2050066F02381
S2050066F1A8FB
S2050066F2079B
S2050066F3069B
S2050066F4237D
S2050066F5AAF5
S2050066F60797
S2050066F70697
S2050066F82379
S2050066F9A4F7
S2050066FAD7C3
S2050066FB0891
S2050066FC2375
S2050066FDA0F7
S2050066FE078F
S2050066FF088D
S2050067002370
S205006701A6EC
S205006702E7AA
S2050067030888
S205006704236C
S205006705AEE0
S205006706E7A6
S2050067070884
S2050067082368
S205006709A6E4
S20500670AE7A2
S20500670B0A7E
S20500670C2364
S20500670DAED8
S20500670EE79E
S20500670F0A7A
S2050067102360
S205006711A6DC
S205006712E79A
S2050067130C74
S205006714235C
S205006715AED0
S205006716E796
S2050067170C70
S2050067182358
S205006719A6D4
S20500671AE792
S20500671B0E6A
S20500671C2354
S20500671DAEC8
S20500671EE78E
S20500671F0E66
S205006720373C
S20500672187EB
S2050067220071
S2050067230070
S205006724234C
S205006725A2CC
S2050067260766
S2050067270864
S2050067282348
S205006729ACBE
S20500672AD792
S20500672B0860
S20500672C2344
S20500672DA8BE
S20500672E075E
S20500672F085C
S2050067302340
S205006731AAB8
S205006732075A
S2050067330858
S205006734233C
S205006735A4BA
S205006736D786
S2050067370A52
S2050067382338
S205006739A0BA
S20500673A0752
S20500673B0A4E
S20500673C2334
S20500673DA2B4
S20500673E074E
S20500673F0A4A
S2050067402330
S205006741ACA6
S205006742D77A
S2050067430A46
S205006744232C
S205006745A8A6
S2050067460746
S2050067470A42
S2050067482328
S205006749AAA0
S20500674A0742
S20500674B0A3E
S20500674C2324
S20500674DA4A2
S20500674ED76E
S20500674F0C38
S2050067502320
S205006751A0A2
S205006752073A
S2050067530C34
S205006754231C
S205006755A29C
S2050067560736
S2050067570C30
S2050067582318
S205006759AC8E
S20500675AD762
S20500675B0C2C
S20500675C2314
S20500675DA88E
S20500675E072E
S20500675F0C28
S2050067602310
S205006761AA88
S205006762072A
S2050067630C24
S205006764230C
S205006765A48A
S205006766D756
S2050067670E1E
S2050067682308
S205006769A08A
S20500676A0722
S20500676B0E1A
S20500676C2304
S20500676DA284
S20500676E071E
S20500676F0E16
S2050067702300
S205006771AC76
S205006772D74A
S2050067730E12
S20500677423FC
S205006775A876
S2050067760716
S2050067770E0E
S20500677823F8
S205006779AA70
S20500677A0712
S20500677B0E0A
S20500677C23F4
S20500677DA274
S20500677EE72E
S20500677F0014
S205006780B75C
S20500678117FB
S2050067821001
S2050067830010
S20500678423EC
S205006785AE60
S2050067860706
S205006787927A
S205006788B754
S20500678917F3
S20500678A10F9
S20500678B0008
S20500678C23E4
S20500678DAC5A
S20500678E07FE
S20500678F9272
S205006790B74C
S20500679117EB
S20500679210F1
S2050067930000
S20500679423DC
S205006795AA54
S20500679607F6
S205006797926A
S2050067986794
S205006799807A
S20500679A00F9
S20500679B00F8
S20500679CB740
S20500679D17DF
S20500679E10E5
S20500679F00F4
S2050067A09360
S2050067A1876B
S2050067A207EA
S2050067A3816F
S2050067A403EC
S2050067A5A648
S2050067A68766
S2050067A700EC
S2050067A89358
S2050067A906E4
S2050067AA35B4
S2050067AB00E8
S2050067AC03E4
S2050067ADA73F
S2050067AE479E
S2050067AF00E4
S2050067B09350
S2050067B1F6EC
S2050067B2C61B
S2050067B3FFE1
S2050067B4637C
S2050067B504DA
S2050067B606D7
S2050067B700DC
S2050067B86378
S2050067B95288
S2050067BAD702
S2050067BB12C6
S2050067BC03D4
S2050067BDA630
S2050067BE874E
S2050067BF01D3
S2050067C003D0
S2050067C1A72B
S2050067C2478A
S2050067C301CF
S2050067C4636C
S2050067C504CA
S2050067C606C7
S2050067C700CC
S2050067C86368
S2050067C95C6E
S2050067CAD7F2
S2050067CB26A2
S2050067CC03C4
S2050067CDA620
S2050067CE873E
S2050067CF02C2
S2050067D003C0
S2050067D1A71B
S2050067D2477A
S2050067D302BE
S2050067D4635C
S2050067D504BA
S2050067D606B7
S2050067D700BC
S2050067D86358
S2050067D95862
S2050067DAD7E2
S2050067DB2692
S2050067DC03B4
S2050067DDA610
S2050067DE872E
S2050067DF03B1
S2050067E003B0
S2050067E1A70B
S2050067E2476A
S2050067E303AD
S2050067E4634C
S2050067E504AA
S2050067E606A7
S2050067E700AC
S2050067E86348
S2050067E95456
S2050067EAD7D2
S2050067EB2682
S2050067EC03A4
S2050067EDA600
S2050067EE871E
S2050067EF04A0
S2050067F003A0
S2050067F1A7FB
S2050067F2475A
S2050067F3049C
S2050067F4633C
S2050067F5049A
S2050067F60697
S2050067F7009C
S2050067F86338
S2050067F9504A
S2050067FAD7C2
S2050067FB2672
S2050067FC0394
S2050067FDA6F0
S2050067FE870E
S2050067FF058F
S205006800038F
S205006801A7EA
S2050068024749
S205006803058A
S205006804632B
S2050068050489
S2050068060686
S205006807008B
S2050068086327
S2050068095C2D
S20500680AD7B1
S20500680B2463
S20500680C0383
S20500680DA6DF
S20500680E87FD
S20500680F067D
S205006810037F
S205006811A7DA
S2050068124739
S2050068130679
S205006814631B
S2050068150479
S2050068160676
S205006817007B
S2050068186317
S2050068195821
S20500681AD7A1
S20500681B2453
S20500681C0373
S20500681DA6CF
S20500681E87ED
S20500681F076C
S205006820036F
S205006821A7CA
S2050068224729
S2050068230768
S205006824630B
S2050068250469
S2050068260666
S205006827006B
S2050068286307
S2050068295415
S20500682AD791
S20500682B2443
S20500682C0363
S20500682DA6BF
S20500682E87DD
S20500682F085B
S205006830035F
S205006831A7BA
S2050068324719
S2050068330857
S20500683463FB
S2050068350459
S2050068360656
S205006837005B
S20500683863F7
S2050068395009
S20500683AD781
S20500683B2433
S20500683C0353
S20500683DA6AF
S20500683E87CD
S20500683F094A
S205006840034F
S205006841A7AA
S2050068424709
S2050068430946
S20500684463EB
S2050068450449
S2050068460646
S205006847004B
S20500684863E7
S2050068495CED
S20500684AD771
S20500684B2225
S20500684C0343
S20500684DA69F
S20500684E87BD
S20500684F0A39
S205006850033F
S205006851A79A
S20500685247F9
S2050068530A35
S20500685463DB
S2050068550439
S2050068560636
S205006857003B
S20500685863D7
S20500685958E1
S20500685AD761
S20500685B2215
S20500685C0333
S20500685DA68F
S20500685E87AD
S20500685F0B28
S205006860032F
S205006861A78A
S20500686247E9
S2050068630B24
S20500686463CB
S2050068650429
S2050068660626
S205006867002B
S20500686863C7
S20500686954D5
S20500686AD751
S20500686B2205
S20500686C0323
S20500686DA67F
S20500686E879D
S20500686F0C17
S205006870031F
S205006871A77A
S20500687247D9
S2050068730C13
S20500687463BB
S2050068750419
S2050068760616
S205006877001B
S20500687863B7
S20500687950C9
S20500687AD741
S20500687B22F5
S20500687C0313
S20500687DA66F
S20500687E878D
S20500687F0D06
S205006880030F
S205006881A76A
S20500688247C9
S2050068830D02
S20500688463AB
S2050068850409
S2050068860606
S205006887000B
S20500688863A7
S2050068895CAD
S20500688AD731
S20500688B20E7
S20500688C0303
S20500688DA65F
S20500688E877D
S20500688F0EF5
S20500689003FF
S205006891A75A
S20500689247B9
S2050068930EF1
S205006894639B
S20500689504F9
S20500689606F6
S20500689700FB
S2050068986397
S20500689958A1
S20500689AD721
S20500689B20D7
S20500689C03F3
S20500689DA64F
S20500689E876D
S20500689F0FE4
S2050068A003EF
S2050068A1A74A
S2050068A247A9
S2050068A30FE0
S2050068A4638B
S2050068A506E7
S2050068A606E6
S2050068A700EB
S2050068A813D7
S2050068A906E3
S2050068AAF0F8
S2050068AB00E7
S2050068AC6383
S2050068AD5A8B
S2050068AED70D
S2050068AF02E1
S2050068B037AB
S2050068B105DC
S2050068B210D0
S2050068B300DF
S2050068B413CB
S2050068B501DC
S2050068B601DB
S2050068B7FFDC
S2050068B813C7
S2050068B905D4
S2050068BAC513
S2050068BB3F98
S2050068BC23B3
S2050068BD26AF
S2050068BE11C3
S2050068BF00D3
S2050068C0EFE3
S2050068C1F0E1
S2050068C20FC1
S2050068C3D1FE
S2050068C4EFDF
S2050068C5F0DD
S2050068C69F2D
S2050068C7D9F2
S2050068C8EFDB
S2050068C9E0E9
S2050068CA8F39
S2050068CB8E39
S2050068CC8343
S2050068CD20A5
S2050068CEC103
S2050068CF00C3
S2050068D013AF
S2050068D105BC
S2050068D200C0
S2050068D300BF
S2050068D413AB
S2050068D501BC
S2050068D601BB
S2050068D701BA
S2050068D86753
S2050068D98039
S2050068DA00B8
S2050068DB00B7
S2050068DC13A3
S2050068DD06AF
S2050068DE00B4
S2050068DF00B3
S2050068E0139F
S2050068E1169B
S2050068E2466A
S2050068E300AF
S2050068E4337B
S2050068E58627
S2050068E6C7E5
S2050068E700AB
S2050068E803A7
S2050068E92881
S2050068EA06A2
S2050068EB00A7
S2050068EC2383
S2050068ED2481
S2050068EE069E
S2050068EF00A3
S2050068F0237F
S2050068F1227F
S2050068F2D6CA
S2050068F3009F
S2050068F4237B
S2050068F52677
S2050068F6B6E6
S2050068F7009B
S2050068F83367
S2050068F98613
S2050068FA0692
S2050068FB0196
S2050068FC6333
S2050068FDD2C3
S2050068FEE6AE
S2050068FF1083
S205006900830E
S205006901A5EB
S2050069028708
S205006903008E
S205006904632A
S2050069058606
S2050069060586
S205006907008A
S2050069088306
S205006909A5E3
S20500690A4740
S20500690B0086
S20500690C6322
S20500690D8EF6
S20500690E057E
S20500690F1C66
S20500691083FE
S205006911A5DB
S20500691287F8
S205006913017D
S205006914631A
S20500691586F6
S2050069160576
S205006917007A
S20500691883F6
S205006919A5D3
S20500691A4730
S20500691B0175
S20500691C6312
S20500691D8AEA
S20500691E056E
S20500691F1C56
S20500692083EE
S205006921A5CB
S20500692287E8
S205006923026C
S205006924630A
S20500692586E6
S2050069260566
S205006927006A
S20500692883E6
S205006929A5C3
S20500692A4720
S20500692B0264
S20500692C6302
S20500692D8ED6
S20500692E055E
S20500692F2042
S20500693083DE
S205006931A5BB
S20500693287D8
S205006933035B
S20500693463FA
S20500693586D6
S2050069360556
S205006937005A
S20500693883D6
S205006939A5B3
S20500693A4710
S20500693B0353
S20500693C63F2
S20500693D82D2
S20500693E054E
S20500693F2032
S20500694083CE
S205006941A5AB
S20500694287C8
S205006943044A
S20500694463EA
S20500694586C6
S2050069460546
S205006947004A
S20500694883C6
S205006949A5A3
S20500694A4700
S20500694B0442
S20500694C63E2
S20500694D86BE
S20500694E053E
S20500694F1E24
S20500695083BE
S205006951A59B
S20500695287B8
S2050069530539
S20500695463DA
S20500695586B6
S2050069560536
S205006957003A
S20500695883B6
S205006959A593
S20500695A47F0
S20500695B0531
S20500695C63D2
S20500695D8AAA
S20500695E052E
S20500695F1C16
S20500696083AE
S205006961A58B
S20500696287A8
S2050069630628
S20500696463CA
S20500696586A6
S2050069660526
S205006967002A
S20500696883A6
S205006969A583
S20500696A47E0
S20500696B0620
S20500696C63C2
S20500696D8E96
S20500696E051E
S20500696F1A08
S205006970839E
S205006971A57B
S2050069728798
S2050069730717
S20500697463BA
S2050069758696
S2050069760516
S205006977001A
S2050069788396
S205006979A573
S20500697A47D0
S20500697B070F
S20500697C63B2
S20500697D8292
S20500697E050E
S20500697F1AF8
S205006980838E
S205006981A56B
S2050069828788
S2050069830806
S20500698463AA
S2050069858686
S2050069860506
S205006987000A
S2050069888386
S205006989A563
S20500698A47C0
S20500698B08FE
S20500698C63A2
S20500698D867E
S20500698E05FE
S20500698F18EA
S205006990837E
S205006991A55B
S2050069928778
S20500699309F5
S205006994639A
S2050069958676
S20500699605F6
S20500699700FA
S2050069988376
S205006999A553
S20500699A47B0
S20500699B09ED
S20500699C6392
S20500699D8A6A
S20500699E05EE
S20500699F16DC
S2050069A0836E
S2050069A1A54B
S2050069A28768
S2050069A30AE4
S2050069A4638A
S2050069A58666
S2050069A605E6
S2050069A700EA
S2050069A88366
S2050069A9A543
S2050069AA47A0
S2050069AB0ADC
S2050069AC6382
S2050069AD8E56
S2050069AE05DE
S2050069AF14CE
S2050069B0835E
S2050069B1A53B
S2050069B28758
S2050069B30BD3
S2050069B4637A
S2050069B58656
S2050069B605D6
S2050069B700DA
S2050069B88356
S2050069B9A533
S2050069BA4790
S2050069BB0BCB
S2050069BC6372
S2050069BD8252
S2050069BE05CE
S2050069BF14BE
S2050069C0834E
S2050069C1A52B
S2050069C28748
S2050069C30CC2
S2050069C4636A
S2050069C58646
S2050069C605C6
S2050069C700CA
S2050069C88346
S2050069C9A523
S2050069CA4780
S2050069CB0CBA
S2050069CC6362
S2050069CD863E
S2050069CE05BE
S2050069CF12B0
S2050069D0833E
S2050069D1A51B
S2050069D28738
S2050069D30DB1
S2050069D4635A
S2050069D58636
S2050069D605B6
S2050069D700BA
S2050069D88336
S2050069D9A513
S2050069DA4770
S2050069DB0DA9
S2050069DC6352
S2050069DD8A2A
S2050069DE05AE
S2050069DF169C
S2050069E0832E
S2050069E1A50B
S2050069E28728
S2050069E30EA0
S2050069E4634A
S2050069E58626
S2050069E605A6
S2050069E700AA
S2050069E88326
S2050069E9A503
S2050069EA4760
S2050069EB0E98
S2050069EC6342
S2050069ED8A1A
S2050069EE059E
S2050069EF0E94
S2050069F0831E
S2050069F1A5FB
S2050069F28718
S2050069F30F8F
S2050069F4633A
S2050069F58616
S2050069F60596
S2050069F7009A
S2050069F88316
S2050069F9A5F3
S2050069FA4750
S2050069FB0F87
S2050069FC6332
S2050069FD8A0A
S2050069FE058E
S2050069FF0A88
S205006A00B7D9
S205006A011778
S205006A02107E
S205006A03008D
S205006A040389
S205006A05A5E6
S205006A06C7C3
S205006A0793F6
S205006A083751
S205006A091770
S205006A0A1076
S205006A0B0085
S205006A0C8301
S205006A0D255E
S205006A0E87FB
S205006A0F93EE
S205006A10B3CD
S205006A1186F9
S205006A12A6D8
S205006A13007D
S205006A142359
S205006A15AECD
S205006A16D7A3
S205006A1792E7
S205006A186315
S205006A19D4A3
S205006A1AD5A1
S205006A1B0075
S205006A1C2351
S205006A1D2C47
S205006A1ED79B
S205006A1F92DF
S205006A20B7B9
S205006A211758
S205006A22105E
S205006A23006D
S205006A240369
S205006A25A7C4
S205006A264723
S205006A2793D6
S205006A286305
S205006A295413
S205006A2AC79F
S205006A2B0065
S205006A2C2341
S205006A2DAAB9
S205006A2EC79B
S205006A2F92CF
S205006A30B7A9
S205006A311748
S205006A32104E
S205006A33005D
S205006A340359
S205006A35A5B6
S205006A3687D3
S205006A3780D9
S205006A383325
S205006A390552
S205006A3A0551
S205006A3B0154
S205006A3C67ED
S205006A3D80D3
S205006A3E0052
S205006A3F0051
S205006A40133D
S205006A410649
S205006A42103E
S205006A43004D
S205006A446FDD
S205006A45F05B
S205006A46DF6B
S205006A47E960
S205006A481335
S205006A490641
S205006A4A2026
S205006A4B0045
S205006A4C6FD5
S205006A4DF053
S205006A4E5FE3
S205006A4FE958
S205006A50132D
S205006A510639
S205006A52300E
S205006A53003D
S205006A546FCD
S205006A55F04B
S205006A56DF5B
S205006A57E851
S205006A581325
S205006A590631
S205006A5A40F6
S205006A5B0035
S205006A5C6FC5
S205006A5DF043
S205006A5E5FD3
S205006A5FE849
S205006A60131D
S205006A610629
S205006A6250DE
S205006A63002D
S205006A646FBD
S205006A65F03B
S205006A66DF4B
S205006A67E742
S205006A681315
S205006A690621
S205006A6A60C6
S205006A6B0025
S205006A6C6FB5
S205006A6DF033
S205006A6E5FC3
S205006A6FE73A
S205006A70130D
S205006A710619
S205006A7270AE
S205006A73001D
S205006A746FAD
S205006A75F02B
S205006A76DF3B
S205006A77E633
S205006A781305
S205006A790611
S205006A7A8096
S205006A7B0015
S205006A7C6FA5
S205006A7DF023
S205006A7E5FB3
S205006A7FE62B
S205006A8013FD
S205006A810609
S205006A82907E
S205006A83000D
S205006A846F9D
S205006A85F01B
S205006A86DF2B
S205006A87E524
S205006A8813F5
S205006A890601
S205006A8AA066
S205006A8B0005
S205006A8C6F95
S205006A8DF013
S205006A8E5FA3
S205006A8FE51C
S205006A9013ED
S205006A9106F9
S205006A92B04E
S205006A9300FD
S205006A946F8D
S205006A95F00B
S205006A96DF1B
S205006A97E415
S205006A9813E5
S205006A9906F1
S205006A9AC036
S205006A9B00F5
S205006A9C6F85
S205006A9DF003
S205006A9E5F93
S205006A9FE40D
S205006AA013DD
S205006AA106E9
S205006AA2D01E
S205006AA300ED
S205006AA46F7D
S205006AA5F0FB
S205006AA6DF0B
S205006AA7E306
S205006AA813D5
S205006AA906E1
S205006AAAE006
S205006AAB00E5
S205006AAC6F75
S205006AADF0F3
S205006AAE5F83
S205006AAFE3FE
S205006AB0934D
S205006AB105DA
S205006AB2F0EE
S205006AB300DD
S205006AB49349
S205006AB59546
S205006AB64595
S205006AB700D9
S205006AB8B325
S205006AB98750
S205006ABAB71F
S205006ABB00D5
S205006ABC33A1
S205006ABD07CC
S205006ABED7FB
S205006ABF4091
S205006AC023AD
S205006AC1A22D
S205006AC2E7E7
S205006AC300CD
S205006AC413B9
S205006AC507C4
S205006AC610BA
S205006AC700C9
S205006AC823A5
S205006AC9A423
S205006ACAE7DF
S205006ACB00C5
S205006ACC378D
S205006ACD07BC
S205006ACE10B2
S205006ACF00C1
S205006AD013AD
S205006AD107B8
S205006AD24777
S205006AD33F7E
S205006AD42399
S205006AD5A01B
S205006AD6C7F3
S205006AD700B9
S205006AD82395
S205006AD9A611
S205006ADAE7CF
S205006ADB00B5
S205006ADC6F45
S205006ADDF0C3
S205006ADE5F53
S205006ADFF2BF
S205006AE0931D
S205006AE105AA
S205006AE2E0CE
S205006AE300AD
S205006AE46F3D
S205006AE5F0BB
S205006AE61F8B
S205006AE7FDAC
S205006AE89315
S205006AE905A2
S205006AEA00A6
S205006AEB00A5
S205006AEC6F35
S205006AEDF0B3
S205006AEE9F03
S205006AEFFCA5
S205006AF0930D
S205006AF1059A
S205006AF2108E
S205006AF3009D
S205006AF46F2D
S205006AF5F0AB
S205006AF61F7B
S205006AF7FC9D
S205006AF89305
S205006AF90592
S205006AFAC0D6
S205006AFB0095
S205006AFC6F25
S205006AFDF0A3
S205006AFE9FF3
S205006AFFFB96
S205006B0093FC
S205006B010589
S205006B02B0DD
S205006B03008C
S205006B046F1C
S205006B05F09A
S205006B061F6A
S205006B07FB8D
S205006B0893F4
S205006B090581
S205006B0AA0E5
S205006B0B0084
S205006B0C6F14
S205006B0DF092
S205006B0E9FE2
S205006B0FFA86
S205006B1093EC
S205006B110579
S205006B1290ED
S205006B13007C
S205006B146F0C
S205006B15F08A
S205006B161F5A
S205006B17FA7E
S205006B1893E4
S205006B190571
S205006B1A80F5
S205006B1B0074
S205006B1C6F04
S205006B1DF082
S205006B1E9FD2
S205006B1FF977
S205006B2093DC
S205006B210569
S205006B2270FD
S205006B23006C
S205006B246FFC
S205006B25F07A
S205006B261F4A
S205006B27F96F
S205006B2893D4
S205006B290561
S205006B2A6005
S205006B2B0064
S205006B2C6FF4
S205006B2DF072
S205006B2E9FC2
S205006B2FF868
S205006B3093CC
S205006B310559
S205006B32500D
S205006B33005C
S205006B346FEC
S205006B35F06A
S205006B361F3A
S205006B37F860
S205006B3893C4
S205006B390551
S205006B3A4015
S205006B3B0054
S205006B3C6FE4
S205006B3DF062
S205006B3E9FB2
S205006B3FF759
S205006B4093BC
S205006B410549
S205006B42301D
S205006B43004C
S205006B446FDC
S205006B45F05A
S205006B461F2A
S205006B47F751
S205006B4893B4
S205006B490541
S205006B4A2025
S205006B4B0044
S205006B4C6FD4
S205006B4DF052
S205006B4E9FA2
S205006B4FF64A
S205006B5093AC
S205006B510539
S205006B52D06D
S205006B53003C
S205006B546FCC
S205006B55F04A
S205006B561F1A
S205006B57F642
S205006B5863D4
S205006B590234
S205006B5A0530
S205006B5B2E06
S205006B5C1320
S205006B5D0131
S205006B5E0130
S205006B5FFE32
S205006B60230C
S205006B612C02
S205006B6281AC
S205006B63002C
S205006B6437F4
S205006B651416
S205006B661019
S205006B670028
S205006B682304
S205006B692AFC
S205006B6A9194
S205006B6B0024
S205006B6CB76C
S205006B6D170B
S205006B6E1011
S205006B6F0020
S205006B70938C
S205006B71041A
S205006B720419
S205006B73819B
S205006B748398
S205006B75A674
S205006B768792
S205006B778098
S205006B7823F4
S205006B7928EE
S205006B7A21F4
S205006B7B0113
S205006B7C0310
S205006B7DA969
S205006B7E848D
S205006B7F0010
S205006B8023EC
S205006B8120EE
S205006B8261AC
S205006B83010B
S205006B8423E8
S205006B852EDC
S205006B8611F8
S205006B870008
S205006B8823E4
S205006B8926E0
S205006B8A31D4
S205006B8B0103
S205006B8C23E0
S205006B8D24DE
S205006B8E41C0
S205006B8F01FF
S205006B9023DC
S205006B9122DC
S205006B9251AC
S205006B9301FB
S205006B9413E8
S205006B9506F4
S205006B9605F4
S205006B9700F8
S205006B9813E4
S205006B998B6B
S205006B9A05F0
S205006B9B00F4
S205006B9CB340
S205006B9D06EC
S205006B9ED51C
S205006B9F40B0
S205006BA0638C
S205006BA116D8
S205006BA209E4
S205006BA300EC
S205006BA48368
S205006BA5A743
S205006BA604E5
S205006BA700E8
S205006BA86384
S205006BA98C5A
S205006BAAF6EF
S205006BAB22C2
S205006BAC8360
S205006BADA73B
S205006BAE845D
S205006BAF01DF
S205006BB0637C
S205006BB19648
S205006BB207D6
S205006BB300DC
S205006BB48358
S205006BB5A733
S205006BB604D5
S205006BB701D7
S205006BB86374
S205006BB98452
S205006BBAF6DF
S205006BBB28AC
S205006BBC8350
S205006BBDA72B
S205006BBE844D
S205006BBF02CE
S205006BC0636C
S205006BC19638
S205006BC207C6
S205006BC300CC
S205006BC48348
S205006BC5A723
S205006BC604C5
S205006BC702C6
S205006BC86364
S205006BC98442
S205006BCAD7EE
S205006BCB289C
S205006BCC8340
S205006BCDA71B
S205006BCE843D
S205006BCF03BD
S205006BD0635C
S205006BD19628
S205006BD207B6
S205006BD300BC
S205006BD48338
S205006BD5A713
S205006BD604B5
S205006BD703B5
S205006BD86354
S205006BD9882E
S205006BDAF6BF
S205006BDB268E
S205006BDC8330
S205006BDDA70B
S205006BDE842D
S205006BDF04AC
S205006BE0634C
S205006BE19618
S205006BE207A6
S205006BE300AC
S205006BE48328
S205006BE5A703
S205006BE604A5
S205006BE704A4
S205006BE86344
S205006BE98C1A
S205006BEAF6AF
S205006BEB267E
S205006BEC8320
S205006BEDA7FB
S205006BEE841D
S205006BEF059B
S205006BF0633C
S205006BF19608
S205006BF20796
S205006BF3009C
S205006BF48318
S205006BF5A7F3
S205006BF60495
S205006BF70593
S205006BF86334
S205006BF9880E
S205006BFAF69F
S205006BFB266E
S205006BFC8310
S205006BFDA7EB
S205006BFE840D
S205006BFF068A
S205006C00632B
S205006C0196F7
S205006C020785
S205006C03008B
S205006C048307
S205006C05A7E2
S205006C060484
S205006C070681
S205006C086323
S205006C0988FD
S205006C0AF68E
S205006C0B245F
S205006C0C83FF
S205006C0DA7DA
S205006C0E84FC
S205006C0F0778
S205006C10631B
S205006C1196E7
S205006C120775
S205006C13007B
S205006C1483F7
S205006C15A7D2
S205006C160474
S205006C170770
S205006C186313
S205006C1984F1
S205006C1AF67E
S205006C1B264D
S205006C1C83EF
S205006C1DA7CA
S205006C1E84EC
S205006C1F0867
S205006C20630B
S205006C2196D7
S205006C220765
S205006C23006B
S205006C2483E7
S205006C25A7C2
S205006C260464
S205006C27085F
S205006C286303
S205006C2984E1
S205006C2AF66E
S205006C2B243F
S205006C2C83DF
S205006C2DA7BA
S205006C2E84DC
S205006C2F0956
S205006C3063FB
S205006C3196C7
S205006C320755
S205006C33005B
S205006C3483D7
S205006C35A7B2
S205006C360454
S205006C37094E
S205006C3863F3
S205006C3980D5
S205006C3AF65E
S205006C3B242F
S205006C3C83CF
S205006C3DA7AA
S205006C3E84CC
S205006C3F0A45
S205006C4063EB
S205006C4196B7
S205006C420745
S205006C43004B
S205006C4483C7
S205006C45A7A2
S205006C460444
S205006C470A3D
S205006C4863E3
S205006C4988BD
S205006C4AF64E
S205006C4B241F
S205006C4C83BF
S205006C4DA79A
S205006C4E84BC
S205006C4F0B34
S205006C5063DB
S205006C5196A7
S205006C520735
S205006C53003B
S205006C5483B7
S205006C55A792
S205006C560434
S205006C570B2C
S205006C5863D3
S205006C5988AD
S205006C5AF63E
S205006C5B2211
S205006C5C83AF
S205006C5DA78A
S205006C5E84AC
S205006C5F0C23
S205006C6063CB
S205006C619697
S205006C620725
S205006C63002B
S205006C6483A7
S205006C65A782
S205006C660424
S205006C670C1B
S205006C6863C3
S205006C6984A1
S205006C6AF62E
S205006C6B2201
S205006C6C839F
S205006C6DA77A
S205006C6E849C
S205006C6F0D12
S205006C7063BB
S205006C719687
S205006C720715
S205006C73001B
S205006C748397
S205006C75A772
S205006C760414
S205006C770D0A
S205006C7863B3
S205006C79888D
S205006C7AF61E
S205006C7B22F1
S205006C7C838F
S205006C7DA76A
S205006C7E848C
S205006C7F0E01
S205006C8063AB
S205006C819677
S205006C820705
S205006C83000B
S205006C848387
S205006C85A762
S205006C860404
S205006C870EF9
S205006C8863A3
S205006C898C79
S205006C8AF60E
S205006C8B20E3
S205006C8C837F
S205006C8DA75A
S205006C8E847C
S205006C8F0FF0
S205006C90639B
S205006C91827B
S205006C9207F5
S205006C9314E7
S205006C9437C3
S205006C9505F4
S205006C9610E8
S205006C9700F7
S205006C989363
S205006C9905F0
S205006C9A0BE9
S205006C9B00F3
S205006C9C13DF
S205006C9D05EC
S205006C9E45AB
S205006C9F43AC
S205006CA0EFFF
S205006CA1F0FD
S205006CA20FDD
S205006CA39358
S205006CA4EFFB
S205006CA5F0F9
S205006CA69F49
S205006CA79B4C
S205006CA8EFF7
S205006CA9D015
S205006CAA9F45
S205006CABD013
S205006CAC13CF
S205006CAD09D8
S205006CAEF0F0
S205006CAFFFE0
S205006CB0934B
S205006CB109D4
S205006CB200DC
S205006CB300DB
S205006CB413C7
S205006CB50ACF
S205006CB600D8
S205006CB7FFD8
S205006CB8B323
S205006CB9874E
S205006CBA4490
S205006CBB01D2
S205006CBC834F
S205006CBDAA27
S205006CBEC709
S205006CBF00CF
S205006CC013BB
S205006CC105C8
S205006CC20BC1
S205006CC300CB
S205006CC49337
S205006CC58544
S205006CC60ABE
S205006CC700C7
S205006CC8EFD7
S205006CC9C005
S205006CCACFF5
S205006CCBF2D1
S205006CCC635F
S205006CCD0CB5
S205006CCE05BB
S205006CCF00BF
S205006CD0B707
S205006CD105B8
S205006CD210AC
S205006CD300BB
S205006CD49327
S205006CD58534
S205006CD605B3
S205006CD7496E
S205006CD813A3
S205006CD905B0
S205006CDA0BA9
S205006CDB00B3
S205006CDCEFC3
S205006CDDC0F1
S205006CDE8F21
S205006CDFF1BE
S205006CE0634B
S205006CE11E8F
S205006CE205A7
S205006CE31299
S205006CE43773
S205006CE507A2
S205006CE61098
S205006CE700A7
S205006CE8B3F3
S205006CE9871E
S205006CEA4460
S205006CEB01A2
S205006CEC138F
S205006CED079A
S205006CEE4759
S205006CEF3F60
S205006CF0930B
S205006CF10499
S205006CF20498
S205006CF3811A
S205006CF42377
S205006CF5A6F3
S205006CF6E7B1
S205006CF70097
S205006CF81383
S205006CF90E87
S205006CFA0094
S205006CFB0093
S205006CFC137F
S205006CFD078A
S205006CFE048C
S205006CFF810E
S205006D0093FA
S205006D010785
S205006D02008B
S205006D03008A
S205006D0493F6
S205006D050E7A
S205006D060087
S205006D070086
S205006D081372
S205006D090F75
S205006D0A0083
S205006D0B0082
S205006D0C136E
S205006D0D037D
S205006D0E007F
S205006D0F007E
S205006D10B3CA
S205006D1188F4
S205006D124437
S205006D130179
S205006D141366
S205006D150672
S205006D160077
S205006D170175
S205006D186312
S205006D190A6A
S205006D1AF97A
S205006D1B0270
S205006D1C83EE
S205006D1D264A
S205006D1E87E8
S205006D1F006E
S205006D20630A
S205006D2186E6
S205006D220665
S205006D230268
S205006D2483E6
S205006D252642
S205006D264720
S205006D270066
S205006D286302
S205006D2982E2
S205006D2A065D
S205006D2B0260
S205006D2C035E
S205006D2D253B
S205006D2E0758
S205006D2F005E
S205006D3083DA
S205006D31A5B7
S205006D320853
S205006D33005A
S205006D34B3A6
S205006D3586D2
S205006D36A6B1
S205006D370056
S205006D383322
S205006D3988CC
S205006D3AB99A
S205006D3B0052
S205006D3C63EE
S205006D3D86CA
S205006D3EB699
S205006D3F0846
S205006D4063EA
S205006D411636
S205006D420546
S205006D430149
S205006D441336
S205006D458EBA
S205006D460740
S205006D470046
S205006D4893B2
S205006D490E36
S205006D4A1033
S205006D4B0042
S205006D4C93AE
S205006D4D87B9
S205006D4E1728
S205006D4F003E
S205006D50132A
S205006D510735
S205006D520734
S205006D530139
S205006D54E356
S205006D5592A6
S205006D56C770
S205006D57FC3A
S205006D58B382
S205006D5967CD
S205006D5AD360
S205006D5B0131
S205006D5C63CE
S205006D5D8AA6
S205006D5E0728
S205006D5F022C
S205006D60B37A
S205006D6187A5
S205006D6244E7
S205006D630129
S205006D640326
S205006D65A781
S205006D6647E0
S205006D670026
S205006D6863C2
S205006D690A1A
S205006D6A0320
S205006D6B081A
S205006D6C130E
S205006D6D1907
S205006D6E4FD0
S205006D6F001E
S205006D70B36A
S205006D718696
S205006D7224F7
S205006D730119
S205006D748396
S205006D75A672
S205006D7646D1
S205006D770016
S205006D7823F2
S205006D79A074
S205006D7A070C
S205006D7B0012
S205006D7C23EE
S205006D7DA26E
S205006D7E0708
S205006D7F000E
S205006D8033DA
S205006D810705
S205006D82D734
S205006D83000A
S205006D8463A6
S205006D859A6E
S205006D860EF9
S205006D870600
S205006D88B352
S205006D898480
S205006D8A24DF
S205006D8B0101
S205006D8C23DE
S205006D8DA25E
S205006D8EE41B
S205006D8F00FE
S205006D9037C6
S205006D9117E5
S205006D9210EB
S205006D9300FA
S205006D948376
S205006D9527D1
S205006D96C730
S205006D979363
S205006D988372
S205006D9920D4
S205006D9AC132
S205006D9B01F1
S205006D9C03EE
S205006D9D24CC
S205006D9E816E
S205006D9F01ED
S205006DA0B33A
S205006DA18765
S205006DA237B4
S205006DA341A9
S205006DA423C6
S205006DA52EBA
S205006DA6F7F0
S205006DA79254
S205006DA88362
S205006DA924C0
S205006DAA41A2
S205006DAB01E1
S205006DAC03DE
S205006DAD29B7
S205006DAE01DE
S205006DAF01DD
S205006DB0835A
S205006DB129B3
S205006DB2C11A
S205006DB300DA
S205006DB403D6
S205006DB52AAE
S205006DB68156
S205006DB700D6
S205006DB88352
S205006DB92AAA
S205006DBA4192
S205006DBB00D2
S205006DBC03CE
S205006DBD2BA5
S205006DBE01CE
S205006DBF00CE
S205006DC013BA
S205006DC101CB
S205006DC201CA
S205006DC302C8
S205006DC46762
S205006DC58048
S205006DC600C7
S205006DC700C6
S205006DC813B2
S205006DC98F35
S205006DCA07BC
S205006DCB00C2
S205006DCC13AE
S205006DCD03BD
S205006DCE10AF
S205006DCF00BE
S205006DD06F4E
S205006DD1F0CC
S205006DD2DFDC
S205006DD3F7C3
S205006DD48336
S205006DD5A711
S205006DD604B3
S205006DD70FA7
S205006DD813A2
S205006DD909AB
S205006DDAF0C3
S205006DDB00B2
S205006DDCE3CE
S205006DDD9C14
S205006DDED7D8
S205006DDFEAC4
S205006DE0139A
S205006DE11A92
S205006DE24962
S205006DE300AA
S205006DE4B3F6
S205006DE58721
S205006DE64463
S205006DE701A5
S205006DE81392
S205006DE9079D
S205006DEA1093
S205006DEB00A2
S205006DEC831E
S205006DEDA9F7
S205006DEE4758
S205006DEF009E
S205006DF0237A
S205006DF1A4F8
S205006DF2E7B4
S205006DF3009A
S205006DF46F2A
S205006DF5F0A8
S205006DF65F38
S205006DF7ECAA
S205006DF81382
S205006DF9098B
S205006DFA0F84
S205006DFB0092
S205006DFC93FE
S205006DFD1779
S205006DFE4E41
S205006DFF008E
S205006E00B3D9
S205006E018704
S205006E02F496
S205006E030089
S205006E048305
S205006E05A6E1
S205006E06473F
S205006E070085
S205006E082361
S205006E09A0E3
S205006E0A077B
S205006E0B0081
S205006E0C235D
S205006E0DA2DD
S205006E0E0777
S205006E0F007D
S205006E103349
S205006E110774
S205006E12D7A3
S205006E130079
S205006E141365
S205006E15195E
S205006E16492D
S205006E170075
S205006E186F05
S205006E19F083
S205006E1A1F53
S205006E1BF77A
S205006E1C3739
S205006E1D056A
S205006E1E105E
S205006E1F006D
S205006E201359
S205006E2186E5
S205006E220A60
S205006E230069
S205006E2493D5
S205006E250562
S205006E260B5B
S205006E270065
S205006E281351
S205006E29055E
S205006E2A85DD
S205006E2B4918
S205006E2CEF71
S205006E2DE07F
S205006E2E5FFF
S205006E2FFA63
S205006E30EF6D
S205006E31F06B
S205006E32DF7B
S205006E3382D7
S205006E34EF69
S205006E35D087
S205006E36DF77
S205006E37B79E
S205006E386FE5
S205006E39F063
S205006E3ADF73
S205006E3BEA67
S205006E3C67E9
S205006E3D80CF
S205006E3E004E
S205006E3F004D
S205006E401339
S205006E410942
S205006E42103A
S205006E430049
S205006E446FD9
S205006E45F057
S205006E46DF67
S205006E47F94C
S205006E481331
S205006E49093A
S205006E4A3012
S205006E4B0041
S205006E4C6FD1
S205006E4DF04F
S205006E4E5FDF
S205006E4FF944
S205006E501329
S205006E510932
S205006E52201A
S205006E530039
S205006E546FC9
S205006E55F047
S205006E56DF57
S205006E57F83D
S205006E581321
S205006E59092A
S205006E5A60D2
S205006E5B0031
S205006E5C6FC1
S205006E5DF03F
S205006E5E5FCF
S205006E5FF835
S205006E601319
S205006E610922
S205006E6240EA
S205006E630029
S205006E646FB9
S205006E65F037
S205006E66DF47
S205006E67F72E
S205006E681311
S205006E69091A
S205006E6A50D2
S205006E6B0021
S205006E6C6FB1
S205006E6DF02F
S205006E6E5FBF
S205006E6FF726
S205006E701309
S205006E710912
S205006E72809A
S205006E730019
S205006E746FA9
S205006E75F027
S205006E76DF37
S205006E77F61F
S205006E781301
S205006E79090A
S205006E7A9082
S205006E7B0011
S205006E7C6FA1
S205006E7DF01F
S205006E7E5FAF
S205006E7FF617
S205006E8013F9
S205006E810902
S205006E82709A
S205006E830009
S205006E846F99
S205006E85F017
S205006E86DF27
S205006E87F510
S205006E8813F1
S205006E8909FA
S205006E8AB052
S205006E8B0001
S205006E8C6F91
S205006E8DF00F
S205006E8E5F9F
S205006E8FF508
S205006E9013E9
S205006E9109F2
S205006E92C03A
S205006E9300F9
S205006E946F89
S205006E95F007
S205006E96DF17
S205006E97F401
S205006E9813E1
S205006E9909EA
S205006E9AA052
S205006E9B00F1
S205006E9C6F81
S205006E9DF0FF
S205006E9E5F8F
S205006E9FF4F9
S205006EA013D9
S205006EA109E2
S205006EA2E00A
S205006EA300E9
S205006EA46F79
S205006EA5F0F7
S205006EA6DF07
S205006EA7F3F2
S205006EA813D1
S205006EA909DA
S205006EAAD012
S205006EAB00E1
S205006EAC6F71
S205006EADF0EF
S205006EAE5F7F
S205006EAFF3EA
S205006EB0B725
S205006EB105D6
S205006EB210CA
S205006EB300D9
S205006EB413C5
S205006EB501D6
S205006EB601D5
S205006EB7FED7
S205006EB89341
S205006EB9854E
S205006EBA05CD
S205006EBB28A9
S205006EBC13BD
S205006EBD05CA
S205006EBEC00E
S205006EBF7A53
S205006EC023A9
S205006EC12E9D
S205006EC211B9
S205006EC300C9
S205006EC423A5
S205006EC52C9B
S205006EC68145
S205006EC700C5
S205006EC823A1
S205006EC92A99
S205006ECA9131
S205006ECB00C1
S205006ECCEFD1
S205006ECDF0CF
S205006ECE1F9F
S205006ECF8D30
S205006ED013A9
S205006ED104B7
S205006ED205B5
S205006ED300B9
S205006ED4B701
S205006ED504B3
S205006ED610A6
S205006ED700B5
S205006ED8377D
S205006ED905AE
S205006EDA10A2
S205006EDB00B1
S205006EDC139D
S205006EDD8629
S205006EDE04AA
S205006EDF4D60
S205006EE09319
S205006EE105A6
S205006EE2C0EA
S205006EE37A2F
S205006EE41395
S205006EE505A2
S205006EE6C5E1
S205006EE75154
S205006EE8EFB5
S205006EE9E0C3
S205006EEA9F03
S205006EEBEEB3
S205006EEC138D
S205006EED851A
S205006EEE049A
S205006EEF4D50
S205006EF01389
S205006EF10695
S205006EF20496
S205006EF30099
S205006EF49305
S205006EF50592
S205006EF6C1D5
S205006EF70095
S205006EF81381
S205006EF9078C
S205006EFA3062
S205006EFB0091
S205006EFC93FD
S205006EFD0689
S205006EFEC0CE
S205006EFF7A13
S205006F00EF9C
S205006F01F09A
S205006F024F3A
S205006F03E5A3
S205006F048304
S205006F052066
S205006F06C1C4
S205006F070183
S205006F081370
S205006F09057D
S205006F0A047D
S205006F0B0080
S205006F0C037C
S205006F0D245A
S205006F0E81FC
S205006F0F017B
S205006F1083F8
S205006F112456
S205006F124138
S205006F130177
S205006F141364
S205006F150175
S205006F160174
S205006F170272
S205006F18670C
S205006F1980F2
S205006F1A0071
S205006F1B0070
S205006F1C135C
S205006F1D016D
S205006F1E016C
S205006F1FFE6E
S205006F202348
S205006F212C3E
S205006F2281E8
S205006F230068
S205006F242344
S205006F252A3C
S205006F2691D4
S205006F270064
S205006F282340
S205006F292E34
S205006F2A1150
S205006F2B0060
S205006F2C134C
S205006F2D0856
S205006F2EA0BD
S205006F2F015B
S205006F301348
S205006F310456
S205006F320653
S205006F330058
S205006F3493C4
S205006F3584D2
S205006F36064F
S205006F370054
S205006F3863F0
S205006F390250
S205006F3A054C
S205006F3B054B
S205006F3C133C
S205006F3D0648
S205006F3E1538
S205006F3F0646
S205006F401338
S205006F4176D4
S205006F42F653
S205006F430F39
S205006F4463E4
S205006F451036
S205006F46073E
S205006F470440
S205006F4893B0
S205006F49063C
S205006F4A0041
S205006F4B023E
S205006F4C63DC
S205006F4D8EB0
S205006F4E0538
S205006F4F0735
S205006F5063D8
S205006F511E1C
S205006F52B584
S205006F531028
S205006F543700
S205006F550531
S205006F561025
S205006F570034
S205006F5893A0
S205006F59052D
S205006F5A042D
S205006F5B0030
S205006F5C131C
S205006F5D0529
S205006F5E0528
S205006F5F56D6
S205006F60EF3C
S205006F61E04A
S205006F621F0A
S205006F63E741
S205006F6463C4
S205006F659492
S205006F660421
S205006F67081C
S205006F6883A0
S205006F692002
S205006F6AC160
S205006F6B011F
S205006F6C031C
S205006F6D24FA
S205006F6E819C
S205006F6F011B
S205006F708398
S205006F7124F6
S205006F7241D8
S205006F730117
S205006F741304
S205006F750115
S205006F760114
S205006F770212
S205006F7867AC
S205006F798092
S205006F7A0011
S205006F7B0010
S205006F7C63AC
S205006F7D0E00
S205006F7E0706
S205006F7F020A
S205006F8013F8
S205006F810604
S205006F820009
S205006F830206
S205006F8463A4
S205006F850EF8
S205006F860401
S205006F870AFA
S205006F8837CC
S205006F8905FD
S205006F8A10F1
S205006F8B0000
S205006F8C936C
S205006F8D05F9
S205006F8E06F7
S205006F8F00FC
S205006F9013E8
S205006F9105F5
S205006F928574
S205006F9355A3
S205006F94EF08
S205006F95E016
S205006F96DF16
S205006F97E311
S205006F98E310
S205006F99886A
S205006F9A04ED
S205006F9BFCF4
S205006F9C03EC
S205006F9D24CA
S205006F9E816C
S205006F9F01EB
S205006FA08368
S205006FA120CA
S205006FA2C128
S205006FA301E7
S205006FA48364
S205006FA524C2
S205006FA641A4
S205006FA701E3
S205006FA837AC
S205006FA905DD
S205006FAA10D1
S205006FAB00E0
S205006FAC13CC
S205006FAD05D9
S205006FAEC518
S205006FAF5587
S205006FB013C8
S205006FB101D9
S205006FB201D8
S205006FB302D6
S205006FB46F68
S205006FB5E0F6
S205006FB6DFF6
S205006FB7E1F3
S205006FB86370
S205006FB98052
S205006FBAA52C
S205006FBB0CC4
S205006FBC933C
S205006FBD8747
S205006FBE15B8
S205006FBF06C6
S205006FC09338
S205006FC1F6D4
S205006FC2F7D2
S205006FC30FB9
S205006FC413B4
S205006FC506C0
S205006FC600C5
S205006FC702C2
S205006FC8378C
S205006FC917AB
S205006FCA10B1
S205006FCB00C0
S205006FCC833C
S205006FCD2797
S205006FCE07B6
S205006FCF9428
S205006FD03784
S205006FD105B5
S205006FD210A9
S205006FD300B8
S205006FD49324
S205006FD505B1
S205006FD604B1
S205006FD700B4
S205006FD89320
S205006FD9872B
S205006FDA179A
S205006FDB00B0
S205006FDC139C
S205006FDD05A9
S205006FDE4568
S205006FDF5755
S205006FE02388
S205006FE1208A
S205006FE2F7B2
S205006FE39414
S205006FE4EFB8
S205006FE5E0C6
S205006FE6DFC6
S205006FE7DEC6
S205006FE8E3C0
S205006FE98022
S205006FEA049D
S205006FEBF8A8
S205006FECB7E8
S205006FED1787
S205006FEE108D
S205006FEF009C
S205006FF08318
S205006FF1A4F6
S205006FF20792
S205006FF39404
S205006FF41384
S205006FF50492
S205006FF61481
S205006FF70094
S205006FF8B3E0
S205006FF9048E
S205006FFA94FD
S205006FFB4050
S205006FFC137C
S205006FFD8509
S205006FFE0489
S205006FFF008C
S205007000EF9B
S205007001B0D9
S2050070025F29
S205007003C6C1
S205007004B7CF
S205007005176E
S2050070061074
S2050070070083
S20500700883FF
S205007009A5DC
S20500700A0779
S20500700B80FF
S20500700CEF8F
S20500700DB0CD
S20500700EDF9D
S20500700F84F7
S205007010EF8B
S205007011B0C9
S205007012DF99
S205007013D6A1
S20500701493E3
S20500701587EE
S205007016056F
S2050070170073
S20500701893DF
S205007019056C
S20500701A046C
S20500701B006F
S20500701C036B
S20500701D2449
S20500701E81EB
S20500701F016A
S20500702083E7
S2050070212049
S205007022C1A7
S2050070230166
S2050070241353
S20500702586DF
S2050070260460
S2050070270063
S20500702883DF
S205007029243D
S20500702A411F
S20500702B015E
S20500702C134B
S20500702D0756
S20500702E0557
S20500702F005B
S2050070303723
S2050070310554
S2050070321048
S2050070330057
S2050070341343
S2050070350550
S205007036054F
S2050070375AF9
S205007038133F
S2050070390150
S20500703A014F
S20500703B024D
S20500703C6FDF
S20500703DE06D
S20500703E5FED
S20500703FD972
S2050070403713
S2050070410544
S2050070421038
S2050070430047
S2050070441333
S2050070450540
S20500704645FF
S20500704754EF
S205007048231F
S205007049261B
S20500704AC17F
S20500704B003F
S20500704CEF4F
S20500704DE05D
S20500704E5FDD
S20500704FD863
S2050070500337
S2050070512613
S205007052C177
S2050070530037
S20500705437FF
S2050070550530
S2050070561024
S2050070570033
S205007058131F
S205007059052C
S20500705A85AB
S20500705B55DA
S20500705C939B
S20500705D0528
S20500705E0626
S20500705F002B
S205007060EF3B
S205007061E049
S2050070621F09
S205007063D750
S205007064E343
S20500706582A3
S2050070660420
S205007067F033
S2050070686FB3
S205007069F031
S20500706A5FC1
S20500706BF32C
S20500706C938B
S20500706D8796
S20500706E1507
S20500706F0615
S2050070709387
S205007071F623
S205007072F721
S2050070730F08
S2050070746FA7
S205007075F025
S2050070765FB5
S205007077F51E
S20500707813FF
S205007079060B
S20500707A0010
S20500707B020D
S20500707C6F9F
S20500707DF01D
S20500707E9F6D
S20500707FED1E
S20510000010DA
S2051000010FDA
S20510000200E8
S20510000300E7
S205100004BC2A
S2051000050DD8
S20510000600E4
S20510000700E3
S205100008687A
S2051000090DD4
S20510000A00E0
S20510000B00DF
S20510000CBC22
S20510000D0ECF
S20510000E00DC
S20510000F00DB
S2051000106872
S2051000110DCC
S20510001200D8
S20510001300D7
S205100014CC0A
S2051000150DC8
S20510001600D4
S20510001700D3
S205100018686A
S2051000190DC4
S20510001A00D0
S20510001B00CF
S20510001CBC12
S20510001D0EBF
S20510001E00CC
S20510001F00CB
S205100020BC0E
S2051000210DBC
S20510002200C8
S20510002300C7
S205100024BC0A
S2051000250DB8
S20510002600C4
S20510002700C3
S205100028CCF6
S2051000290DB4
S20510002A00C0
S20510002B00BF
S20510002CBC02
S20510002D0EAF
S20510002E00BC
S20510002F00BB
S2051000304872
S2051000310EAB
S20510003200B8
S20510003300B7
S205100034486E
S2051000350EA7
S20510003600B4
S20510003700B3
S205100038486A
S2051000390EA3
S20510003A00B0
S20510003B00AF
S20510003CCCE2
S20510003D0DA0
S20510003E00AC
S20510003F00AB
S20510004000AA
S20510004101A8
S20510004202A6
S20510004302A5
S20510004403A3
S20510004503A2
S20510004603A1
S20510004703A0
S205100048049E
S205100049049D
S20510004A049C
S20510004B049B
S20510004C049A
S20510004D0499
S20510004E0498
S20510004F0497
S2051000500595
S2051000510594
S2051000520593
S2051000530592
S2051000540591
S2051000550590
S205100056058F
S205100057058E
S205100058058D
S205100059058C
S20510005A058B
S20510005B058A
S20510005C0589
S20510005D0588
S20510005E0587
S20510005F0586
S2051000600684
S2051000610683
S2051000620682
S2051000630681
S2051000640680
S205100065067F
S205100066067E
S205100067067D
S205100068067C
S205100069067B
S20510006A067A
S20510006B0679
S20510006C0678
S20510006D0677
S20510006E0676
S20510006F0675
S2051000700674
S2051000710673
S2051000720672
S2051000730671
S2051000740670
S205100075066F
S205100076066E
S205100077066D
S205100078066C
S205100079066B
S20510007A066A
S20510007B0669
S20510007C0668
S20510007D0667
S20510007E0666
S20510007F0665
S2051000800763
S2051000810762
S2051000820761
S2051000830760
S205100084075F
S205100085075E
S205100086075D
S205100087075C
S205100088075B
S205100089075A
S20510008A0759
S20510008B0758
S20510008C0757
S20510008D0756
S20510008E0755
S20510008F0754
S2051000900753
S2051000910752
S2051000920751
S2051000930750
S205100094074F
S205100095074E
S205100096074D
S205100097074C
S205100098074B
S205100099074A
S20510009A0749
S20510009B0748
S20510009C0747
S20510009D0746
S20510009E0745
S20510009F0744
S2051000A00743
S2051000A10742
S2051000A20741
S2051000A30740
S2051000A4073F
S2051000A5073E
S2051000A6073D
S2051000A7073C
S2051000A8073B
S2051000A9073A
S2051000AA0739
S2051000AB0738
S2051000AC0737
S2051000AD0736
S2051000AE0735
S2051000AF0734
S2051000B00733
S2051000B10732
S2051000B20731
S2051000B30730
S2051000B4072F
S2051000B5072E
S2051000B6072D
S2051000B7072C
S2051000B8072B
S2051000B9072A
S2051000BA0729
S2051000BB0728
S2051000BC0727
S2051000BD0726
S2051000BE0725
S2051000BF0724
S2051000C00822
S2051000C10821
S2051000C20820
S2051000C3081F
S2051000C4081E
S2051000C5081D
S2051000C6081C
S2051000C7081B
S2051000C8081A
S2051000C90819
S2051000CA0818
S2051000CB0817
S2051000CC0816
S2051000CD0815
S2051000CE0814
S2051000CF0813
S2051000D00812
S2051000D10811
S2051000D20810
S2051000D3080F
S2051000D4080E
S2051000D5080D
S2051000D6080C
S2051000D7080B
S2051000D8080A
S2051000D90809
S2051000DA0808
S2051000DB0807
S2051000DC0806
S2051000DD0805
S2051000DE0804
S2051000DF0803
S2051000E00802
S2051000E10801
S2051000E20800
S2051000E308FF
S2051000E408FE
S2051000E508FD
S2051000E608FC
S2051000E708FB
S2051000E808FA
S2051000E908F9
S2051000EA08F8
S2051000EB08F7
S2051000EC08F6
S2051000ED08F5
S2051000EE08F4
S2051000EF08F3
S2051000F008F2
S2051000F108F1
S2051000F208F0
S2051000F308EF
S2051000F408EE
S2051000F508ED
S2051000F608EC
S2051000F708EB
S2051000F808EA
S2051000F908E9
S2051000FA08E8
S2051000FB08E7
S2051000FC08E6
S2051000FD08E5
S2051000FE08E4
S2051000FF08E3
S20510010008E1
S20510010108E0
S20510010208DF
S20510010308DE
S20510010408DD
S20510010508DC
S20510010608DB
S20510010708DA
S20510010808D9
S20510010908D8
S20510010A08D7
S20510010B08D6
S20510010C08D5
S20510010D08D4
S20510010E08D3
S20510010F08D2
S20510011008D1
S20510011108D0
S20510011208CF
S20510011308CE
S20510011408CD
S20510011508CC
S20510011608CB
S20510011708CA
S20510011808C9
S20510011908C8
S20510011A08C7
S20510011B08C6
S20510011C08C5
S20510011D08C4
S20510011E08C3
S20510011F08C2
S20510012008C1
S20510012108C0
S20510012208BF
S20510012308BE
S20510012408BD
S20510012508BC
S20510012608BB
S20510012708BA
S20510012808B9
S20510012908B8
S20510012A08B7
S20510012B08B6
S20510012C08B5
S20510012D08B4
S20510012E08B3
S20510012F08B2
S20510013008B1
S20510013108B0
S20510013208AF
S20510013308AE
S20510013408AD
S20510013508AC
S20510013608AB
S20510013708AA
S20510013808A9
S20510013908A8
S20510013A08A7
S20510013B08A6
S20510013C08A5
S20510013D08A4
S20510013E08A3
S20510013F08A2
S2051001400A9F
S2051001415355
S2051001426542
S2051001437432
S205100144693C
S2051001456E36
S205100146673C
S2051001472082
S205100148752C
S2051001497030
S20510014A207F
S20510014B702E
S20510014C6538
S20510014D722A
S20510014E6635
S20510014F6F2B
S2051001507227
S2051001516D2B
S2051001526136
S2051001536E28
S2051001546332
S205100155652F
S2051001562073
S2051001576D25
S205100158652C
S205100159612F
S20510015A731C
S20510015B7519
S20510015C721B
S20510015D6923
S20510015E6E1D
S20510015F6723
S2051001600A7F
S2051001610A7E
S2051001620087
S2051001630086
S2051001644342
S2051001656F15
S2051001666E15
S205100167760C
S2051001683051
S2051001690080
S20510016A007F
S20510016B007E
S20510016C2558
S20510016D2D4F
S20510016E3546
S20510016F304A
S2051001707306
S2051001712058
S2051001722552
S2051001733145
S2051001743540
S2051001757301
S2051001762053
S205100177630F
S20510017879F8
S205100179630D
S20510017A6C03
S20510017B6509
S20510017C73FA
S20510017D0A62
S20510017E006B
S20510017F006A
S2051001805019
S2051001816FF9
S2051001826FF8
S2051001836CFA
S2051001843035
S2051001850064
S2051001860063
S2051001870062
S205100188431E
S2051001896FF1
S20510018A6EF1
S20510018B76E8
S20510018C312C
S20510018D005C
S20510018E005B
S20510018F005A
S2051001905009
S2051001916FE9
S2051001926FE8
S2051001936CEA
S2051001943124
S2051001950054
S2051001960053
S2051001970052
S2051001984C05
S20510019969E7
S20510019A6EE1
S20510019B65E9
S20510019C61EC
S20510019D72DA
S20510019E301B
S20510019F004A
S2051001A04CFD
S2051001A169DF
S2051001A26ED9
S2051001A365E1
S2051001A461E4
S2051001A572D2
S2051001A63112
S2051001A70042
S2051001A853EE
S2051001A965DB
S2051001AA6CD3
S2051001AB65D9
S2051001AC63DA
S2051001AD74C8
S2051001AE003B
S2051001AF003A
S2051001B054E5
S2051001B16FC9
S2051001B274C3
S2051001B361D5
S2051001B46CC9
S2051001B50034
S2051001B60033
S2051001B70032
S2051001B80A27
S2051001B90A26
S2051001BA48E7
S2051001BB45E9
S2051001BC4CE1
S2051001BD4CE0
S2051001BE4FDC
S2051001BF200A
S2051001C04BDE
S2051001C135F3
S2051001C258CF
S2051001C32006
S2051001C453D2
S2051001C54CD8
S2051001C652D1
S2051001C72002
S2051001C83AE7
S2051001C92000
S2051001CA53CC
S2051001CB69B5
S2051001CC67B6
S2051001CD6EAE
S2051001CE20FB
S2051001CF4CCE
S2051001D061B8
S2051001D16EAA
S2051001D267B0
S2051001D375A1
S2051001D461B4
S2051001D567AD
S2051001D665AE
S2051001D720F2
S2051001D852BF
S2051001D965AB
S2051001DA63AC
S2051001DB6F9F
S2051001DC67A6
S2051001DD6E9E
S2051001DE69A2
S2051001DF7496
S2051001E069A0
S2051001E16F99
S2051001E26E99
S2051001E30AFC
S2051001E40AFB
S2051001E50004
S2051001E60003
S2051001E70002
S2051001E841C0
S2051001E96C94
S2051001EA6C93
S2051001EB6F8F
S2051001EC639A
S2051001ED619B
S2051001EE7487
S2051001EF6595
S2051001F06495
S2051001F120D8
S2051001F27483
S2051001F36F87
S2051001F47481
S2051001F56193
S2051001F66C87
S2051001F720D2
S2051001F825CC
S2051001F9648C
S2051001FA20CF
S2051001FB628C
S2051001FC7974
S2051001FD7478
S2051001FE6586
S2051001FF7377
S20510020020C8
S2051002016F78
S2051002026680
S20510020320C5
S205100204667E
S2051002056F74
S2051002067270
S20510020720C1
S2051002086977
S2051002096E71
S20510020A746A
S20510020B6578
S20510020C726A
S20510020D6D6E
S20510020E6575
S20510020F6475
S205100210696F
S2051002116176
S2051002127462
S2051002136570
S20510021420B4
S205100215666D
S205100216656D
S2051002176170
S205100218745C
S205100219755A
S20510021A725C
S20510021B6568
S20510021C20AC
S20510021D2D9E
S20510021E6D5D
S20510021F6168
S2051002207058
S2051002217354
S2051002220ABC
S20510022300C5
S2051002247351
S2051002256C57
S2051002267250
S2051002275F62
S2051002286957
S2051002296E51
S20510022A744A
S20510022B724B
S20510022C5F5D
S20510022D6655
S20510022E6D4D
S20510022F00B9
S2051002307345
S2051002316C4B
S2051002327244
S2051002335F56
S2051002346450
S2051002357340
S2051002365F53
S2051002376948
S2051002386D43
S2051002396748
S20510023A733B
S20510023B00AD
S20510023C2488
S20510023D4B60
S20510023E3575
S20510023F5F4A
S2051002405355
S205100241485F
S2051002424165
S2051002435253
S205100244455F
S2051002452F74
S205100246732F
S2051002476C35
S205100248722E
S2051002497827
S20510024A5F3F
S20510024B722B
S20510024C6537
S20510024D6635
S20510024E2F6B
S20510024F7326
S2051002507721
S2051002512F68
S2051002526135
S2051002537025
S2051002547024
S2051002557320
S2051002562F63
S205100257731E
S2051002586C24
S205100259721D
S20510025A5F2F
S20510025B731A
S20510025C6824
S20510025D612A
S20510025E7218
S20510025F6524
S2051002606424
S2051002612F58
S2051002627016
S2051002637411
S2051002642F55
S205100265770C
S2051002666F13
S205100267720F
S2051002686B15
S205100269730C
S20510026A700E
S20510026B611C
S20510026C6319
S20510026D6516
S20510026E2F4B
S20510026F7306
S2051002706C0C
S2051002717205
S2051002725F17
S2051002736411
S2051002747301
S2051002755F14
S2051002766D05
S2051002776E03
S20510027878F8
S2051002792E41
S20510027A74FA
S20510027B78F5
S20510027C74F8
S20510027D006B
S20510027E006A
S20510027F0069
S2051002806DFB
S2051002816FF8
S2051002826402
S2051002836500
S2051002846CF8
S2051002855F04
S20510028670F2
S2051002876100
S20510028872EE
S20510028961FE
S20510028A6DF1
S20510028B73EA
S20510028C005C
S20510028D005B
S20510028E005A
S20510028F0059
S2051002900A4E
S2051002914512
S2051002925204
S2051002935203
S2051002944F05
S2051002955201
S2051002962032
S20510029772DF
S20510029865EB
S20510029961EE
S20510029A64EA
S20510029B69E4
S20510029C6EDE
S20510029D67E4
S20510029E202A
S20510029F69E0
S2051002A06EDA
S2051002A174D3
S2051002A26FD7
S2051002A32025
S2051002A468DC
S2051002A565DE
S2051002A678CA
S2051002A72021
S2051002A861DF
S2051002A9201F
S2051002AA6ED0
S2051002AB6FCE
S2051002AC6ECE
S2051002AD201B
S2051002AE68D2
S2051002AF65D4
S2051002B078C0
S2051002B12017
S2051002B263D3
S2051002B368CD
S2051002B461D3
S2051002B572C1
S2051002B62E04
S2051002B70A27
S2051002B80030
S2051002B9002F
S2051002BA002E
S2051002BB002D
S2051002BC2408
S2051002BD70BB
S2051002BE79B1
S2051002BF73B6
S2051002C068C0
S2051002C165C2
S2051002C26CBA
S2051002C36CB9
S2051002C42004
S2051002C56FB4
S2051002C670B2
S2051002C765BC
S2051002C86EB2
S2051002C946D9
S2051002CA69B5
S2051002CB6CB1
S2051002CC65B7
S2051002CD28F3
S2051002CE22F8
S2051002CF25F4
S2051002D073A5
S2051002D122F5
S2051002D22CEA
S2051002D327EE
S2051002D425EF
S2051002D563B0
S2051002D627EB
S2051002D729E8
S2051002D80A06
S2051002D9000F
S2051002DA000E
S2051002DB000D
S2051002DC24E8
S2051002DD709B
S2051002DE7991
S2051002DF7396
S2051002E068A0
S2051002E165A2
S2051002E26C9A
S2051002E36C99
S2051002E420E4
S2051002E563A0
S2051002E66C96
S2051002E76F92
S2051002E8738D
S2051002E9659A
S2051002EA46B8
S2051002EB6994
S2051002EC6C90
S2051002ED6596
S2051002EE28D2
S2051002EF25D4
S2051002F06494
S2051002F129CE
S2051002F20AEC
S2051002F300F5
S2051002F424D0
S2051002F57083
S2051002F67979
S2051002F7737E
S2051002F86888
S2051002F9658A
S2051002FA6C82
S2051002FB6C81
S2051002FC20CC
S2051002FD7378
S2051002FE6F7B
S2051002FF6386
S2051003005394
S2051003017472
S2051003026184
S2051003037272
S205100304746F
S205100305469C
S205100306677A
S205100307657B
S205100308746B
S2051003094896
S20510030A6578
S20510030B7864
S20510030C4695
S20510030D28B2
S20510030E25B4
S20510030F6474
S2051003102CAB
S20510031125B1
S2051003126471
S2051003132CA8
S20510031430A3
S205100315785A
S20510031625AC
S2051003177858
S20510031829A6
S2051003190AC4
S20510031A00CD
S20510031B00CC
S20510031C24A7
S20510031D705A
S20510031E7950
S20510031F7355
S205100320685F
S2051003216561
S2051003226C59
S2051003236C58
S20510032420A3
S205100325734F
S2051003266F52
S205100327635D
S205100328437C
S2051003296856
S20510032A6558
S20510032B6359
S20510032C6B50
S20510032D4674
S20510032E6752
S20510032F6553
S2051003307443
S205100331486E
S2051003326550
S205100333783C
S205100334466D
S205100335288A
S2051003362988
S2051003370AA6
S20510033800AF
S20510033900AE
S20510033A00AD
S20510033B00AC
S20510033C2487
S20510033D703A
S20510033E7930
S20510033F7335
S205100340683F
S2051003416541
S2051003426C39
S2051003436C38
S2051003442083
S2051003457131
S205100346752C
S2051003476937
S205100348742B
S205100349415D
S20510034A702D
S20510034B702C
S20510034C2873
S20510034D2971
S20510034E0A8F
S20510034F0098
S2051003503067
S2051003513165
S2051003523263
S2051003533361
S205100354345F
S205100355355D
S205100356365B
S2051003573759
S2051003583857
S2051003593955
S20510035A612C
S20510035B622A
S20510035C6328
S20510035D6426
S20510035E6524
S20510035F6622
S2051003606720
S205100361681E
S205100362691C
S2051003636A1A
S2051003646B18
S2051003656C16
S2051003666D14
S2051003676E12
S2051003686F10
S205100369700E
S20510036A710C
S20510036B720A
S20510036C7308
S20510036D7406
S20510036E7504
S20510036F7602
S2051003707700
S20510037178FE
S20510037279FC
S2051003737AFA
S2051003740073
S2051003750072
S2051003760071
S2051003770070
S205100378303F
S205100379313D
S20510037A323B
S20510037B3339
S20510037C3437
S20510037D3535
S20510037E3633
S20510037F3731
S205100380382F
S205100381392D
S2051003824124
S2051003834222
S2051003844320
S205100385441E
S205100386451C
S205100387461A
S2051003884718
S2051003894816
S20510038A4914
S20510038B4A12
S20510038C4B10
S20510038D4C0E
S20510038E4D0C
S20510038F4E0A
S2051003904F08
S2051003915006
S2051003925104
S2051003935202
S2051003945300
S20510039554FE
S20510039655FC
S20510039756FA
S20510039857F8
S20510039958F6
S20510039A59F4
S20510039B5AF2
S20510039C004B
S20510039D004A
S20510039E0049
S20510039F0048
S2051003A03C0B
S2051003A14EF8
S2051003A255F0
S2051003A34CF8
S2051003A44CF7
S2051003A53E04
S2051003A60041
S2051003A70040
S2051003A84CF3
S2051003A96FCF
S2051003AA61DC
S2051003AB64D8
S2051003AC69D2
S2051003AD6ECC
S2051003AE67D2
S2051003AF2018
S2051003B066D1
S2051003B172C4
S2051003B26FC6
S2051003B36DC7
S2051003B42013
S2051003B5250D
S2051003B673BE
S2051003B72010
S2051003B874BB
S2051003B96FBF
S2051003BA200D
S2051003BB61CB
S2051003BC64C7
S2051003BD64C6
S2051003BE72B7
S2051003BF65C3
S2051003C073B4
S2051003C173B3
S2051003C22005
S2051003C330F4
S2051003C478AB
S2051003C525FD
S2051003C630F1
S2051003C738E8
S2051003C878A7
S2051003C920FE
S2051003CA2CF1
S2051003CB20FC
S2051003CC62B9
S2051003CD79A1
S2051003CE74A5
S2051003CF65B3
S2051003D020F7
S2051003D16CAA
S2051003D265B0
S2051003D36EA6
S2051003D467AC
S2051003D5749E
S2051003D668A9
S2051003D720F0
S2051003D83AD5
S2051003D920EE
S2051003DA25E8
S2051003DB64A8
S2051003DC0A01
S2051003DD000A
S2051003DE0009
S2051003DF0008
S2051003E04CBB
S2051003E16F97
S2051003E261A4
S2051003E364A0
S2051003E4659E
S2051003E5649E
S2051003E620E1
S2051003E725DB
S2051003E8649B
S2051003E920DE
S2051003EA629B
S2051003EB7983
S2051003EC7487
S2051003ED6595
S2051003EE7386
S2051003EF0AEE
S2051003F000F7
S2051003F100F6
S2051003F200F5
S2051003F300F4
S2051003F446AD
S2051003F552A0
S2051003F645AC
S2051003F745AB
S2051003F800EF
S2051003F900EE
S2051003FA00ED
S2051003FB00EC
S2051003FC45A6
S2051003FD5298
S2051003FE5297
S2051003FF4F99
S2051004005294
S2051004013AAB
S20510040220C4
S2051004036182
S2051004046C76
S2051004056C75
S2051004066F71
S205100407637C
S2051004082EB0
S205100409637A
S20510040A20BC
S20510040B4596
S20510040C7862
S20510040D6376
S20510040E6573
S20510040F6572
S2051004106472
S2051004116570
S2051004126470
S20510041320B3
S2051004144D85
S205100415656C
S2051004166D63
S2051004176F60
S205100418725C
S2051004197954
S20510041A20AC
S20510041B616A
S20510041C6C5E
S20510041D6C5D
S20510041E6F59
S20510041F6364
S2051004206165
S2051004217451
S205100422695B
S2051004236F54
S2051004246E54
S20510042520A1
S205100426724E
S205100427655A
S205100428734B
S2051004296F4E
S20510042A7547
S20510042B7249
S20510042C6357
S20510042D6554
S20510042E7345
S20510042F0AAD
S20510043000B6
S20510043100B5
S20510043200B4
S20510043300B3
S205100434456D
S205100435525F
S205100436525E
S2051004374F60
S205100438525C
S2051004393A73
S20510043A208C
S20510043B614A
S20510043C6C3E
S20510043D6C3D
S20510043E6F39
S20510043F6344
S2051004405F47
S205100441663F
S2051004427232
S205100443653E
S205100444653D
S2051004452081
S205100446633D
S205100447613E
S2051004486E30
S2051004492776
S20510044A7428
S20510044B207B
S20510044C6634
S20510044D6930
S20510044E6E2A
S20510044F6433
S2051004502076
S2051004516233
S2051004526C28
S2051004536F24
S205100454632F
S2051004556B26
S2051004562070
S2051004576D22
S205100458612D
S2051004597419
S20510045A6329
S20510045B6823
S20510045C6921
S20510045D6E1B
S20510045E6721
S20510045F2067
S205100460275F
S2051004612560
S2051004627311
S205100463275C
S2051004642062
S2051004656120
S205100466730D
S205100467730C
S2051004686915
S2051004696716
S20510046A6E0E
S20510046B6516
S20510046C6416
S20510046D2059
S20510046E7404
S20510046F6F08
S2051004702056
S2051004716114
S2051004726410
S205100473640F
S2051004747200
S205100475650C
S20510047673FD
S20510047773FC
S205100478204E
S2051004792548
S20510047A303C
S20510047B3833
S20510047C78F2
S20510047D2049
S20510047E2048
S20510047F283F
S2051004806FF7
S20510048166FF
S20510048266FE
S20510048373F0
S20510048465FD
S20510048574ED
S2051004862040
S205100487253A
S205100488302E
S2051004893429
S20510048A64F8
S20510048B2932
S20510048C0A50
S20510048D0059
S20510048E0058
S20510048F0057
S2051004905501
S2051004914E07
S2051004924B09
S2051004934E05
S2051004944F03
S20510049557FA
S2051004964E02
S205100497004F
S2051004984509
S20510049952FB
S20510049A52FA
S20510049B4FFC
S20510049C52F8
S20510049D3A0F
S20510049E2028
S20510049F61E6
S2051004A06CDA
S2051004A16CD9
S2051004A26FD5
S2051004A363E0
S2051004A45FE3
S2051004A566DB
S2051004A672CE
S2051004A765DA
S2051004A865D9
S2051004A9201D
S2051004AA6ECE
S2051004AB61DA
S2051004AC6DCD
S2051004AD65D4
S2051004AE2018
S2051004AF6DCA
S2051004B069CD
S2051004B173C2
S2051004B26DC7
S2051004B361D2
S2051004B474BE
S2051004B563CE
S2051004B668C8
S2051004B7200F
S2051004B872BC
S2051004B965C8
S2051004BA71BB
S2051004BB75B6
S2051004BC65C5
S2051004BD73B6
S2051004BE74B4
S2051004BF65C2
S2051004C064C2
S2051004C12005
S2051004C225FF
S2051004C373B0
S2051004C42CF6
S2051004C52001
S2051004C666BA
S2051004C76FB0
S2051004C875A9
S2051004C96EAF
S2051004CA64B8
S2051004CB20FB
S2051004CC25F5
S2051004CD73A6
S2051004CE0A0E
S2051004CF0017
S2051004D024F2
S2051004D14BCA
S2051004D235DF
S2051004D35FB4
S2051004D453BF
S2051004D548C9
S2051004D641CF
S2051004D752BD
S2051004D845C9
S2051004D92FDE
S2051004DA7399
S2051004DB6C9F
S2051004DC7298
S2051004DD7891
S2051004DE5FA9
S2051004DF7295
S2051004E065A1
S2051004E1669F
S2051004E22FD5
S2051004E37390
S2051004E4778B
S2051004E52FD2
S2051004E6619F
S2051004E7708F
S2051004E8708E
S2051004E9738A
S2051004EA2FCD
S2051004EB7388
S2051004EC6C8E
S2051004ED7287
S2051004EE5F99
S2051004EF7384
S2051004F0688E
S2051004F16194
S2051004F27282
S2051004F3658E
S2051004F4648E
S2051004F52FC2
S2051004F67080
S2051004F7747B
S2051004F82FBF
S2051004F97776
S2051004FA6F7D
S2051004FB7279
S2051004FC6B7F
S2051004FD7376
S2051004FE7078
S2051004FF6186
S2051005006382
S205100501657F
S2051005022FB4
S205100503736F
S2051005046C75
S205100505726E
S2051005065F80
S205100507746A
S2051005086D70
S2051005097765
S20510050A5F7C
S20510050B6D6D
S20510050C6E6B
S20510050D7860
S20510050E5F78
S20510050F7066
S2051005106174
S2051005117262
S2051005126172
S2051005136D65
S205100514735E
S2051005152EA2
S205100516745B
S2051005177856
S2051005187459
S20510051900CC
S20510051A00CB
S20510051B00CA
S20510051C4C7D
S20510051D6F59
S20510051E6166
S20510051F6462
S205100520695C
S2051005216E56
S205100522675C
S20510052320A2
S205100524259C
S205100525645C
S205100526209F
S2051005276D51
S2051005286F4E
S2051005296458
S20510052A6556
S20510052B6C4E
S20510052C2099
S20510052D7048
S20510052E6156
S20510052F7244
S2051005306154
S2051005316D47
S205100532654E
S205100533743E
S205100534654C
S205100535723E
S205100536733C
S205100537208E
S2051005386647
S205100539723A
S20510053A6F3C
S20510053B6D3D
S20510053C2089
S20510053D2583
S20510053E7334
S20510053F0A9C
S20510054000A5
S20510054100A4
S20510054200A3
S20510054300A2
S2051005440A97
S2051005450A96
S205100546445B
S2051005474559
S2051005485449
S2051005494557
S20510054A4358
S20510054B5446
S20510054C4554
S20510054D4454
S20510054E2077
S20510054F5442
S2051005504550
S205100551583C
S205100552543F
S2051005533A58
S2051005542071
S205100555226E
S205100556008F
S205100557008E
S2051005582568
S2051005596329
S20510055A008B
S20510055B008A
S20510055C2267
S20510055D0A7E
S20510055E0A7D
S20510055F0086
S2051005602560
S2051005613351
S205100562641F
S2051005633A48
S2051005642061
S205100565641C
S205100566651A
S205100567740A
S2051005686518
S2051005696319
S20510056A7407
S20510056B6515
S20510056C6415
S20510056D3A3E
S20510056E2057
S20510056F2551
S2051005706312
S2051005710A6A
S2051005720073
S2051005730072
S205100574254C
S205100575333D
S205100576640B
S2051005773A34
S205100578204D
S2051005796408
S20510057A6506
S20510057B74F6
S20510057C6504
S20510057D6305
S20510057E74F3
S20510057F6501
S2051005806401
S2051005813A2A
S2051005822043
S205100583273B
S205100584253C
S20510058563FD
S2051005862738
S205100587203E
S2051005883B22
S205100589203C
S20510058A65F6
S20510058B78E2
S20510058C70E9
S20510058D65F3
S20510058E63F4
S20510058F74E2
S20510059065F0
S20510059164F0
S2051005923A19
S2051005932032
S205100594272A
S205100595252B
S20510059663EC
S2051005972727
S205100598202D
S2051005994606
S20510059A410A
S20510059B4901
S20510059C4CFD
S20510059D0A3E
S20510059E0047
S20510059F0046
S2051005A00A3B
S2051005A154F0
S2051005A265DE
S2051005A373CF
S2051005A474CD
S2051005A565DB
S2051005A664DB
S2051005A7201E
S2051005A82518
S2051005A964D8
S2051005AA201B
S2051005AB69D1
S2051005AC6DCC
S2051005AD61D7
S2051005AE67D0
S2051005AF65D1
S2051005B073C2
S2051005B12C08
S2051005B22013
S2051005B32012
S2051005B450E1
S2051005B561CF
S2051005B673BC
S2051005B773BB
S2051005B865C8
S2051005B964C8
S2051005BA3AF1
S2051005BB200A
S2051005BC2504
S2051005BD64C4
S2051005BE2CFB
S2051005BF2006
S2051005C046DF
S2051005C161C3
S2051005C269BA
S2051005C36CB6
S2051005C43AE7
S2051005C52000
S2051005C625FA
S2051005C764BA
S2051005C82CF1
S2051005C920FC
S2051005CA53C8
S2051005CB75A5
S2051005CC63B6
S2051005CD63B5
S2051005CE65B2
S2051005CF73A3
S2051005D073A2
S2051005D13ADA
S2051005D220F3
S2051005D325ED
S2051005D432DF
S2051005D52EE2
S2051005D631DE
S2051005D766A8
S2051005D825E8
S2051005D925E7
S2051005DA0A01
S2051005DB0A00
S2051005DC0009
S2051005DD0008
S2051005DE0007
S2051005DF0006
S2051005E03CC9
S2051005E14EB6
S2051005E20003
S2051005E30002
S2051005E4B849
S2051005E54DB3
S2051005E600FF
S2051005E700FE
S2051005E8B845
S2051005E94DAF
S2051005EA00FB
S2051005EB00FA
S2051005EC30C9
S2051005ED4EAA
S2051005EE00F7
S2051005EF00F6
S2051005F0B83D
S2051005F14DA7
S2051005F200F3
S2051005F300F2
S2051005F4B839
S2051005F54DA3
S2051005F600EF
S2051005F700EE
S2051005F8B835
S2051005F94D9F
S2051005FA00EB
S2051005FB00EA
S2051005FCB831
S2051005FD4D9B
S2051005FE00E7
S2051005FF00E6
S205100600B82C
S2051006014D96
S20510060200E2
S20510060300E1
S205100604B828
S2051006054D92
S20510060600DE
S20510060700DD
S205100608B824
S2051006094D8E
S20510060A00DA
S20510060B00D9
S20510060C24B4
S20510060D4E89
S20510060E00D6
S20510060F00D5
S205100610B81C
S2051006114D86
S20510061200D2
S20510061300D1
S20510061418B8
S2051006154E81
S20510061600CE
S20510061700CD
S205100618B814
S2051006194D7E
S20510061A00CA
S20510061B00C9
S20510061CB810
S20510061D4D7A
S20510061E00C6
S20510061F00C5
S2051006200CB8
S2051006214E75
S20510062200C2
S20510062300C1
S2051006242C94
S2051006255867
S20510062600BE
S20510062700BD
S2051006284874
S2051006294E6D
S20510062A00BA
S20510062B00B9
S20510062C4870
S20510062D4E69
S20510062E00B6
S20510062F00B5
S205100630486C
S2051006314E65
S20510063200B2
S20510063300B1
S2051006344868
S2051006354E61
S20510063600AE
S20510063700AD
S2051006384864
S2051006394E5D
S20510063A00AA
S20510063B00A9
S20510063C4860
S20510063D4E59
S20510063E00A6
S20510063F00A5
S205100640485C
S2051006414E55
S20510064200A2
S20510064300A1
S2051006444858
S2051006454E51
S205100646009E
S205100647009D
S2051006484854
S2051006494E4D
S20510064A009A
S20510064B0099
S20510064C4850
S20510064D4E49
S20510064E0096
S20510064F0095
S205100650484C
S2051006514E45
S2051006520092
S2051006530091
S2051006544848
S2051006554E41
S205100656008E
S205100657008D
S2051006584844
S2051006594E3D
S20510065A008A
S20510065B0089
S20510065C4840
S20510065D4E39
S20510065E0086
S20510065F0085
S205100660483C
S2051006614E35
S2051006620082
S2051006630081
S2051006644838
S2051006654E31
S205100666007E
S205100667007D
S2051006684834
S2051006694E2D
S20510066A007A
S20510066B0079
S20510066C4830
S20510066D4E29
S20510066E0076
S20510066F0075
S205100670482C
S2051006714E25
S2051006720072
S2051006730071
S2051006744828
S2051006754E21
S205100676006E
S205100677006D
S2051006784824
S2051006794E1D
S20510067A006A
S20510067B0069
S20510067C4820
S20510067D4E19
S20510067E0066
S20510067F0065
S20510068088DC
S2051006815B08
S2051006820062
S2051006830061
S2051006844818
S2051006854E11
S205100686005E
S205100687005D
S2051006884814
S2051006894E0D
S20510068A005A
S20510068B0059
S20510068C4810
S20510068D4E09
S20510068E0056
S20510068F0055
S205100690480C
S2051006914E05
S2051006920052
S2051006930051
S2051006944808
S2051006954E01
S205100696004E
S205100697004D
S2051006984804
S2051006994EFD
S20510069A004A
S20510069B0049
S20510069C4800
S20510069D4EF9
S20510069E0046
S20510069F0045
S2051006A048FC
S2051006A14EF5
S2051006A20042
S2051006A30041
S2051006A480C0
S2051006A55BE4
S2051006A6003E
S2051006A7003D
S2051006A848F4
S2051006A94EED
S2051006AA003A
S2051006AB0039
S2051006ACE058
S2051006AD52E5
S2051006AE0036
S2051006AF0035
S2051006B02410
S2051006B15BD8
S2051006B20032
S2051006B30031
S2051006B448E8
S2051006B54EE1
S2051006B6002E
S2051006B7002D
S2051006B81418
S2051006B951DA
S2051006BA002A
S2051006BB0029
S2051006BC48E0
S2051006BD4ED9
S2051006BE0026
S2051006BF0025
S2051006C048DC
S2051006C14ED5
S2051006C20022
S2051006C30021
S2051006C424FC
S2051006C55BC4
S2051006C6001E
S2051006C7001D
S2051006C848D4
S2051006C94ECD
S2051006CA001A
S2051006CB0019
S2051006CC48D0
S2051006CD4EC9
S2051006CE0016
S2051006CF0015
S2051006D048CC
S2051006D14EC5
S2051006D20012
S2051006D30011
S2051006D448C8
S2051006D54EC1
S2051006D6000E
S2051006D7000D
S2051006D848C4
S2051006D94EBD
S2051006DA000A
S2051006DB0009
S2051006DCE424
S2051006DD4FB8
S2051006DE0006
S2051006DF0005
S2051006E028DC
S2051006E153B0
S2051006E20002
S2051006E30001
S2051006E448B8
S2051006E54EB1
S2051006E600FE
S2051006E700FD
S2051006E848B4
S2051006E94EAD
S2051006EA00FA
S2051006EB00F9
S2051006ECFCFC
S2051006ED4FA8
S2051006EE00F6
S2051006EF00F5
S2051006F048AC
S2051006F14EA5
S2051006F200F2
S2051006F300F1
S2051006F430C0
S2051006F54FA0
S2051006F600EE
S2051006F700ED
S2051006F848A4
S2051006F94E9D
S2051006FA00EA
S2051006FB00E9
S2051006FC48A0
S2051006FD4E99
S2051006FE00E6
S2051006FF00E5
S205100700F0F3
S2051007014F93
S20510070200E1
S20510070300E0
S205100704D40B
S2051007055688
S20510070600DD
S20510070700DC
S2051007084C8F
S2051007094E8C
S20510070A00D9
S20510070B00D8
S20510070C4C8B
S20510070D4E88
S20510070E00D5
S20510070F00D4
S2051007104C87
S2051007114E84
S20510071200D1
S20510071300D0
S2051007144C83
S2051007154E80
S20510071600CD
S20510071700CC
S2051007184C7F
S2051007194E7C
S20510071A00C9
S20510071B00C8
S20510071C4C7B
S20510071D4E78
S20510071E00C5
S20510071F00C4
S2051007204C77
S2051007214E74
S20510072200C1
S20510072300C0
S2051007244C73
S2051007254E70
S20510072600BD
S20510072700BC
S2051007284C6F
S2051007294E6C
S20510072A00B9
S20510072B00B8
S20510072C4C6B
S20510072D4E68
S20510072E00B5
S20510072F00B4
S2051007304C67
S2051007314E64
S20510073200B1
S20510073300B0
S2051007344C63
S2051007354E60
S20510073600AD
S20510073700AC
S2051007384C5F
S2051007394E5C
S20510073A00A9
S20510073B00A8
S20510073C4C5B
S20510073D4E58
S20510073E00A5
S20510073F00A4
S2051007404C57
S2051007414E54
S20510074200A1
S20510074300A0
S2051007444C53
S2051007454E50
S205100746009D
S205100747009C
S2051007484C4F
S2051007494E4C
S20510074A0099
S20510074B0098
S20510074C4C4B
S20510074D4E48
S20510074E0095
S20510074F0094
S2051007504C47
S2051007514E44
S2051007520091
S2051007530090
S2051007544C43
S2051007554E40
S205100756008D
S205100757008C
S2051007584C3F
S2051007594E3C
S20510075A0089
S20510075B0088
S20510075C4C3B
S20510075D4E38
S20510075E0085
S20510075F0084
S2051007606C17
S205100761532F
S2051007620081
S2051007630080
S2051007644C33
S2051007654E30
S205100766007D
S205100767007C
S2051007684C2F
S2051007694E2C
S20510076A0079
S20510076B0078
S20510076C4C2B
S20510076D4E28
S20510076E0075
S20510076F0074
S2051007704C27
S2051007714E24
S2051007720071
S2051007730070
S2051007744C23
S2051007754E20
S205100776006D
S205100777006C
S2051007784C1F
S2051007794E1C
S20510077A0069
S20510077B0068
S20510077C4C1B
S20510077D4E18
S20510077E0065
S20510077F0064
S2051007804C17
S2051007814E14
S2051007820061
S2051007830060
S20510078478E7
S205100785530B
S205100786005D
S205100787005C
S2051007884C0F
S2051007894E0C
S20510078A0059
S20510078B0058
S20510078CE473
S20510078D5204
S20510078E0055
S20510078F0054
S205100790C48F
S2051007914F03
S2051007920051
S2051007930050
S2051007944C03
S2051007954E00
S205100796004D
S205100797004C
S2051007981833
S20510079951F9
S20510079A0049
S20510079B0048
S20510079C4CFB
S20510079D4EF8
S20510079E0045
S20510079F0044
S2051007A04CF7
S2051007A14EF4
S2051007A20041
S2051007A30040
S2051007A4C47B
S2051007A54FEF
S2051007A6003D
S2051007A7003C
S2051007A84CEF
S2051007A94EEC
S2051007AA0039
S2051007AB0038
S2051007AC4CEB
S2051007AD4EE8
S2051007AE0035
S2051007AF0034
S2051007B04CE7
S2051007B14EE4
S2051007B20031
S2051007B30030
S2051007B44CE3
S2051007B54EE0
S2051007B6002D
S2051007B7002C
S2051007B84CDF
S2051007B94EDC
S2051007BA0029
S2051007BB0028
S2051007BCE83F
S2051007BD4FD7
S2051007BE0025
S2051007BF0024
S2051007C02CF7
S2051007C153CF
S2051007C20021
S2051007C30020
S2051007C44CD3
S2051007C54ED0
S2051007C6001D
S2051007C7001C
S2051007C84CCF
S2051007C94ECC
S2051007CA0019
S2051007CB0018
S2051007CC0017
S2051007CD50C6
S2051007CE0015
S2051007CF0014
S2051007D04CC7
S2051007D14EC4
S2051007D20011
S2051007D30010
S2051007D434DB
S2051007D54FBF
S2051007D6000D
S2051007D7000C
S2051007D84CBF
S2051007D94EBC
S2051007DA0009
S2051007DB0008
S2051007DC4CBB
S2051007DD4EB8
S2051007DE0005
S2051007DF0004
S2051007E0F40F
S2051007E14FB3
S2051007E20001
S2051007E30000
S2051007E800FB
S2051007E900FA
S2051007EA00F9
S2051007EB00F8
S2051007EC00F7
S2051007ED00F6
S2051007EE24D1
S2051007EF40B4
S2051007F0B83B
S2051007F11ED4
S2051007F2856C
S2051007F3EB05
S2051007F4519E
S2051007F5B836
S2051007F69E4F
S2051007F73FAD
S2051007F800EB
S2051007F900EA
S2051007FA00E9
S2051007FB00E8
S2051007FC00E7
S2051007FD00E6
S2051007FEF0F5
S2051007FF3FA5
S20510080000E2
S20510080100E1
S205100802C818
S205100803429D
S20510080414CA
S20510080500DD
S20510080600DC
S205100807805B
S20510080800DA
S20510080900D9
S20510080A00D8
S20510080B4097
S80400008477
