S00B0000736C72782E73313920
S20500000013E7
S20500000100F9
S20500000200F8
S20500000300F7
S20500000413E3
S20500000500F5
S20500000600F4
S20500000700F3
S20500000813DF
S20500000900F1
S20500000A00F0
S20500000B00EF
S20500000C13DB
S20500000D00ED
S20500000E00EC
S20500000F00EB
S20500001013D7
S20500001100E9
S20500001200E8
S20500001300E7
S20500001413D3
S20500001500E5
S20500001600E4
S20500001700E3
S20500001813CF
S20500001900E1
S20500001A00E0
S20500001B00DF
S20500001C13CB
S20500001D00DD
S20500001E00DC
S20500001F00DB
S20500002013C7
S20500002100D9
S20500002200D8
S20500002300D7
S20500002413C3
S20500002500D5
S20500002600D4
S20500002700D3
S20500002813BF
S20500002900D1
S20500002A00D0
S20500002B00CF
S20500002C13BB
S20500002D00CD
S20500002E00CC
S20500002F00CB
S20500003013B7
S20500003100C9
S20500003200C8
S20500003300C7
S20500003413B3
S20500003500C5
S20500003600C4
S20500003700C3
S20500003813AF
S20500003900C1
S20500003A00C0
S20500003B00BF
S20500003C13AB
S20500003D00BD
S20500003E00BC
S20500003F00BB
S20500004013A7
S20500004100B9
S20500004200B8
S20500004300B7
S20500004413A3
S20500004500B5
S20500004600B4
S20500004700B3
S205000048139F
S20500004900B1
S20500004A00B0
S20500004B00AF
S20500004C139B
S20500004D00AD
S20500004E00AC
S20500004F00AB
S2050000501397
S20500005100A9
S20500005200A8
S20500005300A7
S2050000541393
S20500005500A5
S20500005600A4
S20500005700A3
S205000058138F
S20500005900A1
S20500005A00A0
S20500005B009F
S20500005C138B
S20500005D009D
S20500005E009C
S20500005F009B
S2050000601387
S2050000610099
S2050000620098
S2050000630097
S2050000641383
S2050000650095
S2050000660094
S2050000670093
S205000068137F
S2050000690091
S20500006A0090
S20500006B008F
S20500006C137B
S20500006D008D
S20500006E008C
S20500006F008B
S2050000701377
S2050000710089
S2050000720088
S2050000730087
S2050000741373
S2050000750085
S2050000760084
S2050000770083
S205000078136F
S2050000790081
S20500007A0080
S20500007B007F
S20500007C136B
S20500007D007D
S20500007E007C
S20500007F007B
S2050000806F0B
S2050000810079
S2050000824038
S2050000830077
S20500008493E3
S2050000850075
S2050000860074
S2050000870073
S205000088135F
S20500008981F0
S20500008A0070
S20500008B006F
S20500008C93DB
S20500008D81EC
S20500008E006C
S20500008F006B
S2050000901357
S20500009182E7
S2050000920068
S2050000930067
S20500009493D3
S20500009582E3
S2050000960064
S2050000970063
S205000098134F
S20500009983DE
S20500009A0060
S20500009B005F
S20500009C93CB
S20500009D83DA
S20500009E005C
S20500009F005B
S2050000A01347
S2050000A184D5
S2050000A20058
S2050000A30057
S2050000A493C3
S2050000A584D1
S2050000A60054
S2050000A70053
S2050000A8133F
S2050000A985CC
S2050000AA0050
S2050000AB004F
S2050000AC93BB
S2050000AD85C8
S2050000AE004C
S2050000AF004B
S2050000B01337
S2050000B186C3
S2050000B20048
S2050000B30047
S2050000B493B3
S2050000B586BF
S2050000B60044
S2050000B70043
S2050000B8132F
S2050000B987BA
S2050000BA0040
S2050000BB003F
S2050000BC93AB
S2050000BD87B6
S2050000BE003C
S2050000BF003B
S2050000C01327
S2050000C188B1
S2050000C20038
S2050000C30037
S2050000C493A3
S2050000C588AD
S2050000C60034
S2050000C70033
S2050000C8131F
S2050000C989A8
S2050000CA0030
S2050000CB002F
S2050000CC939B
S2050000CD89A4
S2050000CE002C
S2050000CF002B
S2050000D01317
S2050000D18A9F
S2050000D20028
S2050000D30027
S2050000D49393
S2050000D58A9B
S2050000D60024
S2050000D70023
S2050000D8130F
S2050000D98B96
S2050000DA0020
S2050000DB001F
S2050000DC938B
S2050000DD8B92
S2050000DE001C
S2050000DF001B
S2050000E01307
S2050000E18C8D
S2050000E20018
S2050000E30017
S2050000E49383
S2050000E58C89
S2050000E60014
S2050000E70013
S2050000E813FF
S2050000E98D84
S2050000EA0010
S2050000EB000F
S2050000EC937B
S2050000ED8D80
S2050000EE000C
S2050000EF000B
S2050000F013F7
S2050000F18E7B
S2050000F20008
S2050000F30007
S2050000F49373
S2050000F58E77
S2050000F60004
S2050000F70003
S2050000F813EF
S2050000F98F72
S2050000FA0000
S2050000FB00FF
S2050000FC936B
S2050000FD8F6E
S2050000FE00FC
S2050000FF00FB
S20500010017E2
S2050001016197
S20500010210E7
S20500010300F6
S20500010413E2
S20500010501F3
S20500010601F2
S205000107DF13
S20500010817DA
S2050001090DE3
S20500010A10DF
S20500010B00EE
S20500010C13DA
S20500010D0DDF
S20500010E0DDE
S20500010F7B6F
S2050001109752
S2050001111DCB
S20500011210D7
S20500011300E6
S2050001149352
S2050001158D57
S2050001160DD6
S2050001178E54
S205000118637E
S2050001195888
S20500011ABD22
S20500011B01DD
S20500011C23BA
S20500011D20BC
S20500011E0DCE
S20500011F00DA
S20500012013C6
S2050001210DCB
S2050001224D8A
S20500012300D6
S205000124E3F2
S205000125DCF8
S205000126AD26
S205000127FFD3
S205000128EFE2
S20500012930A0
S20500012A507F
S20500012B7F4F
S20500012C13BA
S20500012D05C7
S20500012E00CB
S20500012F00CA
S2050001309336
S20500013105C3
S20500013200C7
S20500013300C6
S205000134EFD6
S2050001354084
S205000136D0F3
S205000137586A
S205000138EFD2
S20500013900C0
S20500013A00BF
S20500013B00BE
S20500013C6756
S20500013D803C
S20500013E00BB
S20500013F00BA
S2050001409326
S205000141D7E1
S2050001424572
S2050001434175
S20500014413A2
S20500014501B3
S20500014601B2
S205000147FFB3
S205000148931E
S205000149F7B9
S20500014AF7B8
S20500014B7F2F
S20500014C238A
S20500014D2488
S20500014E812A
S20500014F00AA
S2050001502386
S2050001512286
S2050001529116
S20500015300A6
S2050001542382
S2050001552084
S2050001562182
S20500015701A1
S205000158237E
S205000159267A
S20500015A118E
S20500015B009E
S20500015C138A
S20500015D8715
S20500015E1784
S20500015FC0DA
S2050001609306
S2050001610692
S2050001623067
S2050001630195
S2050001641382
S2050001658410
S205000166058E
S2050001670092
S20500016893FE
S205000169048C
S20500016A058A
S20500016B008E
S20500016C137A
S20500016D0983
S20500016E0685
S20500016F008A
S2050001706326
S205000171CCBC
S205000172E6A1
S2050001730482
S2050001746322
S2050001754A3A
S205000176077C
S2050001771072
S205000178B7CA
S2050001790779
S20500017A106F
S20500017B007E
S20500017C93EA
S20500017D87F5
S20500017EF784
S20500017FFF7B
S205000180B3C6
S205000181D7A1
S205000182E790
S2050001834036
S2050001843342
S205000185F77D
S205000186B7BC
S2050001870072
S205000188333E
S2050001896709
S20500018AA7C8
S20500018B006E
S20500018C630A
S20500018D1A52
S20500018E0764
S20500018F0664
S20500019093D6
S2050001910761
S2050001920463
S2050001930066
S205000194B7AE
S205000195065E
S2050001960063
S20500019780E2
S205000198233E
S2050001992040
S20500019A99C6
S20500019B005E
S20500019C332A
S20500019DF468
S20500019E86D5
S20500019F005A
S2050001A02336
S2050001A12236
S2050001A2F95E
S2050001A30056
S2050001A493C2
S2050001A50450
S2050001A60053
S2050001A70052
S2050001A883CE
S2050001A92030
S2050001AAC18E
S2050001AB004E
S2050001AC93BA
S2050001AD0547
S2050001AE0447
S2050001AF004A
S2050001B00346
S2050001B12424
S2050001B281C6
S2050001B30046
S2050001B40342
S2050001B5291B
S2050001B60142
S2050001B70042
S2050001B8132E
S2050001B985BB
S2050001BA043B
S2050001BB003E
S2050001BC83BA
S2050001BD2418
S2050001BE41FA
S2050001BF003A
S2050001C01326
S2050001C10137
S2050001C20136
S2050001C30135
S2050001C467CE
S2050001C580B4
S2050001C60033
S2050001C70032
S2050001C8939E
S2050001C9062A
S2050001CA30FF
S2050001CB032B
S2050001CC63CA
S2050001CDC26A
S2050001CEE645
S2050001CF0822
S2050001D01316
S2050001D10721
S2050001D2F037
S2050001D3FF27
S2050001D49392
S2050001D5879D
S2050001D6D74C
S2050001D7BE64
S2050001D8B36E
S2050001D957C9
S2050001DAF728
S2050001DB001E
S2050001DC33EA
S2050001DDF725
S2050001DEA774
S2050001DF001A
S2050001E0E336
S2050001E10810
S2050001E20710
S2050001E3FA1C
S2050001E49382
S2050001E5C74D
S2050001E6F71C
S2050001E7FF13
S2050001E8B35E
S2050001E9F719
S2050001EAA768
S2050001EB000E
S2050001EC13FA
S2050001ED8884
S2050001EE0704
S2050001EF000A
S2050001F013F6
S2050001F18682
S2050001F20700
S2050001F30006
S2050001F49372
S2050001F5887C
S2050001F605FE
S2050001F70002
S2050001F8936E
S2050001F9867A
S2050001FA05FA
S2050001FB00FE
S2050001FC6F8E
S2050001FD00FC
S2050001FE00FB
S2050001FF02F8
S2050002009365
S205000201C730
S205000202F7FF
S205000203FFF6
S20500020413E1
S20500020507EC
S20500020600F2
S20500020700F1
S205000208B33D
S205000209F7F8
S20500020AB737
S20500020B00ED
S20500020C13D9
S20500020D08E3
S20500020E07E3
S20500020F00E9
S20500021013D5
S20500021106E1
S20500021207DF
S20500021300E5
S2050002149351
S205000215885B
S20500021607DB
S20500021700E1
S205000218934D
S2050002198659
S20500021A07D7
S20500021B00DD
S20500021C23B9
S20500021D20BB
S20500021E09D1
S20500021F01D8
S20500022023B5
S20500022122B5
S20500022219BD
S20500022301D4
S205000224EFE5
S20500022520B3
S205000226D002
S20500022718B9
S20500022813BD
S205000229844B
S20500022A05C9
S20500022B00CD
S20500022C8349
S20500022D20AB
S20500022EC109
S20500022F00C9
S2050002309335
S20500023105C2
S20500023204C2
S20500023300C5
S20500023403C1
S205000235249F
S2050002368141
S20500023700C1
S205000238932D
S20500023904BB
S20500023A05B9
S20500023B00BD
S20500023C03B9
S20500023D2992
S20500023E01B9
S20500023F00B9
S20500024013A5
S2050002418532
S20500024204B2
S20500024300B5
S2050002448331
S205000245248F
S2050002464171
S20500024700B1
S205000248139D
S20500024901AE
S20500024A01AD
S20500024B01AC
S20500024C6745
S20500024D802B
S20500024E00AA
S20500024F00A9
S2050002502385
S2050002512087
S205000252A9FD
S20500025300A5
S2050002542381
S2050002552281
S205000256B9E9
S20500025700A1
S205000258EFB1
S205000259009F
S20500025A009E
S20500025B0796
S20500025C6339
S20500025D1E7D
S20500025E0595
S20500025F0495
S2050002601385
S2050002618611
S2050002620492
S2050002630095
S2050002641381
S205000265850E
S205000266048E
S2050002670091
S20500026893FD
S2050002690689
S20500026A048A
S20500026B008D
S20500026C93F9
S20500026D0586
S20500026E0486
S20500026F0089
S205000270EF99
S2050002710087
S205000272D0B6
S2050002735A2B
S20500027493F1
S205000275047F
S205000276057D
S2050002770081
S205000278136D
S20500027984FB
S20500027A0579
S20500027B007D
S20500027C2359
S20500027D205B
S20500027EA9D1
S20500027F0079
S2050002802355
S2050002812255
S205000282B9BD
S2050002830075
S2050002846F05
S205000285F083
S2050002865F13
S205000287F27F
S205000288B7B9
S2050002890768
S20500028A006E
S20500028B80ED
S20500028C83E9
S20500028D204B
S20500028EC1A9
S20500028F0069
S205000290B3B5
S205000291F770
S205000292B7AF
S2050002930065
S20500029493D1
S205000295055E
S205000296045E
S2050002970061
S205000298035D
S205000299243B
S20500029A81DD
S20500029B005D
S20500029C2339
S20500029D203B
S20500029E0654
S20500029F0059
S2050002A02335
S2050002A12235
S2050002A2F660
S2050002A30055
S2050002A40351
S2050002A5292A
S2050002A60151
S2050002A70051
S2050002A8133D
S2050002A985CA
S2050002AA044A
S2050002AB004D
S2050002AC83C9
S2050002AD2427
S2050002AE4109
S2050002AF0049
S2050002B01335
S2050002B10146
S2050002B20145
S2050002B30144
S2050002B467DD
S2050002B580C3
S2050002B60042
S2050002B70041
S2050002B8B789
S2050002B90738
S2050002BA003E
S2050002BB80BD
S2050002BC3309
S2050002BDF447
S2050002BE87B3
S2050002BF0039
S2050002C093A5
S2050002C10433
S2050002C20036
S2050002C30035
S2050002C46FC5
S2050002C5F043
S2050002C65FD3
S2050002C7EE43
S2050002C833FD
S2050002C967C8
S2050002CAB579
S2050002CB002D
S2050002CC9399
S2050002CD0724
S2050002CE0525
S2050002CF0029
S2050002D063C5
S2050002D10C1B
S2050002D2071F
S2050002D30421
S2050002D437ED
S2050002D5071C
S2050002D60022
S2050002D780A1
S2050002D863BD
S2050002D9829D
S2050002DAE539
S2050002DB0419
S2050002DC9389
S2050002DD0615
S2050002DEF723
S2050002DFFF1A
S2050002E0B365
S2050002E1F621
S2050002E2B660
S2050002E30015
S2050002E437DD
S2050002E5080B
S2050002E6F022
S2050002E7FF12
S2050002E833DD
S2050002E98887
S2050002EA0608
S2050002EB010C
S2050002ECB755
S2050002ED0803
S2050002EEE02A
S2050002EF7F8A
S2050002F013F5
S2050002F10502
S2050002F240C6
S2050002F30005
S2050002F463A1
S2050002F562A1
S2050002F618EA
S2050002F703FE
S2050002F837C9
S2050002F908F7
S2050002FA10EE
S2050002FB00FD
S2050002FC13E9
S2050002FD05F6
S2050002FE30CA
S2050002FF00F9
S2050003006394
S205000301EC0A
S20500030205F0
S20500030301F3
S20500030433C0
S20500030507EB
S205000306B73A
S20500030700F0
S205000308638C
S2050003096886
S20500030A07E6
S20500030B01EB
S20500030C37B4
S20500030D07E3
S20500030EF0F9
S20500030F7F69
S20500031013D4
S20500031105E1
S20500031200E5
S20500031300E4
S2050003146380
S2050003158E54
S205000316E6FB
S20500031700E0
S2050003186778
S205000319805E
S20500031A00DD
S20500031B00DC
S20500031C33A8
S20500031D35A5
S20500031EA039
S20500031F00D8
S20500032013C4
S20500032105D1
S20500032225B0
S20500032300D4
S205000324676C
S2050003258052
S20500032600D1
S20500032700D0
S20500032813BC
S20500032905C9
S20500032A20AD
S20500032B00CC
S20500032C6764
S20500032D804A
S20500032E00C9
S20500032F00C8
S20500033013B4
S205000331B511
S20500033217AE
S20500033300C4
S205000334675C
S2050003358042
S20500033600C1
S20500033700C0
S20500033813AC
S20500033901BD
S20500033A01BC
S20500033BFDBF
S20500033C2398
S20500033D209A
S20500033E2198
S20500033F03B5
S2050003402394
S2050003412C8A
S2050003424174
S20500034301B3
S2050003442390
S205000345268C
S20500034611A0
S20500034702AE
S205000348238C
S205000349228C
S20500034A911C
S20500034B02AA
S20500034C2388
S20500034D2E7C
S20500034E3178
S20500034F01A7
S2050003502384
S2050003512680
S2050003527134
S20500035301A3
S2050003541390
S2050003550999
S205000356059C
S20500035700A0
S205000358138C
S2050003590A94
S20500035A009D
S20500035B009C
S20500035C6338
S20500035DC6D4
S20500035E0594
S20500035F1A7E
S2050003606334
S205000361DCBA
S205000362068F
S2050003630094
S205000364B3E0
S205000365375B
S205000366C0D1
S2050003670090
S205000368B3DC
S2050003690688
S20500036AD0BD
S20500036B404C
S20500036C1378
S20500036D4A40
S20500036EFA8F
S20500036FFF89
S205000370B3D4
S2050003718600
S205000372F68F
S2050003734044
S2050003743350
S205000375067C
S205000376C0C1
S2050003774040
S20500037893EC
S2050003790B73
S20500037A0677
S20500037B007C
S20500037C93E8
S20500037D0971
S20500037E0970
S20500037F0078
S20500038093E4
S20500038184F2
S2050003820570
S2050003830074
S2050003846310
S20500038590E2
S205000386066B
S205000387145C
S205000388234C
S205000389244A
S20500038A81EC
S20500038B026A
S20500038C2348
S20500038D2A40
S20500038E5118
S20500038F0167
S2050003902344
S205000391283E
S2050003926104
S2050003930163
S2050003946300
S205000395FE64
S205000396C59C
S2050003971C44
S205000398B7A8
S2050003990757
S20500039A015C
S20500039B005C
S20500039C63F8
S20500039D64F6
S20500039EF663
S20500039F2E2A
S2050003A0B7A0
S2050003A1074F
S2050003A20055
S2050003A30153
S2050003A41340
S2050003A5074B
S2050003A680D1
S2050003A7014F
S2050003A863EC
S2050003A974DA
S2050003AAF657
S2050003AB004C
S2050003AC1338
S2050003AD0743
S2050003AE0049
S2050003AF0147
S2050003B0B790
S2050003B1073F
S2050003B21035
S2050003B30044
S2050003B4B390
S2050003B556EC
S2050003B6E65B
S2050003B70040
S2050003B893AC
S2050003B987B7
S2050003BA87B6
S2050003BB0E2E
S2050003BCB388
S2050003BD87B3
S2050003BED762
S2050003BF0038
S2050003C083B4
S2050003C1C76F
S2050003C2072E
S2050003C30034
S2050003C493A0
S2050003C5062C
S2050003C60031
S2050003C7022E
S2050003C8B37C
S2050003C987A7
S2050003CAE746
S2050003CB002C
S2050003CC33F8
S2050003CD87A3
S2050003CEF633
S2050003CF40E8
S2050003D063C4
S2050003D18C9A
S2050003D2F62F
S2050003D30024
S2050003D4B370
S2050003D5948E
S2050003D6E53C
S2050003D70020
S2050003D8B36C
S2050003D957C7
S2050003DAF924
S2050003DB001C
S2050003DCB368
S2050003DD1BFF
S2050003DEE633
S2050003DF0018
S2050003E0B364
S2050003E1E432
S2050003E2977E
S2050003E30014
S2050003E4B360
S2050003E519F9
S2050003E6E928
S2050003E70010
S2050003E8937C
S2050003E9DA34
S2050003EA0B02
S2050003EB010B
S2050003EC9378
S2050003ED8585
S2050003EE0AFF
S2050003EF0008
S2050003F013F4
S2050003F18581
S2050003F20401
S2050003F30004
S2050003F413F0
S2050003F59B67
S2050003F60BF6
S2050003F701FF
S2050003F8EF10
S2050003F930CE
S2050003FA10ED
S2050003FB3FBD
S2050003FC13E8
S2050003FD5B9F
S2050003FE0BEE
S2050003FF01F7
S2050004009363
S20500040105F0
S20500040205EF
S20500040300F3
S20500040413DF
S20500040504ED
S20500040605EB
S20500040700EF
S20500040813DB
S20500040905E8
S20500040A0BE1
S20500040B00EB
S20500040CEFFB
S20500040D30B9
S20500040E10D8
S20500040F3BAC
S2050004109353
S20500041107DE
S20500041205DF
S20500041300E3
S205000414934F
S205000415855C
S2050004160AD6
S20500041700DF
S20500041813CB
S2050004198558
S20500041A04D8
S20500041B00DB
S20500041C9347
S20500041D8455
S20500041E07D1
S20500041F00D7
S205000420EFE7
S20500042130A5
S20500042210C4
S2050004234192
S20500042413BF
S20500042515BC
S20500042605CB
S20500042701CE
S205000428933B
S205000429D7F6
S20500042A09C3
S20500042B01CA
S20500042CB317
S20500042DE7E2
S20500042EA721
S20500042F00C7
S2050004306363
S205000431FCC9
S205000432972D
S20500043300C3
S205000434B30F
S205000435873A
S205000436FBC5
S20500043700BF
S20500043813AB
S20500043907B6
S20500043AF4C8
S20500043BFFBC
S20500043C6357
S20500043DE4D5
S20500043E7741
S20500043F01B6
S2050004406353
S205000441E8CD
S205000442971D
S205000443585B
S205000444139F
S20500044504AD
S20500044607A9
S20500044700AF
S205000448B3FB
S2050004498429
S20500044A9715
S20500044B406B
S20500044C9317
S20500044D8524
S20500044E0A9E
S20500044F00A7
S2050004501393
S2050004518520
S20500045204A0
S20500045300A3
S205000454EFB3
S2050004553071
S2050004565050
S2050004573966
S205000458930B
S2050004590598
S20500045A0597
S20500045B009B
S20500045C1387
S20500045D0990
S20500045E0593
S20500045F0097
S2050004601383
S2050004610590
S2050004620B89
S2050004630093
S205000464EFA3
S2050004653061
S2050004669000
S205000467355A
S20500046893FB
S2050004690786
S20500046A0587
S20500046B008B
S20500046C93F7
S20500046D8504
S20500046E0A7E
S20500046F0087
S2050004701373
S2050004718500
S2050004720480
S2050004730083
S20500047493EF
S20500047599E8
S2050004760977
S205000477017E
S20500047893EB
S20500047984F9
S20500047A0775
S20500047B007B
S20500047CEF8B
S20500047D3049
S20500047E5028
S20500047F3B3C
S2050004801363
S2050004811560
S205000482056F
S2050004830172
S20500048493DF
S205000485D998
S2050004860967
S205000487016E
S205000488B3BB
S205000489E984
S20500048AA9C3
S20500048B006B
S20500048C6307
S20500048DFE6B
S20500048E99CF
S20500048F0067
S205000490B3B3
S20500049189DC
S2050004923B29
S2050004930162
S20500049493CF
S205000495075A
S205000496F967
S205000497FF60
S20500049863FB
S205000499E677
S20500049A79E3
S20500049B015A
S20500049C1347
S20500049D0950
S20500049EE96F
S20500049FFF58
S2050004A063F3
S2050004A1E471
S2050004A299BB
S2050004A30053
S2050004A4133F
S2050004A589C8
S2050004A60749
S2050004A7004F
S2050004A8133B
S2050004A91439
S2050004AA0448
S2050004AB014A
S2050004AC3317
S2050004AD65E4
S2050004AE2424
S2050004AF0146
S2050004B083C3
S2050004B12A1B
S2050004B24103
S2050004B30142
S2050004B4033F
S2050004B5241D
S2050004B681BF
S2050004B7023D
S2050004B8033B
S2050004B92B12
S2050004BA013B
S2050004BB013A
S2050004BC1327
S2050004BD0930
S2050004BE0038
S2050004BF0037
S2050004C06FC7
S2050004C10035
S2050004C20034
S2050004C30132
S2050004C463CF
S2050004C5FE33
S2050004C6D55B
S2050004C7042B
S2050004C8131B
S2050004C90924
S2050004CA002C
S2050004CB002B
S2050004CC1317
S2050004CD0524
S2050004CE0028
S2050004CF0027
S2050004D09393
S2050004D10520
S2050004D2091B
S2050004D30023
S2050004D463BF
S2050004D50A17
S2050004D60A16
S2050004D7001F
S2050004D8B36B
S2050004D937E6
S2050004DAA07C
S2050004DB001B
S2050004DCB367
S2050004DD0514
S2050004DE20F8
S2050004DF41D6
S2050004E0B363
S2050004E18590
S2050004E2F51F
S2050004E340D3
S2050004E433DF
S2050004E5050C
S2050004E6A070
S2050004E740CF
S2050004E8838B
S2050004E920ED
S2050004EAC14B
S2050004EB0209
S2050004EC8387
S2050004ED24E5
S2050004EE41C7
S2050004EF0205
S2050004F00303
S2050004F129DC
S2050004F20103
S2050004F30201
S2050004F4837F
S2050004F529D8
S2050004F6C13F
S2050004F701FE
S2050004F803FB
S2050004F92AD3
S2050004FA817B
S2050004FB01FA
S2050004FC8377
S2050004FD2BCE
S2050004FEC137
S2050004FF00F7
S20500050013E2
S20500050101F3
S20500050201F2
S20500050303EF
S205000504678A
S2050005058070
S20500050600EF
S20500050700EE
S205000508B33A
S20500050937B5
S20500050AA04B
S20500050B00EA
S20500050CB336
S20500050D05E3
S20500050EB037
S20500050F40A6
S205000510B332
S205000511855F
S205000512F5EE
S20500051340A2
S20500051433AE
S20500051509D7
S205000516A03F
S205000517409E
S20500051813CA
S2050005190AD2
S20500051AF0EB
S20500051BFFDB
S20500051C6F6A
S20500051DF0E8
S20500051E5F78
S20500051FE4F2
S205000520B71E
S20500052107CD
S20500052201D2
S20500052300D2
S205000524636E
S205000525E4EC
S205000526F6D9
S20500052728A6
S205000528B716
S20500052907C5
S20500052A00CB
S20500052B01C9
S20500052C13B6
S20500052D05C3
S20500052E8047
S20500052F01C5
S2050005306362
S205000531F4D0
S205000532F6CD
S20500053300C2
S20500053413AE
S20500053505BB
S20500053600BF
S20500053701BD
S205000538B706
S20500053907B5
S20500053A10AB
S20500053B00BA
S20500053C3386
S20500053DD7E1
S20500053EA611
S20500053F00B6
S2050005409322
S205000541872D
S205000542872C
S2050005430EA4
S205000544B3FE
S2050005458729
S205000546E7C8
S20500054700AE
S20500054803AA
S205000549C7E5
S20500054A07A4
S20500054B00AA
S20500054C9316
S20500054D07A1
S20500054E00A7
S20500054F02A4
S2050005503372
S205000551079D
S205000552A7FC
S20500055300A2
S205000554B3EE
S2050005558B15
S205000556E7B8
S205000557405E
S205000558633A
S205000559920A
S20500055AE7B4
S20500055B2674
S20500055C6336
S20500055DEEAA
S20500055EB6E1
S20500055F4254
S2050005603362
S205000561355F
S205000562C9CA
S2050005630092
S205000564137E
S205000565355B
S205000566157A
S205000567008E
S205000568137A
S2050005690983
S20500056A008B
S20500056B008A
S20500056C6F1A
S20500056DF098
S20500056E5F28
S20500056FF690
S2050005706322
S2050005710282
S205000572067D
S2050005731270
S205000574B7CA
S2050005750779
S205000576017E
S205000577007E
S205000578631A
S2050005797606
S20500057AF685
S20500057B403A
S20500057C1366
S20500057D3741
S20500057E0671
S20500057F1066
S2050005801362
S205000581373D
S205000582175C
S2050005830072
S205000584135E
S2050005851759
S2050005863738
S205000587006E
S205000588B3BA
S2050005895616
S20500058AE685
S20500058B006A
S20500058CB7B2
S20500058D0761
S20500058E1057
S20500058F0066
S20500059093D2
S20500059187DD
S20500059287DC
S2050005930E54
S205000594B3AE
S20500059587D9
S205000596D788
S205000597005E
S20500059883DA
S205000599CA92
S20500059A0754
S20500059B005A
S20500059C93C6
S20500059D0751
S20500059E0057
S20500059F0254
S2050005A0B3A2
S2050005A18ACA
S2050005A2EA69
S2050005A30052
S2050005A4331E
S2050005A587C9
S2050005A657F8
S2050005A7410D
S2050005A863EA
S2050005A99AB2
S2050005AA57F4
S2050005AB1139
S2050005AC93B6
S2050005AD1434
S2050005AE0641
S2050005AF0145
S2050005B0B392
S2050005B18ABA
S2050005B2C57E
S2050005B34002
S2050005B4132E
S2050005B55BE5
S2050005B60639
S2050005B7013D
S2050005B893AA
S2050005B9D468
S2050005BA0437
S2050005BB0139
S2050005BC1326
S2050005BD092F
S2050005BE1027
S2050005BF0036
S2050005C093A2
S2050005C1052F
S2050005C20B28
S2050005C30032
S2050005C4131E
S2050005C585AB
S2050005C60A25
S2050005C7002E
S2050005C8EF3E
S2050005C930FC
S2050005CA101B
S2050005CB2208
S2050005CC9396
S2050005CD85A3
S2050005CE0423
S2050005CF0026
S2050005D01312
S2050005D10420
S2050005D2051E
S2050005D30022
S2050005D4EF32
S2050005D530F0
S2050005D6908F
S2050005D71E00
S2050005D8938A
S2050005D90715
S2050005DA0516
S2050005DB001A
S2050005DC9386
S2050005DD0513
S2050005DE0B0C
S2050005DF0016
S2050005E01302
S2050005E1858F
S2050005E20A09
S2050005E30012
S2050005E4937E
S2050005E58A86
S2050005E60708
S2050005E7000E
S2050005E8EF1E
S2050005E930DC
S2050005EA907B
S2050005EB24E6
S2050005EC13F6
S2050005ED15F3
S2050005EE0502
S2050005EF0105
S2050005F09372
S2050005F1D72D
S2050005F209FA
S2050005F30101
S2050005F4B34E
S2050005F5E719
S2050005F6A758
S2050005F700FE
S2050005F8639A
S2050005F9FC00
S2050005FA57A4
S2050005FB01F9
S2050005FCB346
S2050005FD8771
S2050005FEFBFC
S2050005FF00F6
S20500060013E1
S20500060107EC
S205000602F4FE
S205000603FFF2
S205000604638D
S205000605E40B
S2050006067777
S20500060701EC
S2050006086389
S205000609EEFD
S20500060A5793
S20500060B3BAE
S20500060C13D5
S20500060D04E3
S20500060E07DF
S20500060F00E5
S205000610B331
S2050006118A59
S205000612578B
S20500061341A0
S205000614934D
S20500061505DA
S2050006160BD3
S20500061700DD
S20500061813C9
S2050006198556
S20500061A0AD0
S20500061B00D9
S20500061CEFE9
S20500061D30A7
S20500061ED006
S20500061F1CB9
S2050006209341
S205000621854E
S20500062204CE
S20500062300D1
S205000624933D
S20500062504CB
S20500062605C9
S20500062700CD
S205000628EFDD
S205000629309B
S20500062A507A
S20500062B19B0
S20500062C9335
S20500062D07C0
S20500062E05C1
S20500062F00C5
S2050006309331
S20500063105BE
S2050006320BB7
S20500063300C1
S20500063413AD
S205000635853A
S2050006360AB4
S20500063700BD
S2050006389329
S2050006399922
S20500063A09B1
S20500063B01B8
S20500063C9325
S20500063D8A2D
S20500063E07AF
S20500063F00B5
S205000640EFC5
S2050006413083
S20500064210A2
S2050006431F92
S205000644139D
S205000645159A
S20500064605A9
S20500064701AC
S2050006489319
S205000649D9D2
S20500064A09A1
S20500064B01A8
S20500064CB3F5
S20500064DE9BE
S20500064EA9FD
S20500064F00A5
S2050006506341
S205000651FEA5
S2050006525949
S20500065301A0
S205000654B3ED
S2050006558916
S2050006563B63
S205000657019C
S2050006589309
S2050006598714
S20500065AF4A6
S20500065BFF9A
S20500065C6335
S20500065DE6B1
S20500065E791D
S20500065F0194
S2050006609301
S205000661840F
S205000662E4AE
S205000663FF92
S205000664632D
S205000665E4AB
S2050006665935
S205000667018C
S20500066893F9
S2050006698407
S20500066A0783
S20500066B0089
S20500066C1375
S20500066D1572
S20500066E0482
S20500066F0184
S2050006708301
S2050006712A59
S2050006724141
S2050006730180
S205000674037D
S205000675245B
S20500067681FD
S205000677027B
S2050006780379
S2050006792B50
S20500067A0179
S20500067B0178
S20500067C3345
S20500067D6512
S20500067E95E1
S20500067F0075
S2050006806F05
S205000681F083
S2050006821F53
S205000683E58C
S205000684135D
S2050006853738
S2050006860668
S205000687105D
S2050006881359
S2050006893734
S20500068A1753
S20500068B0069
S20500068C1355
S20500068D1750
S20500068E372F
S20500068F0065
S2050006906FF5
S205000691F073
S2050006921F43
S205000693D28F
S205000694B7A9
S2050006950758
S205000696104E
S205000697005D
S20500069893C9
S2050006990655
S20500069A005A
S20500069B0059
S20500069C93C5
S20500069D87D0
S20500069E87CF
S20500069F0E47
S2050006A0B3A1
S2050006A187CC
S2050006A2D77B
S2050006A30051
S2050006A483CD
S2050006A5CA85
S2050006A60747
S2050006A7004D
S2050006A81339
S2050006A90744
S2050006AA004A
S2050006AB0049
S2050006AC93B5
S2050006AD0740
S2050006AE0046
S2050006AF0243
S2050006B0B391
S2050006B18AB9
S2050006B2EA58
S2050006B30041
S2050006B4330D
S2050006B587B8
S2050006B657E7
S2050006B741FC
S2050006B8E359
S2050006B98AB1
S2050006BA57E3
S2050006BBEF4A
S2050006BCB385
S2050006BD1B1C
S2050006BEE650
S2050006BF0035
S2050006C02311
S2050006C1240F
S2050006C281B1
S2050006C30130
S2050006C4131D
S2050006C5DB54
S2050006C60B23
S2050006C7012C
S2050006C833F9
S2050006C9DC4F
S2050006CA55D5
S2050006CB0128
S2050006CCB375
S2050006CD9790
S2050006CEE541
S2050006CF0025
S2050006D0B371
S2050006D15AC9
S2050006D259C9
S2050006D30120
S2050006D4938D
S2050006D5051A
S2050006D60B13
S2050006D7001D
S2050006D81309
S2050006D90516
S2050006DA0C0E
S2050006DB0019
S2050006DC9385
S2050006DD9483
S2050006DE0B0B
S2050006DF0114
S2050006E0B361
S2050006E1EA29
S2050006E2FA18
S2050006E30011
S2050006E4B35D
S2050006E519F6
S2050006E6E925
S2050006E7000D
S2050006E89379
S2050006E9D437
S2050006EA0406
S2050006EB0108
S2050006ECEF19
S2050006ED30D7
S2050006EED036
S2050006EF0FF6
S2050006F09371
S2050006F105FE
S2050006F205FD
S2050006F30001
S2050006F413ED
S2050006F509F6
S2050006F605F9
S2050006F700FD
S2050006F813E9
S2050006F98576
S2050006FA04F6
S2050006FB00F9
S2050006FCEF09
S2050006FD30C7
S2050006FE10E6
S2050006FF0CE9
S20500070013E0
S20500070104EE
S20500070205EC
S20500070300F0
S205000704935C
S20500070505E9
S2050007060BE2
S20500070700EC
S20500070813D8
S20500070905E5
S20500070A0CDD
S20500070B00E8
S20500070CEFF8
S20500070D30B6
S20500070E5095
S20500070F12D2
S20500071013D0
S20500071115CD
S20500071205DC
S20500071301DF
S205000714934C
S205000715D707
S2050007160AD3
S20500071701DB
S205000718B328
S205000719E7F3
S20500071AA732
S20500071B00D8
S20500071C6374
S20500071DFED8
S20500071E874E
S20500071F00D4
S205000720B320
S205000721874B
S205000722FBD6
S20500072300D0
S20500072413BC
S20500072507C7
S205000726F9D4
S205000727FFCD
S2050007286368
S205000729E6E4
S20500072A7752
S20500072B299F
S20500072C6364
S20500072DF4D2
S20500072E873E
S20500072F289C
S20500073013B0
S20500073109B9
S205000732E9D8
S205000733FFC1
S205000734B30C
S2050007358737
S2050007367746
S20500073701BB
S2050007383388
S2050007398436
S20500073A8732
S20500073B4078
S20500073C9324
S20500073D05B1
S20500073E0BAA
S20500073F00B4
S20500074013A0
S20500074105AD
S20500074204AD
S20500074300B0
S205000744EFC0
S205000745307E
S205000746505D
S2050007470AA2
S2050007489318
S20500074905A5
S20500074A05A4
S20500074B00A8
S20500074C1394
S20500074D0C9A
S20500074E05A0
S20500074F00A4
S2050007501390
S205000751851D
S205000752049D
S20500075300A0
S205000754EFB0
S205000755306E
S205000756900D
S2050007570696
S2050007589308
S2050007590793
S20500075A0594
S20500075B0098
S20500075C9304
S20500075D0591
S20500075E0B8A
S20500075F0094
S2050007601380
S205000761058D
S205000762048D
S2050007630090
S20500076493FC
S2050007659AF4
S2050007660A83
S205000767018B
S2050007681378
S2050007698406
S20500076A0782
S20500076B0088
S20500076CEF98
S20500076D3056
S20500076E5035
S20500076F0C78
S2050007701370
S205000771156D
S205000772057C
S205000773017F
S20500077493EC
S205000775DAA4
S2050007760A73
S205000777017B
S205000778B3C8
S205000779EA90
S20500077AAACF
S20500077B0078
S20500077C6314
S20500077DFE78
S20500077E8AEB
S20500077F0074
S205000780B3C0
S2050007818AE8
S2050007825B16
S205000783016F
S20500078493DC
S2050007850767
S205000786FC71
S205000787FF6D
S2050007886308
S205000789EE7C
S20500078A7AEF
S20500078B2147
S20500078C6304
S20500078DFC6A
S20500078E8ADB
S20500078F2044
S2050007901350
S2050007910C56
S205000792EC75
S205000793FF61
S205000794B3AC
S2050007958AD4
S2050007967AE3
S205000797015B
S2050007981348
S2050007991941
S20500079A0950
S20500079B0157
S20500079C3324
S20500079D69ED
S20500079E89CC
S20500079F0153
S2050007A0B3A0
S2050007A18AC8
S2050007A28AC7
S2050007A34010
S2050007A4034C
S2050007A52C22
S2050007A681CC
S2050007A7004C
S2050007A86FDC
S2050007A9F05A
S2050007AA9FAA
S2050007ABE167
S2050007AC1334
S2050007ADB591
S2050007AE063F
S2050007AF1034
S2050007B01330
S2050007B1350D
S2050007B2152C
S2050007B30040
S2050007B4132C
S2050007B51529
S2050007B63508
S2050007B7003C
S2050007B86FCC
S2050007B9F04A
S2050007BA1F1A
S2050007BBD860
S2050007BCB384
S2050007BD96A0
S2050007BE76BF
S2050007BF0133
S2050007C02310
S2050007C12012
S2050007C2A190
S2050007C3012F
S2050007C433FC
S2050007C55DD1
S2050007C6E647
S2050007C7002C
S2050007C833F8
S2050007C96DBD
S2050007CADD4C
S2050007CB0028
S2050007CC2304
S2050007CD2AFC
S2050007CE51D4
S2050007CF0123
S2050007D02300
S2050007D12200
S2050007D29190
S2050007D3011F
S2050007D4938C
S2050007D55AC4
S2050007D60D10
S2050007D7011B
S2050007D8B368
S2050007D9DC3E
S2050007DAE534
S2050007DB0018
S2050007DCB364
S2050007DD977F
S2050007DE75A0
S2050007DF0113
S2050007E033E0
S2050007E157BB
S2050007E2E928
S2050007E30010
S2050007E423EC
S2050007E524EA
S2050007E6818C
S2050007E7010B
S2050007E89378
S2050007E98585
S2050007EA0AFF
S2050007EB0008
S2050007EC13F4
S2050007ED8581
S2050007EE0CF9
S2050007EF0004
S2050007F013F0
S2050007F11CE6
S2050007F20DF4
S2050007F301FF
S2050007F4B34C
S2050007F56995
S2050007F6F706
S2050007F700FC
S2050007F8B348
S2050007F914E6
S2050007FA7683
S2050007FB01F7
S2050007FC23D4
S2050007FD24D2
S2050007FE8174
S2050007FF02F2
S20500080023CF
S20500080128C9
S205000802618F
S20500080301EE
S20500080413DB
S2050008055C91
S2050008060CE0
S20500080701EA
S205000808EFFB
S20500080930B9
S20500080A00E8
S20500080B7E69
S20500080C9353
S20500080D05E0
S20500080E05DF
S20500080F00E3
S20500081013CF
S20500081104DD
S20500081205DB
S20500081300DF
S20500081413CB
S20500081505D8
S2050008160CD0
S20500081700DB
S205000818EFEB
S20500081930A9
S20500081A4098
S20500081B7A5D
S20500081C13C3
S20500081D0BCA
S20500081E05CF
S20500081F00D3
S205000820933F
S205000821854C
S2050008220AC6
S20500082300CF
S20500082413BB
S2050008258548
S2050008260CC0
S20500082700CB
S205000828EFDB
S2050008293099
S20500082A9038
S20500082B00C7
S20500082C13B3
S20500082D15B0
S20500082E05BF
S20500082F01C2
S205000830932F
S205000831D7EA
S20500083209B7
S20500083301BE
S205000834B30B
S205000835E7D6
S205000836A715
S20500083700BB
S2050008386357
S205000839FEBB
S20500083A6751
S20500083B01B6
S20500083CB303
S20500083D07AE
S20500083EFDB7
S20500083F00B3
S205000840139F
S20500084107AA
S205000842F4BC
S205000843FFB0
S205000844634B
S205000845ECC1
S205000846A705
S2050008471794
S2050008486347
S205000849FAAF
S20500084A6741
S20500084B1790
S20500084C1393
S20500084D04A1
S20500084EE4C0
S20500084FFFA4
S205000850B3EF
S205000851871A
S205000852A7F9
S205000853019E
S205000854336B
S2050008558B12
S2050008566735
S205000857415A
S2050008589307
S2050008598514
S20500085A0A8E
S20500085B0097
S20500085C1383
S20500085D0590
S20500085E0B89
S20500085F0093
S205000860EFA3
S2050008613061
S2050008628010
S2050008637817
S20500086493FB
S2050008650588
S2050008660587
S205000867008B
S20500086893F7
S2050008690C7D
S20500086A0583
S20500086B0087
S20500086C1373
S20500086D0580
S20500086E0C78
S20500086F0083
S205000870EF93
S2050008713051
S205000872C0C0
S205000873740B
S20500087493EB
S2050008750776
S2050008760577
S205000877007B
S20500087893E7
S20500087985F4
S20500087A0A6E
S20500087B0077
S20500087C1363
S20500087D0570
S20500087E0B69
S20500087F0073
S20500088093DF
S2050008818AE7
S2050008820769
S205000883006F
S205000884EF7F
S205000885303D
S205000886C0AC
S2050008877AF1
S2050008881357
S20500088997D2
S20500088A095F
S20500088B0166
S20500088C1353
S20500088D1550
S20500088E055F
S20500088F0162
S205000890134F
S205000891570A
S2050008920759
S205000893015E
S205000894332B
S20500089567F6
S205000896A7B5
S205000897005B
S20500089863F7
S2050008997EDB
S20500089A5701
S20500089B0156
S20500089C3323
S20500089D074E
S20500089EED67
S20500089F0053
S2050008A093BF
S2050008A187CA
S2050008A2FC54
S2050008A3FF50
S2050008A463EB
S2050008A564E9
S2050008A6A7A5
S2050008A7113A
S2050008A863E7
S2050008A972D7
S2050008AA57F1
S2050008AB1136
S2050008AC93B3
S2050008AD8CB9
S2050008AEEC58
S2050008AFFF44
S2050008B0330F
S2050008B1073A
S2050008B2A799
S2050008B3013E
S2050008B4132B
S2050008B51528
S2050008B60438
S2050008B7013A
S2050008B83703
S2050008B90336
S2050008BA0137
S2050008BB0037
S2050008BC3303
S2050008BD64D1
S2050008BE959F
S2050008BF0132
S2050008C0939F
S2050008C1072A
S2050008C2F33D
S2050008C3FF30
S2050008C433FB
S2050008C578B5
S2050008C6F438
S2050008C7002B
S2050008C8B377
S2050008C9F732
S2050008CAF434
S2050008CB0027
S2050008CC33F3
S2050008CD071E
S2050008CE57CD
S2050008CF41E2
S2050008D0938F
S2050008D15EC3
S2050008D2041C
S2050008D3011E
S2050008D4938B
S2050008D5D449
S2050008D60418
S2050008D7011A
S2050008D81307
S2050008D90514
S2050008DA0810
S2050008DB0017
S2050008DC9383
S2050008DD8590
S2050008DE070D
S2050008DF0013
S2050008E0EF23
S2050008E130E1
S2050008E2C050
S2050008E36DA2
S2050008E413FB
S2050008E50EFF
S2050008E60507
S2050008E7000B
S2050008E89377
S2050008E98584
S2050008EA0404
S2050008EB0007
S2050008EC13F3
S2050008ED0500
S2050008EE08FC
S2050008EF0003
S2050008F0EF13
S2050008F130D1
S2050008F2C040
S2050008F36C93
S2050008F413EB
S2050008F508F5
S2050008F605F7
S2050008F700FB
S2050008F89367
S2050008F98574
S2050008FA07F1
S2050008FB00F7
S2050008FC13E3
S2050008FD8570
S2050008FE0EE6
S2050008FF00F3
S205000900EF02
S20500090130C0
S205000902C02F
S2050009036B83
S205000904935A
S20500090508E4
S20500090605E6
S20500090700EA
S2050009089356
S2050009098563
S20500090A04E3
S20500090B00E6
S20500090C13D2
S20500090D855F
S20500090E0ED5
S20500090F00E2
S205000910EFF2
S20500091130B0
S205000912C01F
S2050009136A74
S205000914934A
S2050009155785
S2050009160ECD
S20500091701D9
S20500091833A6
S20500091908D0
S20500091A18BF
S20500091B01D5
S20500091CB322
S20500091D874D
S20500091E07CC
S20500091F01D1
S205000920636E
S205000921F4DC
S20500092217B8
S20500092301CD
S205000924339A
S20500092505C7
S2050009266566
S20500092700CA
S2050009289336
S205000929D6F2
S20500092A07C0
S20500092B01C5
S20500092CB312
S20500092D863E
S20500092EA61D
S20500092F00C2
S205000930635E
S205000931665A
S205000932D7E8
S20500093304BA
S205000934635A
S20500093504B8
S205000936D7E4
S20500093702B8
S20500093813A6
S20500093905B3
S20500093A04B3
S20500093B00B6
S20500093C03B2
S20500093D2490
S20500093E8132
S20500093F02B0
S205000940832E
S2050009412A86
S205000942416E
S20500094301AD
S20500094403AA
S2050009452B81
S20500094601AA
S20500094701A9
S20500094803A6
S2050009492C7C
S20500094A8126
S20500094B00A6
S20500094C8322
S20500094D2C78
S20500094E4162
S20500094F00A2
S205000950039E
S2050009512D73
S205000952019E
S205000953009E
S205000954138A
S2050009550993
S205000956009B
S205000957009A
S2050009586F2A
S205000959F0A8
S20500095A9FF8
S20500095BB7DF
S20500095C375E
S20500095D078D
S20500095E0192
S20500095F0092
S205000960137E
S2050009610789
S205000962F798
S205000963FF8F
S205000964B3DA
S205000965F795
S205000966E7A4
S205000967008A
S20500096893F6
S20500096997F1
S20500096A0780
S20500096B0185
S20500096C3352
S20500096D7E06
S20500096EEE95
S20500096F0082
S205000970334E
S205000971156B
S2050009727906
S205000973017D
S205000974B3CA
S20500097587F5
S205000976C7B4
S2050009770179
S205000978E396
S2050009797008
S20500097AF582
S20500097BFC7A
S20500097C1362
S20500097D056F
S20500097EF47F
S20500097FFF73
S2050009806F02
S205000981F080
S205000982DF90
S205000983FB73
S205000984B7B6
S2050009850765
S205000986006B
S2050009870169
S2050009886306
S2050009897AEE
S20500098AF671
S20500098B0462
S20500098C93D2
S20500098D560E
S20500098E065D
S20500098F0161
S205000990134E
S2050009910759
S205000992005F
S205000993015D
S2050009946FEE
S205000995F06C
S2050009969FBC
S205000997BF9B
S2050009981346
S205000999094F
S20500099A0057
S20500099B0056
S20500099C1342
S20500099D054F
S20500099E1043
S20500099F0052
S2050009A06FE2
S2050009A1F060
S2050009A21F30
S2050009A3B39B
S2050009A4133A
S2050009A58CC0
S2050009A60744
S2050009A7004A
S2050009A86FDA
S2050009A9F058
S2050009AA1F28
S2050009ABDF67
S2050009AC93B2
S2050009AD8CB8
S2050009AE073C
S2050009AF0042
S2050009B06FD2
S2050009B1F050
S2050009B25FE0
S2050009B3F04E
S2050009B4132A
S2050009B50933
S2050009B60734
S2050009B7003A
S2050009B86FCA
S2050009B9F048
S2050009BA1F18
S2050009BBD85E
S2050009BC1322
S2050009BD0430
S2050009BE072C
S2050009BF0032
S2050009C06FC2
S2050009C1F040
S2050009C25FD0
S2050009C3E945
S2050009C4131A
S2050009C50428
S2050009C6E447
S2050009C7FF2B
S2050009C8B376
S2050009C987A1
S2050009CA77B0
S2050009CB0125
S2050009CC6FB6
S2050009CDF034
S2050009CE5FC4
S2050009CFC45E
S2050009D0130E
S2050009D1041C
S2050009D2E43B
S2050009D3FF1F
S2050009D4B36A
S2050009D58795
S2050009D677A4
S2050009D70119
S2050009D86FAA
S2050009D9F028
S2050009DA1FF8
S2050009DBA76F
S2050009DC9382
S2050009DD56BE
S2050009DE868D
S2050009DF0111
S2050009E013FE
S2050009E10709
S2050009E2808F
S2050009E3010D
S2050009E46F9E
S2050009E5F01C
S2050009E69F6C
S2050009E7BA50
S2050009E813F6
S2050009E90107
S2050009EA0106
S2050009EBFC0A
S2050009EC23E2
S2050009ED2CD8
S2050009EE8182
S2050009EF0200
S2050009F023DE
S2050009F12ED2
S2050009F211EE
S2050009F302FC
S2050009F423DA
S2050009F528D4
S2050009F621DA
S2050009F703F7
S2050009F823D6
S2050009F926D2
S2050009FA31C6
S2050009FB03F3
S2050009FC23D2
S2050009FD24D0
S2050009FE41B2
S2050009FF03EF
S205000A00935D
S205000A0107E8
S205000A0205E9
S205000A0300ED
S205000A0413D9
S205000A0504E7
S205000A0600EA
S205000A0700E9
S205000A086385
S205000A09CC1B
S205000A0A05E1
S205000A0B1CC9
S205000A0C6381
S205000A0DDA09
S205000A0E06DC
S205000A0F00E1
S205000A1033AD
S205000A1137A8
S205000A12C01E
S205000A1300DD
S205000A14B329
S205000A1506D5
S205000A16D00A
S205000A174099
S205000A18B325
S205000A198651
S205000A1AE6F0
S205000A1B4095
S205000A1C33A1
S205000A1D06CD
S205000A1EC012
S205000A1F4091
S205000A20933D
S205000A2109C6
S205000A2206C8
S205000A2300CD
S205000A2413B9
S205000A258A41
S205000A2607C3
S205000A2700C9
S205000A2813B5
S205000A29893E
S205000A2A05C1
S205000A2B00C5
S205000A2C6361
S205000A2D962D
S205000A2E06BC
S205000A2F14AD
S205000A30239D
S205000A312A95
S205000A32912D
S205000A3302BB
S205000A342399
S205000A352299
S205000A365169
S205000A3703B6
S205000A382395
S205000A392097
S205000A3A6155
S205000A3B03B2
S205000A3C6351
S205000A3DFEB5
S205000A3EC5ED
S205000A3F1A97
S205000A403779
S205000A4107A8
S205000A4201AD
S205000A4300AD
S205000A446349
S205000A456447
S205000A46E6C4
S205000A472881
S205000A483771
S205000A4907A0
S205000A4A00A6
S205000A4B01A4
S205000A4C9311
S205000A4D069D
S205000A4E8022
S205000A4F01A0
S205000A50633D
S205000A51742B
S205000A52E6B8
S205000A53009D
S205000A549309
S205000A550695
S205000A56009A
S205000A570198
S205000A583761
S205000A590790
S205000A5A1086
S205000A5B0095
S205000A5C3361
S205000A5D553E
S205000A5ED6BC
S205000A5F0091
S205000A60137D
S205000A610788
S205000A628707
S205000A630E7F
S205000A643359
S205000A650784
S205000A66A7E3
S205000A670089
S205000A680385
S205000A694740
S205000A6A077F
S205000A6B0085
S205000A6C1371
S205000A6D057E
S205000A6E0082
S205000A6F027F
S205000A70334D
S205000A710778
S205000A72D7A7
S205000A73007D
S205000A74B3C9
S205000A750477
S205000A76E595
S205000A774039
S205000A786315
S205000A790C6B
S205000A7AE591
S205000A7B0075
S205000A7C3341
S205000A7D99DA
S205000A7E95DD
S205000A7F0071
S205000A80333D
S205000A81D798
S205000A82E787
S205000A83006D
S205000A84B3B9
S205000A851952
S205000A8696D4
S205000A870069
S205000A883335
S205000A8969FE
S205000A8A273F
S205000A8B0164
S205000A8C3331
S205000A8D9AC9
S205000A8E97CB
S205000A8F0061
S205000A9093CD
S205000A91DA85
S205000A920955
S205000A93015C
S205000A9493C9
S205000A9585D6
S205000A960A50
S205000A970059
S205000A981345
S205000A990552
S205000A9A094D
S205000A9B0055
S205000A9C1341
S205000A9D9BB8
S205000A9E0949
S205000A9F0150
S205000AA0EF61
S205000AA1301F
S205000AA280CE
S205000AA354F9
S205000AA41339
S205000AA55BF0
S205000AA60B3F
S205000AA70148
S205000AA893B5
S205000AA90542
S205000AAA0B3B
S205000AAB0045
S205000AACEF55
S205000AAD3013
S205000AAE0042
S205000AAF51F0
S205000AB093AD
S205000AB10738
S205000AB20539
S205000AB3003D
S205000AB493A9
S205000AB585B6
S205000AB60A30
S205000AB70039
S205000AB81325
S205000AB90532
S205000ABA092D
S205000ABB0035
S205000ABC1321
S205000ABD89AA
S205000ABE072B
S205000ABF0031
S205000AC0EF41
S205000AC130FF
S205000AC2002E
S205000AC357D6
S205000AC41319
S205000AC51516
S205000AC60525
S205000AC70128
S205000AC89395
S205000AC957D0
S205000ACA0A1C
S205000ACB0124
S205000ACCB371
S205000ACDE73C
S205000ACEA77B
S205000ACF0021
S205000AD063BD
S205000AD1F827
S205000AD227F7
S205000AD3011C
S205000AD4B369
S205000AD58794
S205000AD6F921
S205000AD70019
S205000AD863B5
S205000AD9E433
S205000ADA37DF
S205000ADB0114
S205000ADC63B1
S205000ADDE62D
S205000ADE27EB
S205000ADF53BE
S205000AE033DD
S205000AE18986
S205000AE227E7
S205000AE341CC
S205000AE49379
S205000AE58586
S205000AE60A00
S205000AE70009
S205000AE813F5
S205000AE90502
S205000AEA09FD
S205000AEB0005
S205000AECEF15
S205000AED30D3
S205000AEEC042
S205000AEF4FB2
S205000AF0936D
S205000AF105FA
S205000AF20BF3
S205000AF300FD
S205000AF4EF0D
S205000AF530CB
S205000AF6807A
S205000AF74CAD
S205000AF89365
S205000AF907F0
S205000AFA05F1
S205000AFB00F5
S205000AFC9361
S205000AFD856E
S205000AFE0AE8
S205000AFF00F1
S205000B0013DC
S205000B0105E9
S205000B0209E4
S205000B0300EC
S205000B0413D8
S205000B058961
S205000B0607E2
S205000B0700E8
S205000B08EFF8
S205000B0930B6
S205000B0A8065
S205000B0B5292
S205000B0C9350
S205000B0D17CB
S205000B0E0AD7
S205000B0F01DF
S205000B1013CC
S205000B1115C9
S205000B1205D8
S205000B1301DB
S205000B149348
S205000B15D703
S205000B1607D2
S205000B1701D7
S205000B18B324
S205000B19E7EF
S205000B1AA72E
S205000B1B00D4
S205000B1C6370
S205000B1DFAD8
S205000B1E27AA
S205000B1F01CF
S205000B20B31C
S205000B218747
S205000B22F9D4
S205000B2300CC
S205000B246368
S205000B25E6E4
S205000B263792
S205000B2701C7
S205000B286364
S205000B29F4D2
S205000B2A279E
S205000B2B01C3
S205000B2CB310
S205000B2D873B
S205000B2E378A
S205000B2F01BF
S205000B30B30C
S205000B318737
S205000B322796
S205000B33417B
S205000B343388
S205000B35D5E5
S205000B369722
S205000B3700B8
S205000B388334
S205000B392A8C
S205000B3A4174
S205000B3B02B2
S205000B3C8330
S205000B3D248E
S205000B3E4170
S205000B3F03AD
S205000B4003AC
S205000B412B83
S205000B4201AC
S205000B4302AA
S205000B449318
S205000B4505A5
S205000B4600A9
S205000B4700A8
S205000B486344
S205000B490A9C
S205000B4A04A1
S205000B4B00A4
S205000B4CB3F0
S205000B4D376B
S205000B4EA001
S205000B4F00A0
S205000B50B3EC
S205000B510599
S205000B52B0ED
S205000B53405C
S205000B54B3E8
S205000B558515
S205000B56F5A4
S205000B574058
S205000B583364
S205000B590591
S205000B5AA0F5
S205000B5B4054
S205000B5C8310
S205000B5D2072
S205000B5EC1D0
S205000B5F038D
S205000B60038C
S205000B61246A
S205000B62810C
S205000B630389
S205000B640388
S205000B652961
S205000B660188
S205000B670385
S205000B688304
S205000B69295D
S205000B6AC1C4
S205000B6B0282
S205000B6C0380
S205000B6D2A58
S205000B6E8100
S205000B6F027E
S205000B70136C
S205000B71017D
S205000B72017C
S205000B730478
S205000B746714
S205000B7580FA
S205000B760079
S205000B770078
S205000B781364
S205000B7988EE
S205000B7A076E
S205000B7B0074
S205000B7C1360
S205000B7D85ED
S205000B7E076A
S205000B7F0070
S205000B80E38C
S205000B81E48A
S205000B82D598
S205000B83FC70
S205000B843734
S205000B850763
S205000B860168
S205000B870068
S205000B886304
S205000B89E680
S205000B8AE67F
S205000B8B2440
S205000B8C372C
S205000B8D075B
S205000B8E0061
S205000B8F015F
S205000B90134C
S205000B910559
S205000B9280DD
S205000B93015B
S205000B9463F8
S205000B95F466
S205000B96E673
S205000B970058
S205000B981344
S205000B990551
S205000B9A0055
S205000B9B0153
S205000B9C371C
S205000B9D074B
S205000B9E1041
S205000B9F0050
S205000BA0B39C
S205000BA1D876
S205000BA2A6A7
S205000BA3004C
S205000BA41338
S205000BA50743
S205000BA687C2
S205000BA70E3A
S205000BA83314
S205000BA9073F
S205000BAA172E
S205000BAB0143
S205000BAC0340
S205000BAD4AF8
S205000BAE073A
S205000BAF0040
S205000BB0132C
S205000BB10737
S205000BB2003D
S205000BB3023A
S205000BB43308
S205000BB50A30
S205000BB6AA8F
S205000BB70038
S205000BB8B384
S205000BB9092D
S205000BBA47EE
S205000BBB41F3
S205000BBC63D0
S205000BBD141E
S205000BBE47EA
S205000BBF230D
S205000BC063CC
S205000BC1E44A
S205000BC2B677
S205000BC3002C
S205000BC463C8
S205000BC5EA40
S205000BC6C762
S205000BC70028
S205000BC833F4
S205000BC9889E
S205000BCAC75E
S205000BCB40E4
S205000BCCB370
S205000BCD869C
S205000BCED54C
S205000BCF40E0
S205000BD0B36C
S205000BD1B569
S205000BD20716
S205000BD3011B
S205000BD4B368
S205000BD58595
S205000BD6B663
S205000BD740D8
S205000BD81304
S205000BD90511
S205000BDA080D
S205000BDB0014
S205000BDC6FA4
S205000BDDF022
S205000BDEDF32
S205000BDFF61A
S205000BE033DC
S205000BE137D7
S205000BE2A06D
S205000BE3000C
S205000BE4B358
S205000BE50505
S205000BE6B059
S205000BE740C8
S205000BE8B354
S205000BE98581
S205000BEAE520
S205000BEB40C4
S205000BECB350
S205000BED07FB
S205000BEEA061
S205000BEF40C0
S205000BF013EC
S205000BF104FA
S205000BF2F00D
S205000BF3FFFD
S205000BF46F8C
S205000BF5F00A
S205000BF69F5A
S205000BF7E117
S205000BF86394
S205000BF902F4
S205000BFA06EF
S205000BFB0EE6
S205000BFC37BC
S205000BFD07EB
S205000BFE01F0
S205000BFF00F0
S205000C00638B
S205000C01727B
S205000C02E606
S205000C033EAD
S205000C049357
S205000C0536B3
S205000C0606E2
S205000C0710D7
S205000C089353
S205000C09B62F
S205000C0A16CE
S205000C0B00E3
S205000C0C934F
S205000C0D964B
S205000C0E36AA
S205000C0F00DF
S205000C1033AB
S205000C115588
S205000C12D606
S205000C1300DB
S205000C1437A3
S205000C1507D2
S205000C1610C8
S205000C1700D7
S205000C1813C3
S205000C1907CE
S205000C1A874D
S205000C1B0EC5
S205000C1C339F
S205000C1D07CA
S205000C1EA729
S205000C1F00CF
S205000C20834B
S205000C214A83
S205000C2207C5
S205000C2300CB
S205000C2413B7
S205000C2507C2
S205000C2600C8
S205000C2702C5
S205000C28B313
S205000C298A3B
S205000C2ADAEA
S205000C2B00C3
S205000C2CB30F
S205000C2D04BD
S205000C2E5769
S205000C2F417E
S205000C30635B
S205000C311AA3
S205000C325765
S205000C330DAE
S205000C3413A7
S205000C3519A0
S205000C3606B2
S205000C3701B6
S205000C38B303
S205000C398A2B
S205000C3AC5EF
S205000C3B4073
S205000C3C139F
S205000C3D5B56
S205000C3E06AA
S205000C3F01AE
S205000C40139B
S205000C415954
S205000C4209A3
S205000C4301AA
S205000C449317
S205000C4505A4
S205000C460B9D
S205000C4700A7
S205000C481393
S205000C498520
S205000C4A0A9A
S205000C4B00A3
S205000C4CEFB3
S205000C4D3071
S205000C4EC0E0
S205000C4F3966
S205000C50930B
S205000C510598
S205000C520993
S205000C53009B
S205000C54EFAB
S205000C553069
S205000C568018
S205000C573661
S205000C589303
S205000C59078E
S205000C5A058F
S205000C5B0093
S205000C5C93FF
S205000C5D058C
S205000C5E0B85
S205000C5F008F
S205000C60137B
S205000C618508
S205000C620A82
S205000C63008B
S205000C6493F7
S205000C658AFF
S205000C660781
S205000C670087
S205000C68EF97
S205000C693055
S205000C6A8004
S205000C6B3C47
S205000C6C136F
S205000C6D156C
S205000C6E057B
S205000C6F017E
S205000C7093EB
S205000C715726
S205000C720A72
S205000C73017A
S205000C74B3C7
S205000C75E792
S205000C76A7D1
S205000C770077
S205000C786313
S205000C79FA7B
S205000C7A571D
S205000C7B0172
S205000C7CB3BF
S205000C7D87EA
S205000C7EF977
S205000C7F006F
S205000C80630B
S205000C81E687
S205000C823735
S205000C83016A
S205000C846307
S205000C85F475
S205000C865711
S205000C870166
S205000C88B3B3
S205000C8987DE
S205000C8A372D
S205000C8B0162
S205000C8CB3AF
S205000C8D8AD7
S205000C8E5709
S205000C8F411E
S205000C9093CB
S205000C910558
S205000C920B51
S205000C93005B
S205000C941347
S205000C9585D4
S205000C960A4E
S205000C970057
S205000C98EF67
S205000C993025
S205000C9A0054
S205000C9B351E
S205000C9C93BF
S205000C9D054C
S205000C9E0947
S205000C9F004F
S205000CA0EF5F
S205000CA1301D
S205000CA2C08C
S205000CA3311A
S205000CA41337
S205000CA50940
S205000CA60543
S205000CA70047
S205000CA893B3
S205000CA90540
S205000CAA0B39
S205000CAB0043
S205000CAC132F
S205000CAD85BC
S205000CAE0A36
S205000CAF003F
S205000CB0EF4F
S205000CB1300D
S205000CB2003C
S205000CB33803
S205000CB41327
S205000CB51A1F
S205000CB60A2E
S205000CB70136
S205000CB893A3
S205000CB9171E
S205000CBA052F
S205000CBB0132
S205000CBC131F
S205000CBD5AD7
S205000CBE0A26
S205000CBF012E
S205000CC0B37B
S205000CC167C6
S205000CC2FA32
S205000CC3002B
S205000CC4E347
S205000CC5F633
S205000CC62701
S205000CC7E740
S205000CC86FB7
S205000CC9F035
S205000CCA9F85
S205000CCBE53E
S205000CCC938F
S205000CCD36EB
S205000CCE061A
S205000CCF100F
S205000CD0938B
S205000CD1B667
S205000CD21606
S205000CD3001B
S205000CD49387
S205000CD59683
S205000CD636E2
S205000CD70017
S205000CD86FA7
S205000CD9F025
S205000CDA1FF5
S205000CDBD83B
S205000CDC37DB
S205000CDD070A
S205000CDE1000
S205000CDF000F
S205000CE013FB
S205000CE10508
S205000CE2000C
S205000CE3000B
S205000CE413F7
S205000CE50702
S205000CE68781
S205000CE70EF9
S205000CE833D3
S205000CE907FE
S205000CEAA75D
S205000CEB0003
S205000CEC837F
S205000CED4AB7
S205000CEE07F9
S205000CEF00FF
S205000CF0936B
S205000CF106F7
S205000CF200FC
S205000CF300FB
S205000CF413E7
S205000CF507F2
S205000CF600F8
S205000CF702F5
S205000CF8B343
S205000CF98A6B
S205000CFADA1A
S205000CFB00F3
S205000CFCB33F
S205000CFD04ED
S205000CFE5799
S205000CFF41AE
S205000D00E30A
S205000D010AE2
S205000D025794
S205000D03F3F7
S205000D04B336
S205000D0519CF
S205000D069651
S205000D0700E6
S205000D0823C2
S205000D092CB8
S205000D0A8162
S205000D0B01E1
S205000D0C13CE
S205000D0DDB05
S205000D0E09D6
S205000D0F01DD
S205000D1033AA
S205000D11DC00
S205000D125586
S205000D1301D9
S205000D1433A6
S205000D159741
S205000D169542
S205000D1700D6
S205000D18B322
S205000D19DAFA
S205000D1A577C
S205000D1B01D1
S205000D1C933E
S205000D1D05CB
S205000D1E0BC4
S205000D1F00CE
S205000D2013BA
S205000D2105C7
S205000D220CBF
S205000D2300CA
S205000D2413B6
S205000D25992F
S205000D2609BE
S205000D2701C5
S205000D28B312
S205000D29EADA
S205000D2AEAD9
S205000D2B00C2
S205000D2C338E
S205000D2D9A26
S205000D2E9728
S205000D2F00BE
S205000D30239A
S205000D312E8E
S205000D32714A
S205000D3301B9
S205000D3413A6
S205000D35595F
S205000D3609AE
S205000D3701B5
S205000D38EFC6
S205000D393084
S205000D3A00B3
S205000D3B2B87
S205000D3C931E
S205000D3D05AB
S205000D3E09A6
S205000D3F00AE
S205000D40EFBE
S205000D41307C
S205000D42C0EB
S205000D432783
S205000D449316
S205000D450B9D
S205000D4605A2
S205000D4700A6
S205000D489312
S205000D49059F
S205000D4A0B98
S205000D4B00A2
S205000D4C138E
S205000D4D059B
S205000D4E0C93
S205000D4F009E
S205000D50EFAE
S205000D51306C
S205000D52009B
S205000D532E6C
S205000D541386
S205000D551583
S205000D560592
S205000D570195
S205000D589302
S205000D59D7BD
S205000D5A0A89
S205000D5B0191
S205000D5CB3DE
S205000D5DE7A9
S205000D5EA7E8
S205000D5F008E
S205000D60632A
S205000D61FA92
S205000D627714
S205000D630189
S205000D64B3D6
S205000D658701
S205000D66F98E
S205000D670086
S205000D686322
S205000D69E69E
S205000D6A374C
S205000D6B0181
S205000D6C631E
S205000D6DF48C
S205000D6E7708
S205000D6F017D
S205000D70B3CA
S205000D7187F5
S205000D723744
S205000D730179
S205000D74B3C6
S205000D758BED
S205000D767700
S205000D774135
S205000D7893E2
S205000D79056F
S205000D7A0B68
S205000D7B0072
S205000D7C135E
S205000D7D85EB
S205000D7E0B64
S205000D7F006E
S205000D80EF7E
S205000D81303C
S205000D8280EB
S205000D832644
S205000D8493D6
S205000D850563
S205000D86095E
S205000D870066
S205000D88EF76
S205000D893034
S205000D8A4023
S205000D8B233F
S205000D8C93CE
S205000D8D0759
S205000D8E055A
S205000D8F005E
S205000D9093CA
S205000D910557
S205000D920B50
S205000D93005A
S205000D941346
S205000D9585D3
S205000D960B4C
S205000D970056
S205000D9893C2
S205000D999ABA
S205000D9A0A49
S205000D9B0151
S205000D9C93BE
S205000D9D8BC5
S205000D9E0748
S205000D9F004E
S205000DA0EF5E
S205000DA1301C
S205000DA2004B
S205000DA32921
S205000DA41336
S205000DA51533
S205000DA60542
S205000DA70145
S205000DA893B2
S205000DA9DA6A
S205000DAA0A39
S205000DAB0141
S205000DACB38E
S205000DADEA56
S205000DAEAA95
S205000DAF003E
S205000DB063DA
S205000DB1FA42
S205000DB27AC1
S205000DB30139
S205000DB4B386
S205000DB58AAE
S205000DB659DE
S205000DB70135
S205000DB863D2
S205000DB9E64E
S205000DBA3AF9
S205000DBB0131
S205000DBC63CE
S205000DBDF43C
S205000DBE7AB5
S205000DBF012D
S205000DC0B37A
S205000DC18AA2
S205000DC23AF1
S205000DC30129
S205000DC4B376
S205000DC58A9E
S205000DC67AAD
S205000DC741E5
S205000DC80322
S205000DC92CF8
S205000DCA81A2
S205000DCB0121
S205000DCC839E
S205000DCD2BF5
S205000DCEC15E
S205000DCF011D
S205000DD06FAE
S205000DD1F02C
S205000DD25FBC
S205000DD3E733
S205000DD41306
S205000DD5B563
S205000DD60611
S205000DD71006
S205000DD81302
S205000DD935DF
S205000DDA15FE
S205000DDB0012
S205000DDC13FE
S205000DDD15FB
S205000DDE35DA
S205000DDF000E
S205000DE06F9E
S205000DE1F01C
S205000DE2DF2C
S205000DE3DB2F
S205000DE423E6
S205000DE522E6
S205000DE651B6
S205000DE70303
S205000DE8B352
S205000DE9966E
S205000DEA36CD
S205000DEB0101
S205000DECB34E
S205000DED5AA6
S205000DEE46B9
S205000DEF01FD
S205000DF0B34A
S205000DF1EA12
S205000DF2DA21
S205000DF300FA
S205000DF423D6
S205000DF52ECA
S205000DF67186
S205000DF701F5
S205000DF823D2
S205000DF926CE
S205000DFAB142
S205000DFB01F1
S205000DFC935E
S205000DFDDB15
S205000DFE0AE5
S205000DFF01ED
S205000E00B339
S205000E01DD0E
S205000E0245A5
S205000E0301E8
S205000E0433B5
S205000E059750
S205000E0635B1
S205000E0701E4
S205000E08B331
S205000E09D60D
S205000E0A479B
S205000E0B01E0
S205000E0C23BD
S205000E0D28B7
S205000E0EA13D
S205000E0F01DC
S205000E109349
S205000E118556
S205000E120BCF
S205000E1300D9
S205000E1413C5
S205000E158552
S205000E160DC9
S205000E1700D5
S205000E1813C1
S205000E199D36
S205000E1A0AC8
S205000E1B01D0
S205000E1C339D
S205000E1D19B6
S205000E1E3698
S205000E1F01CC
S205000E2023A9
S205000E212AA1
S205000E229139
S205000E2302C7
S205000E2423A5
S205000E2520A7
S205000E266165
S205000E2703C2
S205000E28B311
S205000E29942F
S205000E2A378B
S205000E2B01C0
S205000E2C338D
S205000E2DEBD4
S205000E2EE6D8
S205000E2F00BD
S205000E302399
S205000E312C8F
S205000E328139
S205000E3301B8
S205000E342395
S205000E352A8D
S205000E369125
S205000E3701B4
S205000E3813A1
S205000E395D56
S205000E3A0DA5
S205000E3B01B0
S205000E3CEFC1
S205000E3D307F
S205000E3EC0EE
S205000E3F1A93
S205000E409319
S205000E4105A6
S205000E4205A5
S205000E4300A9
S205000E441395
S205000E450C9B
S205000E4605A1
S205000E4700A5
S205000E481391
S205000E49059E
S205000E4A0D95
S205000E4B00A1
S205000E4CEFB1
S205000E4D306F
S205000E4E009E
S205000E4F1786
S205000E509309
S205000E510C8F
S205000E520595
S205000E530099
S205000E549305
S205000E558512
S205000E560B8B
S205000E570095
S205000E581381
S205000E59850E
S205000E5A0D85
S205000E5B0091
S205000E5CEFA1
S205000E5D305F
S205000E5E404E
S205000E5F1D70
S205000E601379
S205000E611576
S205000E620585
S205000E630188
S205000E6493F5
S205000E655730
S205000E660B7B
S205000E670184
S205000E68B3D1
S205000E69E79C
S205000E6AA7DB
S205000E6B0081
S205000E6C631D
S205000E6DFE81
S205000E6E97E7
S205000E6F017C
S205000E70B3C9
S205000E7187F4
S205000E72FA80
S205000E730079
S205000E741365
S205000E750770
S205000E76FC7A
S205000E77FF76
S205000E786311
S205000E79E48F
S205000E7A571B
S205000E7B1958
S205000E7C630D
S205000E7DF27D
S205000E7E97D7
S205000E7F1954
S205000E801359
S205000E810C5F
S205000E82EC7E
S205000E83FF6A
S205000E84B3B5
S205000E8587E0
S205000E86570F
S205000E870164
S205000E88B3B1
S205000E898CD7
S205000E8A97CB
S205000E8B4120
S205000E8C93CD
S205000E8D85DA
S205000E8E0B53
S205000E8F005D
S205000E901349
S205000E9185D6
S205000E920C4E
S205000E930059
S205000E94EF69
S205000E953027
S205000E964016
S205000E971540
S205000E9893C1
S205000E99054E
S205000E9A054D
S205000E9B0051
S205000E9C93BD
S205000E9D0D42
S205000E9E0549
S205000E9F004D
S205000EA01339
S205000EA10546
S205000EA20D3D
S205000EA30049
S205000EA4EF59
S205000EA53017
S205000EA680C6
S205000EA71134
S205000EA893B1
S205000EA9073C
S205000EAA053D
S205000EAB0041
S205000EAC93AD
S205000EAD85BA
S205000EAE0B33
S205000EAF003D
S205000EB01329
S205000EB185B6
S205000EB20C2E
S205000EB30039
S205000EB493A5
S205000EB58BAC
S205000EB6072F
S205000EB70035
S205000EB8EF45
S205000EB93003
S205000EBA80B2
S205000EBB171A
S205000EBC939D
S205000EBD151A
S205000EBE0B23
S205000EBF012C
S205000EC01319
S205000EC11516
S205000EC20525
S205000EC30128
S205000EC49395
S205000EC5D552
S205000EC60521
S205000EC70124
S205000EC8B371
S205000EC9E53E
S205000ECAA57D
S205000ECB0021
S205000ECC63BD
S205000ECDFE21
S205000ECE75A9
S205000ECF011C
S205000ED0B369
S205000ED18596
S205000ED2BA60
S205000ED30019
S205000ED49385
S205000ED58790
S205000ED6FD19
S205000ED7FF16
S205000ED863B1
S205000ED9E033
S205000EDA55BD
S205000EDB13FE
S205000EDC63AD
S205000EDDFE11
S205000EDE7599
S205000EDF11FC
S205000EE09379
S205000EE18D7E
S205000EE2ED1D
S205000EE3FF0A
S205000EE4B355
S205000EE58582
S205000EE655B1
S205000EE70104
S205000EE813F1
S205000EE917EC
S205000EEA0CF6
S205000EEB0100
S205000EEC37C9
S205000EED0EF1
S205000EEE01FD
S205000EEF00FD
S205000EF033C9
S205000EF16794
S205000EF2B743
S205000EF301F8
S205000EF413E5
S205000EF503F4
S205000EF6FEF8
S205000EF7FFF6
S205000EF8B341
S205000EF9777C
S205000EFA678B
S205000EFB00F1
S205000EFC33BD
S205000EFD737C
S205000EFE6985
S205000EFF00ED
S205000F0033B8
S205000F018862
S205000F027574
S205000F0341A7
S205000F0413D4
S205000F05578F
S205000F0607DE
S205000F0701E3
S205000F089350
S205000F095E84
S205000F0A09D8
S205000F0B01DF
S205000F0C13CC
S205000F0D8559
S205000F0E07D6
S205000F0F00DC
S205000F109348
S205000F1105D5
S205000F1203D6
S205000F1300D8
S205000F14EFE8
S205000F1530A6
S205000F168055
S205000F170ACA
S205000F189340
S205000F1908CA
S205000F1A05CC
S205000F1B00D0
S205000F1C933C
S205000F1D8549
S205000F1E0EBF
S205000F1F00CC
S205000F2013B8
S205000F218545
S205000F2207C2
S205000F2300C8
S205000F24EFD8
S205000F253096
S205000F268045
S205000F2709BB
S205000F289330
S205000F2907BB
S205000F2A05BC
S205000F2B00C0
S205000F2C932C
S205000F2D05B9
S205000F2E03BA
S205000F2F00BC
S205000F3013A8
S205000F3105B5
S205000F3207B2
S205000F3300B8
S205000F34EFC8
S205000F353086
S205000F368035
S205000F3708AC
S205000F3813A0
S205000F3903AF
S205000F3A05AC
S205000F3B00B0
S205000F3C931C
S205000F3D8529
S205000F3E0E9F
S205000F3F00AC
S205000F401398
S205000F4105A5
S205000F4207A2
S205000F4300A8
S205000F44EFB8
S205000F453076
S205000F468025
S205000F47079D
S205000F48B3F0
S205000F49871B
S205000F4A673A
S205000F4B00A0
S205000F4C138C
S205000F4DD7C7
S205000F4E0895
S205000F4F019B
S205000F50B3E8
S205000F518713
S205000F52E7B2
S205000F530098
S205000F546334
S205000F55F4A2
S205000F56672E
S205000F570094
S205000F583360
S205000F59058D
S205000F5AC5CC
S205000F5B018F
S205000F5CB7D8
S205000F5D0688
S205000F5E018C
S205000F5F008C
S205000F6093F8
S205000F618604
S205000F62F693
S205000F63FF89
S205000F641374
S205000F65D7AF
S205000F66077E
S205000F670183
S205000F68B3D0
S205000F69F78B
S205000F6AD7AA
S205000F6B0080
S205000F6C93EC
S205000F6D97E7
S205000F6E0776
S205000F6F017B
S205000F70B3C8
S205000F71F882
S205000F72D8A1
S205000F730078
S205000F743344
S205000F75076F
S205000F76A7CE
S205000F770074
S205000F78B3C0
S205000F7987EB
S205000F7A175A
S205000F7B016F
S205000F7C630C
S205000F7D6806
S205000F7EE885
S205000F7F0468
S205000F806308
S205000F810466
S205000F82E881
S205000F830464
S205000F84B3B4
S205000F8587DF
S205000F86F471
S205000F874024
S205000F88B3B0
S205000F89B4AE
S205000F8AF46D
S205000F8B0060
S205000F8CB3AC
S205000F8D0559
S205000F8EE875
S205000F8F401C
S205000F90B3A8
S205000F9185D5
S205000F9295C4
S205000F934018
S205000F943324
S205000F959ABC
S205000F964510
S205000F970153
S205000F98B3A0
S205000F99D77B
S205000F9A371A
S205000F9B014F
S205000F9C83CC
S205000F9D242A
S205000F9E410C
S205000F9F0349
S205000FA083C8
S205000FA12A20
S205000FA24108
S205000FA30246
S205000FA40344
S205000FA52B1B
S205000FA60144
S205000FA70242
S205000FA883C0
S205000FA92B17
S205000FAAC180
S205000FAB013F
S205000FAC033C
S205000FAD2C12
S205000FAE81BC
S205000FAF013B
S205000FB083B8
S205000FB12C0E
S205000FB241F8
S205000FB30137
S205000FB40334
S205000FB52D09
S205000FB60134
S205000FB70133
S205000FB883B0
S205000FB92D05
S205000FBAC170
S205000FBB0030
S205000FBC33FC
S205000FBD65C9
S205000FBEFA33
S205000FBF002C
S205000FC0B378
S205000FC1D555
S205000FC235F4
S205000FC30127
S205000FC46FB8
S205000FC5F036
S205000FC65FC6
S205000FC7B86C
S205000FC8E340
S205000FC9FE24
S205000FCAF42D
S205000FCBFA26
S205000FCC33EC
S205000FCD8698
S205000FCE27F6
S205000FCF41DB
S205000FD0B368
S205000FD1B763
S205000FD2C752
S205000FD30018
S205000FD4B364
S205000FD58A8C
S205000FD657BE
S205000FD70113
S205000FD833E0
S205000FD9070B
S205000FDA57BA
S205000FDB41CF
S205000FDC937C
S205000FDD0707
S205000FDE0607
S205000FDF000C
S205000FE06F9C
S205000FE1F01A
S205000FE25FAA
S205000FE3FA0E
S205000FE437D0
S205000FE507FF
S205000FE60005
S205000FE70103
S205000FE863A0
S205000FE9748E
S205000FEAE61B
S205000FEB02FE
S205000FEC13EC
S205000FED55A9
S205000FEE06F7
S205000FEF01FB
S205000FF09368
S205000FF106F4
S205000FF200F9
S205000FF301F7
S205000FF46F88
S205000FF5F006
S205000FF61FD6
S205000FF7C232
S205000FF89360
S205000FF98D65
S205000FFA07EA
S205000FFB00F0
S205000FFC6F80
S205000FFDF0FE
S205000FFEDF0E
S205000FFFEEFE
S20500100013D7
S2050010010CDD
S20500100207E1
S20500100300E7
S2050010046F77
S205001005F0F5
S2050010065F85
S205001007E8FB
S205001008B32F
S205001009875A
S20500100A37A9
S20500100B01DE
S20500100C6F6F
S20500100DF0ED
S20500100E5F7D
S20500100FAD2E
S20500101013C7
S2050010115584
S2050010128652
S20500101301D6
S2050010149343
S20500101506CF
S2050010168054
S20500101701D2
S2050010186F63
S205001019F0E1
S20500101ADFF1
S20500101BBF10
S20500101CB717
S20500101D07C6
S20500101E10BC
S20500101F00CB
S20500102013B7
S20500102101C8
S20500102201C7
S205001023FEC9
S2050010249333
S2050010258E37
S205001026F7CD
S205001027FFC4
S205001028338F
S205001029F8C9
S20500102ABE02
S20500102B00BF
S20500102CB30B
S20500102DF7C6
S20500102EDEDE
S20500102F00BB
S20500103013A7
S205001031D3E6
S2050010324672
S20500103301B6
S2050010342393
S205001035288D
S2050010362193
S20500103701B2
S205001038139F
S205001039D9D8
S20500103A456B
S20500103B01AE
S20500103C931B
S20500103D9716
S20500103E3775
S20500103F00AB
S2050010402387
S2050010412C7D
S2050010428127
S20500104300A7
S2050010441393
S205001045188D
S205001046386C
S20500104700A3
S205001048138F
S205001049D4CD
S20500104AF5AB
S20500104B019E
S20500104C138B
S20500104D5746
S20500104ED5C7
S20500104F019A
S2050010509307
S2050010515841
S205001052D6C2
S2050010530196
S2050010541383
S205001055791C
S205001056F99B
S2050010577F14
S205001058137F
S205001059731E
S20500105AF39D
S20500105B7F10
S20500105C236B
S20500105D2E5F
S20500105E117B
S20500105F008B
S2050010602367
S2050010612A5F
S20500106291F7
S2050010630087
S2050010642363
S205001065265F
S2050010663153
S2050010670182
S20500106893EF
S205001069D6AB
S20500106AF68A
S20500106B017E
S20500106CB3CB
S20500106DE895
S20500106EF884
S20500106F007B
S2050010703347
S2050010716712
S2050010720771
S2050010730176
S20500107493E3
S2050010751560
S205001076353F
S2050010770073
S205001078135F
S2050010791F52
S20500107A363A
S20500107B006F
S20500107CB3BB
S20500107D0766
S20500107E6903
S20500107F402B
S2050010806307
S2050010810465
S205001082D494
S2050010831E49
S2050010846303
S2050010855213
S205001086F074
S205001087164D
S20500108863FF
S205001089065B
S20500108A035D
S20500108B2837
S20500108C93CB
S20500108D0657
S20500108EF06C
S20500108F7FDC
S20500109063F7
S2050010910653
S205001092D97F
S2050010934215
S20500109493C3
S205001095064F
S20500109680D4
S2050010970350
S205001098133F
S205001099064B
S20500109A1040
S20500109B004F
S20500109C63EB
S20500109DCE7F
S20500109EF656
S20500109F0249
S2050010A0B793
S2050010A10643
S2050010A280C8
S2050010A30047
S2050010A4B393
S2050010A5E85D
S2050010A6D86C
S2050010A70043
S2050010A893AF
S2050010A9063B
S2050010AAF050
S2050010AB013E
S2050010AC63DB
S2050010ADCE6F
S2050010AEF646
S2050010AF52E9
S2050010B093A7
S2050010B10633
S2050010B20038
S2050010B30235
S2050010B4B383
S2050010B586AF
S2050010B6F63E
S2050010B740F3
S2050010B833FF
S2050010B9969B
S2050010BAD858
S2050010BB002F
S2050010BC33FB
S2050010BD55D8
S2050010BEFF2D
S2050010BF002B
S2050010C0B377
S2050010C11613
S2050010C2DF49
S2050010C30027
S2050010C433F3
S2050010C566BF
S2050010C6A67E
S2050010C70023
S2050010C8B36F
S2050010C936EB
S2050010CAD050
S2050010CB001F
S2050010CCB36B
S2050010CDD845
S2050010CEF824
S2050010CF001B
S2050010D033E7
S2050010D166B3
S2050010D2D642
S2050010D30017
S2050010D433E3
S2050010D5070E
S2050010D617FD
S2050010D741D2
S2050010D833DF
S2050010D9868B
S2050010DAC54B
S2050010DB40CF
S2050010DCB35B
S2050010DDB558
S2050010DEC547
S2050010DF000B
S2050010E09377
S2050010E10405
S2050010E20602
S2050010E30007
S2050010E4B353
S2050010E509FC
S2050010E6B74D
S2050010E740C3
S2050010E8936F
S2050010E9976A
S2050010EA8977
S2050010EB00FF
S2050010EC639B
S2050010EDDA23
S2050010EE07F5
S2050010EF32C9
S2050010F0B743
S2050010F107F2
S2050010F28078
S2050010F300F7
S2050010F49363
S2050010F5876E
S2050010F6F7FD
S2050010F7FFF4
S2050010F8B33F
S2050010F9F9F8
S2050010FAF9F7
S2050010FB00EF
S2050010FC638B
S2050010FD8865
S2050010FE09E3
S2050010FF2CBF
S20500110013D6
S2050011018563
S20500110209DE
S20500110300E6
S205001104EFF6
S20500110520C4
S20500110610D3
S2050011077969
S205001108934E
S20500110907D9
S20500110A855A
S20500110BFFDF
S20500110C934A
S20500110D06D6
S20500110E00DB
S20500110F02D8
S20500111033A6
S2050011118751
S205001112F6E1
S2050011134096
S20500111433A2
S205001115D7FD
S205001116E4EF
S20500111700D2
S205001118B31E
S2050011199937
S20500111AF9D6
S20500111B00CE
S20500111C339A
S20500111D6765
S20500111E3794
S20500111F01C9
S205001120B316
S2050011219434
S205001122F4D3
S20500112300C6
S2050011246362
S205001125C8FC
S205001126279C
S2050011274B77
S205001128B30E
S2050011298739
S20500112A2798
S20500112B417D
S20500112C932A
S20500112D8735
S20500112E17A4
S20500112F00BA
S205001130B306
S2050011318632
S205001132F6C1
S2050011334076
S2050011343382
S205001135961E
S205001136D4DF
S20500113700B2
S205001138B3FE
S205001139D9D7
S20500113AF4BB
S20500113B00AE
S20500113C337A
S20500113D3676
S20500113EC0EB
S20500113F00AA
S2050011403376
S2050011416642
S2050011423671
S20500114301A5
S205001144B3F2
S205001145168E
S205001146D7CC
S20500114700A2
S205001148B3EE
S205001149E4BC
S20500114AC6D9
S20500114B009E
S20500114CB3EA
S20500114D5943
S20500114EF7A4
S20500114F009A
S2050011501386
S205001151098F
S2050011520097
S2050011530096
S2050011549302
S205001155F79D
S205001156741F
S2050011570092
S205001158632E
S2050011598010
S20500115A0788
S20500115B028C
S20500115C93FA
S20500115DF795
S20500115EF497
S20500115F008A
S2050011601376
S2050011610781
S2050011624047
S2050011630086
S2050011646322
S2050011658AFA
S205001166E79C
S2050011670082
S20500116893EE
S20500116987F9
S20500116A443B
S20500116B007E
S20500116C334A
S20500116DB6C6
S20500116E97E4
S20500116F007A
S205001170B3C6
S20500117189EF
S205001172C9AE
S2050011730076
S20500117493E2
S20500117584F0
S205001176076C
S2050011770072
S20500117893DE
S20500117997D9
S20500117A89E6
S20500117B006E
S20500117C630A
S20500117DDA92
S20500117E0764
S20500117F6EFC
S20500118093D6
S2050011810761
S205001182194E
S2050011830066
S2050011841352
S205001185075D
S205001186F073
S2050011877FE3
S205001188134E
S2050011890E52
S20500118A045B
S20500118B005E
S20500118C63FA
S20500118D86D6
S20500118EE774
S20500118F2A30
S2050011903722
S2050011910751
S20500119280D7
S205001193FF57
S2050011941342
S205001195074D
S205001196F75C
S205001197FF53
S205001198331E
S205001199F759
S20500119AE966
S20500119B004E
S20500119C93BA
S20500119DF755
S20500119EF754
S20500119F7FCB
S2050011A01336
S2050011A11830
S2050011A2D770
S2050011A30145
S2050011A41332
S2050011A5D66E
S2050011A6340F
S2050011A70042
S2050011A8132E
S2050011A91729
S2050011AA97A8
S2050011AB003E
S2050011AC330A
S2050011AD68D4
S2050011AEC873
S2050011AF003A
S2050011B01326
S2050011B157E1
S2050011B2C770
S2050011B30036
S2050011B483B2
S2050011B52014
S2050011B6C172
S2050011B70131
S2050011B8032E
S2050011B9240C
S2050011BA81AE
S2050011BB012D
S2050011BC939A
S2050011BD9795
S2050011BE47E4
S2050011BF0129
S2050011C0B376
S2050011C1E741
S2050011C2E740
S2050011C30026
S2050011C41312
S2050011C5170D
S2050011C6FE25
S2050011C70121
S2050011C8B36E
S2050011C9E739
S2050011CAE738
S2050011CB001E
S2050011CC839A
S2050011CD24F8
S2050011CE41DA
S2050011CF0119
S2050011D00316
S2050011D129EF
S2050011D20116
S2050011D30115
S2050011D48392
S2050011D529EB
S2050011D6C152
S2050011D70012
S2050011D813FE
S2050011D9050B
S2050011DA0807
S2050011DB000E
S2050011DC937A
S2050011DD8587
S2050011DE0704
S2050011DF000A
S2050011E013F6
S2050011E10107
S2050011E20106
S2050011E30204
S2050011E4679E
S2050011E58084
S2050011E60003
S2050011E70002
S2050011E8639E
S2050011E98C74
S2050011EA07F8
S2050011EB14EA
S2050011ECB34A
S2050011ED07F5
S2050011EE23D8
S2050011EF41B9
S2050011F06396
S2050011F112E6
S2050011F209EE
S2050011F33CBA
S2050011F433C2
S2050011F5658F
S2050011F6B73C
S2050011F700F2
S2050011F8638E
S2050011F904EC
S2050011FA05EA
S2050011FB4CA2
S2050011FC13DA
S2050011FD8567
S2050011FEF7F4
S2050011FFFFEB
S2050012006385
S20500120102E5
S20500120205E1
S2050012036085
S20500120413D1
S20500120508DB
S205001206F0F2
S2050012077F62
S205001208637D
S2050012098659
S20500120A07D7
S20500120B5786
S20500120C9349
S20500120D07D4
S20500120E805A
S20500120F03D6
S20500121013C5
S20500121106D1
S20500121210C6
S20500121300D5
S2050012146371
S205001215CC07
S205001216A72B
S20500121702CF
S205001218933D
S20500121907C8
S20500121A05C9
S20500121B00CD
S20500121C13B9
S20500121D06C5
S20500121EF0DA
S20500121F01C8
S2050012206365
S2050012214C7B
S205001222F6D0
S205001223566F
S20500122413B1
S20500122505BE
S20500122600C2
S20500122702BF
S205001228338D
S20500122905BA
S20500122AF5C9
S20500122B407D
S20500122C3389
S20500122D16A5
S20500122EA713
S20500122F00B9
S2050012303385
S205001231D8DF
S205001232F5C1
S20500123300B5
S2050012343381
S205001235951E
S205001236A50D
S20500123700B1
S205001238337D
S2050012396649
S20500123A06A8
S20500123B01AC
S20500123C3379
S20500123D3576
S20500123EA00A
S20500123F00A9
S2050012403375
S2050012415750
S205001242F7AF
S20500124300A5
S2050012443371
S205001245663D
S205001246A6FC
S20500124700A1
S205001248B3ED
S2050012498817
S20500124AE8B6
S20500124B405D
S20500124C3369
S20500124D0695
S20500124ECFCB
S20500124F4059
S2050012503365
S2050012513760
S205001252CFC7
S2050012530095
S2050012549301
S205001255048F
S205001256068C
S2050012570091
S205001258B3DD
S2050012598906
S20500125AE8A6
S20500125B404D
S20500125C1379
S20500125D0982
S20500125E0387
S20500125F0089
S2050012601375
S2050012618403
S2050012620680
S2050012630085
S2050012646F15
S205001265F093
S2050012665F23
S205001267E899
S205001268631D
S205001269502F
S20500126AF08E
S20500126B1E5F
S20500126C6319
S20500126D106B
S20500126E0377
S20500126F1465
S205001270B3C5
S205001271E691
S205001272E88E
S2050012730174
S2050012746311
S2050012758CE7
S205001276066C
S205001277264B
S20500127893DD
S20500127986E9
S20500127AF777
S20500127BFF6E
S20500127C6309
S20500127D80EB
S20500127E0664
S20500127F4821
S2050012801355
S2050012810661
S205001282F076
S2050012837FE6
S2050012846301
S2050012858CD7
S205001286C79B
S205001287223F
S20500128893CD
S2050012890758
S20500128A80DE
S20500128B035A
S20500128C93C9
S20500128D0952
S20500128E104A
S20500128F0059
S20500129063F5
S205001291CC8B
S205001292D77F
S2050012930253
S20500129493C1
S20500129587CC
S205001296064C
S2050012970051
S20500129893BD
S2050012990649
S20500129AF05E
S20500129B014C
S20500129C63E9
S20500129DC08B
S20500129EF654
S20500129F4AFF
S2050012A093B5
S2050012A10641
S2050012A20046
S2050012A30243
S2050012A4B391
S2050012A586BD
S2050012A6F64C
S2050012A74001
S2050012A8B38D
S2050012A999A6
S2050012AAD866
S2050012AB003D
S2050012AC3309
S2050012AD56E5
S2050012AEFF3B
S2050012AF0039
S2050012B0B385
S2050012B11621
S2050012B2DF57
S2050012B30035
S2050012B4B381
S2050012B5E94A
S2050012B6C969
S2050012B70031
S2050012B8B37D
S2050012B936F9
S2050012BAD05E
S2050012BB002D
S2050012BCB379
S2050012BDD853
S2050012BEF832
S2050012BF0029
S2050012C0B375
S2050012C1E93E
S2050012C2D94D
S2050012C30025
S2050012C433F1
S2050012C5071C
S2050012C6170B
S2050012C70120
S2050012C8B36D
S2050012C9859A
S2050012CAB965
S2050012CB001D
S2050012CCB369
S2050012CDB962
S2050012CE35E5
S2050012CF0118
S2050012D09385
S2050012D18493
S2050012D20511
S2050012D30015
S2050012D4B361
S2050012D5898A
S2050012D6E929
S2050012D70011
S2050012D8937D
S2050012D99778
S2050012DA8985
S2050012DB000D
S2050012DC63A9
S2050012DDD239
S2050012DE0703
S2050012DF14F5
S2050012E013F5
S2050012E109FE
S2050012E219ED
S2050012E30005
S2050012E49371
S2050012E507FC
S2050012E6F012
S2050012E77F82
S2050012E8639D
S2050012E90CF3
S2050012EAF905
S2050012EB36C7
S2050012ECB745
S2050012ED07F4
S2050012EE807A
S2050012EFFFFA
S2050012F09365
S2050012F18770
S2050012F2F7FF
S2050012F3FFF6
S2050012F413E1
S2050012F5F6FD
S2050012F614DE
S2050012F700F1
S2050012F8B33D
S2050012F9F7F8
S2050012FAF9F5
S2050012FB00ED
S2050012FC13D9
S2050012FDD714
S2050012FE14D6
S2050012FF00E9
S20500130033B4
S205001301677F
S205001302C71E
S20500130300E4
S20500130413D0
S205001305964C
S205001306F7EA
S20500130701DF
S205001308B32C
S205001309647A
S20500130AE6F7
S20500130B00DC
S20500130C9348
S20500130DD901
S20500130E17C2
S20500130F00D8
S2050013106F68
S205001311F0E6
S2050013125F76
S205001313E4F0
S205001314B320
S205001315E6EC
S205001316E8E9
S20500131701CF
S205001318636C
S2050013198A44
S20500131A06C7
S20500131B1CB0
S20500131C9338
S20500131D8644
S20500131EF7D2
S20500131FFFC9
S2050013206364
S2050013218046
S20500132206BF
S2050013234084
S20500132413B0
S20500132506BC
S205001326F0D1
S2050013277F41
S205001328635C
S2050013298A34
S20500132AC7F6
S20500132B18A4
S20500132C9328
S20500132D07B3
S20500132E8039
S20500132F03B5
S20500133013A4
S20500133106B0
S20500133210A5
S20500133300B4
S205001334E3D0
S205001335C2F0
S205001336D7DA
S205001337DAD6
S205001338931C
S2050013398727
S20500133A06A7
S20500133B00AC
S20500133C6F3C
S20500133DF0BA
S20500133EDFCA
S20500133FD6D2
S2050013401394
S205001341089E
S205001342198C
S20500134300A4
S2050013441390
S205001345782A
S205001346E8B9
S2050013477F21
S205001348633C
S2050013491C82
S20500134A0895
S20500134B227A
S20500134C3368
S20500134D6337
S20500134EB7E2
S20500134F0098
S2050013503364
S205001351E8AE
S205001352E8AD
S2050013530193
S2050013546330
S2050013551082
S2050013560988
S2050013573858
S205001358632C
S2050013590E80
S20500135A038A
S20500135B4646
S20500135C6328
S20500135D0684
S20500135E0881
S20500135F4048
S205001360B3D4
S20500136189FD
S205001362E5A0
S2050013634143
S2050013643350
S205001365B5CD
S205001366354C
S205001367017F
S205001368334C
S2050013690678
S20500136A1766
S20500136B413B
S20500136C3348
S20500136D0674
S20500136EA6D3
S20500136F4038
S2050013701364
S2050013711561
S20500137286EF
S2050013730074
S2050013746310
S2050013755E14
S205001376056C
S2050013775020
S205001378B3BC
S2050013790569
S20500137ABFAE
S20500137B402C
S20500137C3338
S20500137D87E3
S20500137EE881
S20500137F4028
S2050013803334
S2050013813F27
S205001382BFA6
S2050013830064
S2050013843330
S205001385075B
S205001386E77A
S205001387411F
S205001388134C
S2050013891648
S20500138A87D6
S20500138B005C
S20500138C93C8
S20500138D84D6
S20500138E0554
S20500138F0058
S20500139063F4
S2050013915EF8
S205001392064F
S2050013935202
S205001394B79C
S205001395074B
S20500139680D1
S205001397FF51
S20500139893BC
S20500139987C7
S20500139AF756
S20500139BFF4D
S20500139C3318
S20500139D77D3
S20500139EF752
S20500139F0048
S2050013A01334
S2050013A18EB8
S2050013A2063F
S2050013A30044
S2050013A493B0
S2050013A5073B
S2050013A61031
S2050013A70040
S2050013A86FD0
S2050013A9F04E
S2050013AA9F9E
S2050013ABDF5D
S2050013AC93A8
S2050013AD0634
S2050013AEF049
S2050013AF7FB9
S2050013B063D4
S2050013B10630
S2050013B2D95C
S2050013B31024
S2050013B493A0
S2050013B5062C
S2050013B680B1
S2050013B7032D
S2050013B8939C
S2050013B90925
S2050013BA101D
S2050013BB002C
S2050013BCE348
S2050013BDC664
S2050013BEF633
S2050013BFF038
S2050013C0B770
S2050013C10620
S2050013C280A5
S2050013C30024
S2050013C4B370
S2050013C5E83A
S2050013C6D849
S2050013C70020
S2050013C86FB0
S2050013C9F02E
S2050013CA1FFE
S2050013CBED2F
S2050013CC1308
S2050013CD8595
S2050013CE0415
S2050013CF0018
S2050013D0EF28
S2050013D120F6
S2050013D250C5
S2050013D34CC8
S2050013D49380
S2050013D5070B
S2050013D6858C
S2050013D7010F
S2050013D8937C
S2050013D90608
S2050013DAF01D
S2050013DB010B
S2050013DCE328
S2050013DDD832
S2050013DEF613
S2050013DFD236
S2050013E013F4
S2050013E107FF
S2050013E28580
S2050013E3FF05
S2050013E433D0
S2050013E5976B
S2050013E6E41D
S2050013E70000
S2050013E8639C
S2050013E9C638
S2050013EA27D6
S2050013EB23D9
S2050013EC33C8
S2050013ED8971
S2050013EE27D2
S2050013EF41B7
S2050013F09364
S2050013F107EF
S2050013F219DC
S2050013F300F4
S2050013F46390
S2050013F5D61C
S2050013F6F6FB
S2050013F748A8
S2050013F813DC
S2050013F909E5
S2050013FA19D4
S2050013FBFEEE
S2050013FC9358
S2050013FD06E4
S2050013FE00E9
S2050013FF02E6
S205001400B333
S2050014015491
S20500140227BD
S20500140301E2
S205001404637F
S2050014058C55
S205001406D709
S20500140700DF
S205001408934B
S20500140906D7
S20500140A00DC
S20500140B04D7
S20500140CB327
S20500140D8752
S20500140EF6E2
S20500140F4097
S20500141033A3
S20500141117BE
S205001412F7DD
S20500141300D3
S205001414339F
S205001415379A
S205001416E0F0
S20500141700CF
S205001418B31B
S205001419E4E9
S20500141AE4E8
S20500141B00CB
S20500141C13B7
S20500141D09C0
S20500141E00C8
S20500141F00C7
S2050014209333
S205001421F7CE
S2050014227450
S20500142300C3
S205001424E3DF
S2050014259C25
S20500142607B9
S205001427D2ED
S205001428932B
S20500142907B6
S20500142A09B3
S20500142B00BB
S20500142C13A7
S20500142DD6E3
S20500142E3484
S20500142F00B7
S20500143013A3
S205001431872E
S20500143209AB
S20500143300B3
S2050014346F43
S20500143500B1
S20500143600B0
S2050014370CA3
S205001438931B
S20500143907A6
S20500143AF0BC
S20500143B7F2C
S20500143C1397
S20500143D07A2
S20500143E00A8
S20500143F00A7
S2050014401393
S205001441089D
S20500144200A4
S20500144300A3
S2050014446F33
S205001445F0B1
S2050014461F81
S205001447D7C8
S205001448633B
S2050014498A13
S20500144A0795
S20500144B0C8F
S20500144CB3E7
S20500144D0792
S20500144E2375
S20500144F4156
S2050014506333
S2050014510293
S205001452098B
S2050014531E75
S20500145493FF
S205001455068B
S205001456F0A0
S2050014577F10
S205001458632B
S2050014590885
S20500145AD3B9
S20500145B3259
S20500145C93F7
S20500145D0683
S20500145E8008
S20500145F0384
S20500146093F3
S205001461097C
S2050014621074
S2050014630083
S205001464631F
S205001465CEB3
S205001466F68A
S205001467027D
S205001468B7C7
S2050014690677
S20500146A80FC
S20500146B007B
S20500146C3347
S20500146D6712
S20500146ED7A1
S20500146F0077
S20500147093E3
S205001471066F
S205001472F084
S2050014730172
S205001474630F
S205001475C8A9
S205001476F67A
S2050014773C33
S20500147893DB
S2050014790667
S20500147A006C
S20500147B0269
S20500147CB3B7
S20500147D86E3
S20500147EF672
S20500147F4027
S205001480B3B3
S205001481194C
S205001482D78D
S2050014830063
S205001484332F
S205001485D68B
S205001486F56B
S205001487005F
S205001488B3AB
S20500148996C7
S20500148AD587
S20500148B005B
S20500148CB3A7
S20500148DE970
S20500148EC98F
S20500148F0057
S205001490B3A3
S205001491361F
S205001492D084
S2050014930053
S205001494331F
S20500149557FA
S205001496F759
S205001497004F
S205001498B39B
S205001499E964
S20500149AD973
S20500149B004B
S20500149CB397
S20500149D88C1
S20500149EE860
S20500149F0047
S2050014A03313
S2050014A187BE
S2050014A2E95B
S2050014A30142
S2050014A4B38F
S2050014A53908
S2050014A63709
S2050014A7013E
S2050014A893AB
S2050014A90439
S2050014AA0735
S2050014AB003B
S2050014ACB387
S2050014AD89B0
S2050014AE191F
S2050014AF0136
S2050014B01323
S2050014B1092C
S2050014B20331
S2050014B30033
S2050014B46FC3
S2050014B5F041
S2050014B65FD1
S2050014B7E24D
S2050014B863CB
S2050014B9101D
S2050014BA0824
S2050014BB0229
S2050014BC1317
S2050014BD1613
S2050014BE35F3
S2050014BF0027
S2050014C01313
S2050014C156CF
S2050014C236EE
S2050014C30023
S2050014C4130F
S2050014C51809
S2050014C6D749
S2050014C7011E
S2050014C833EB
S2050014C968B5
S2050014CAC854
S2050014CB001B
S2050014CC1307
S2050014CD57C2
S2050014CE37E1
S2050014CF0017
S2050014D033E3
S2050014D167AE
S2050014D2070D
S2050014D30112
S2050014D463AF
S2050014D5060B
S2050014D60709
S2050014D718F7
S2050014D813FB
S2050014D90EFF
S2050014DA000C
S2050014DB000B
S2050014DC9377
S2050014DD0702
S2050014DEF018
S2050014DF7F88
S2050014E037CF
S2050014E107FE
S2050014E208FC
S2050014E30003
S2050014E413EF
S2050014E508F9
S2050014E60000
S2050014E700FF
S2050014E86F8F
S2050014E9F00D
S2050014EADF1D
S2050014EBCC2F
S2050014EC13E7
S2050014ED16E3
S2050014EE35C3
S2050014EF00F7
S2050014F013E3
S2050014F1569F
S2050014F236BE
S2050014F300F3
S2050014F413DF
S2050014F518D9
S2050014F6D719
S2050014F701EE
S2050014F8935B
S2050014F906E7
S2050014FAF0FC
S2050014FB7F6C
S2050014FC33B7
S2050014FD6881
S2050014FEC820
S2050014FF00E7
S20500150013D2
S205001501578D
S20500150237AC
S20500150300E2
S205001504E3FE
S205001505865A
S205001506D708
S205001507FCE2
S20500150813CA
S20500150917C5
S20500150AC714
S20500150B00DA
S20500150C13C6
S20500150D5781
S20500150EC710
S20500150F00D6
S2050015109342
S205001511F7DD
S205001512F7DC
S2050015137F53
S20500151413BE
S2050015150EC2
S20500151604CB
S20500151700CE
S2050015186F5E
S205001519F0DC
S20500151ADFEC
S20500151BC901
S20500151C9336
S20500151D06C2
S20500151E19AE
S20500151F00C6
S20500152013B2
S205001521F8CC
S205001522E6DD
S2050015237F43
S205001524635E
S20500152518A8
S20500152608B7
S20500152714AA
S205001528B30A
S2050015296656
S20500152AB704
S20500152B00BA
S20500152C6356
S20500152D1C9C
S20500152E09AE
S20500152F288E
S2050015306352
S2050015318232
S20500153206AD
S2050015333082
S205001534B3FE
S205001535E6CA
S205001536E8C7
S20500153701AD
S205001538634A
S2050015398824
S20500153A06A5
S20500153B2288
S20500153CB3F6
S20500153D8721
S20500153EE5C2
S20500153F01A5
S205001540B3F2
S205001541B5EF
S205001542B7EC
S20500154300A2
S205001544336E
S2050015450799
S2050015461788
S205001547019D
S205001548336A
S2050015490795
S20500154AB7E4
S20500154B009A
S20500154C1386
S20500154DD8C0
S20500154E3760
S20500154F0096
S2050015509302
S205001551177D
S205001552870C
S2050015530092
S205001554137E
S2050015550E82
S205001556048B
S205001557008E
S205001558632A
S205001559DEAE
S20500155A0784
S20500155B3456
S20500155CB7D2
S20500155D0781
S20500155E8007
S20500155FFF87
S20500156093F2
S20500156187FD
S205001562F78C
S205001563FF83
S205001564334E
S2050015657709
S205001566F788
S205001567007E
S20500156893EA
S2050015691765
S20500156AD7A4
S20500156B0179
S20500156C1366
S20500156D5721
S20500156E3740
S20500156F0076
S2050015703342
S205001571E88C
S205001572076C
S2050015730171
S205001574333E
S20500157577F9
S205001576D798
S205001577016D
S20500157893DA
S2050015790765
S20500157A105B
S20500157B006A
S20500157C6FFA
S20500157DF078
S20500157E9FC8
S20500157FC3A3
S2050015803332
S20500158188DC
S205001582E57E
S2050015834121
S205001584B3AE
S205001585B7A9
S205001586055A
S205001587015D
S205001588B3AA
S2050015890953
S20500158A1744
S20500158B4119
S20500158CB3A6
S20500158D89CF
S20500158EF95E
S20500158F4016
S20500159093C2
S20500159197BD
S20500159289CA
S2050015930052
S20500159493BE
S205001595044C
S2050015960847
S205001597004E
S20500159863EA
S205001599C686
S20500159A0744
S20500159B103A
S20500159C3316
S20500159D68E0
S20500159E380F
S20500159F0145
S2050015A0E362
S2050015A11E26
S2050015A2083B
S2050015A3B48E
S2050015A4132E
S2050015A50E32
S2050015A6003F
S2050015A7003E
S2050015A893AA
S2050015A90735
S2050015AA003B
S2050015AB003A
S2050015AC1326
S2050015AD0731
S2050015AE0037
S2050015AF0036
S2050015B06FC6
S2050015B1F044
S2050015B25FD4
S2050015B3C072
S2050015B4131E
S2050015B5052B
S2050015B6F03F
S2050015B77FAF
S2050015B863CA
S2050015B90E1E
S2050015BAA388
S2050015BB1A10
S2050015BC1316
S2050015BD0523
S2050015BE80A7
S2050015BF0323
S2050015C01312
S2050015C1061E
S2050015C21013
S2050015C30022
S2050015C4E33E
S2050015C544DC
S2050015C6F52A
S2050015C7C856
S2050015C837E6
S2050015C90616
S2050015CA809B
S2050015CB001A
S2050015CC33E6
S2050015CD67B1
S2050015CEC750
S2050015CF0016
S2050015D06FA6
S2050015D1F024
S2050015D2DF34
S2050015D3C44E
S2050015D4B75A
S2050015D50907
S2050015D6808F
S2050015D7FF0F
S2050015D8937A
S2050015D98983
S2050015DAF912
S2050015DBFF0B
S2050015DC33D6
S2050015DD09FF
S2050015DEF90E
S2050015DF40C6
S2050015E0B352
S2050015E1798B
S2050015E237CC
S2050015E30101
S2050015E46F92
S2050015E5F010
S2050015E61FE0
S2050015E7B747
S2050015E8936A
S2050015E98676
S2050015EA07F4
S2050015EBFEFC
S2050015EC13E6
S2050015ED06F2
S2050015EE00F7
S2050015EF02F4
S2050015F0B342
S2050015F1D61E
S2050015F2D81B
S2050015F300F2
S2050015F4638E
S2050015F58A66
S2050015F6C728
S2050015F700EE
S2050015F813DA
S2050015F906E6
S2050015FA00EB
S2050015FB04E6
S2050015FCB336
S2050015FD07E1
S2050015FEF6F1
S2050015FF40A6
S205001600B331
S205001601974C
S205001602F8EA
S20500160300E1
S20500160433AD
S2050016056F70
S205001606FFDF
S20500160700DD
S20500160833A9
S20500160936A5
S20500160AE0FA
S20500160B01D8
S20500160C33A5
S20500160D6671
S20500160ED600
S20500160F00D5
S2050016106F65
S205001611F0E3
S2050016129F33
S205001613AC25
S205001614B719
S20500161506C9
S205001616804E
S205001617FFCE
S2050016189339
S2050016198645
S20500161AF6D4
S20500161BFFCA
S20500161CB315
S20500161D07C0
S20500161EF9CD
S20500161F4085
S2050016203391
S205001621774C
S205001622D7EB
S20500162300C1
S20500162413AD
S20500162518A7
S205001626D7E7
S20500162701BC
S2050016283389
S2050016296853
S20500162A3882
S20500162B01B8
S20500162C13A5
S20500162D5760
S20500162E377F
S20500162F00B5
S2050016306F45
S205001631F0C3
S2050016329F13
S205001633EDC4
S205001634B3FD
S2050016356649
S205001636B7F7
S20500163700AD
S2050016386349
S2050016398625
S20500163A06A4
S20500163B1E8B
S20500163C9315
S20500163D8621
S20500163EF7AF
S20500163FFFA6
S2050016406341
S2050016418E15
S205001642069C
S2050016430A97
S205001644138D
S205001645059A
S205001646F0AE
S2050016477F1E
S2050016486339
S205001649801B
S20500164AA7F3
S20500164B1485
S20500164C9305
S20500164D0790
S20500164E8016
S20500164F0392
S2050016509301
S205001651098A
S2050016521082
S2050016530091
S205001654E3AD
S205001655C6C9
S205001656D7B7
S205001657E4A9
S20500165893F9
S2050016598704
S20500165A0684
S20500165B0089
S20500165C6F19
S20500165DF097
S20500165E5F27
S20500165FE1A4
S2050016601371
S2050016610E75
S205001662047E
S2050016630081
S20500166493ED
S2050016650778
S205001666F08E
S2050016677FFE
S2050016681369
S2050016690774
S20500166A007A
S20500166B0079
S20500166C1365
S20500166D086F
S20500166E0076
S20500166F0075
S2050016706F05
S205001671F083
S2050016725F13
S205001673B4BD
S20500167493DD
S2050016750768
S205001676F07E
S2050016777FEE
S205001678E389
S20500167984E7
S20500167AF674
S20500167BFE6B
S20500167C3335
S20500167D8FD8
S20500167EE581
S20500167F0164
S205001680B3B1
S205001681352E
S205001682BFA3
S2050016830061
S205001684B3AD
S2050016850758
S2050016861747
S205001687015C
S205001688B3A9
S20500168987D4
S20500168AB7A3
S20500168B0059
S20500168C1345
S20500168D96C1
S20500168EF75F
S20500168F0154
S2050016901341
S2050016915FF4
S2050016921F33
S2050016930051
S205001694B39D
S20500169564EB
S205001696E668
S205001697014C
S20500169893B9
S205001699D972
S20500169A1733
S20500169B0049
S20500169C1335
S20500169D89BE
S20500169E0640
S20500169F0045
S2050016A06FD5
S2050016A1F053
S2050016A25FE3
S2050016A3AB96
S2050016A4330D
S2050016A50639
S2050016A6BF7F
S2050016A740FD
S2050016A8B389
S2050016A987B4
S2050016AAE852
S2050016AB40F9
S2050016AC3305
S2050016AD3700
S2050016AECF67
S2050016AF0035
S2050016B093A1
S2050016B1042F
S2050016B2062C
S2050016B30031
S2050016B4B37D
S2050016B589A6
S2050016B6E747
S2050016B740ED
S2050016B81319
S2050016B984A7
S2050016BA0624
S2050016BB0029
S2050016BC6FB9
S2050016BDF037
S2050016BE1F07
S2050016BFA481
S2050016C01311
S2050016C1160D
S2050016C236EC
S2050016C30021
S2050016C4130D
S2050016C556C9
S2050016C636E8
S2050016C7001D
S2050016C81309
S2050016C98497
S2050016CA0614
S2050016CB0019
S2050016CC1305
S2050016CD8790
S2050016CE080E
S2050016CF0015
S2050016D06FA5
S2050016D1F023
S2050016D25FB3
S2050016D3E22F
S2050016D4E32D
S2050016D512FD
S2050016D6030B
S2050016D7DE2F
S2050016D863A9
S2050016D90605
S2050016DA0802
S2050016DB1CED
S2050016DC13F5
S2050016DDD730
S2050016DE38CE
S2050016DF0005
S2050016E013F1
S2050016E116ED
S2050016E236CC
S2050016E30001
S2050016E4936D
S2050016E59867
S2050016E6D826
S2050016E701FC
S2050016E833C9
S2050016E96794
S2050016EA17E3
S2050016EB01F8
S2050016EC13E5
S2050016ED56A1
S2050016EE36C0
S2050016EF00F5
S2050016F033C1
S2050016F1678C
S2050016F2C72B
S2050016F300F1
S2050016F413DD
S2050016F5846B
S2050016F606E8
S2050016F700ED
S2050016F86F7D
S2050016F9F0FB
S2050016FADF0B
S2050016FBDD0C
S2050016FC33B5
S2050016FD8F58
S2050016FEE501
S2050016FF01E4
S205001700B330
S20500170108DA
S20500170217CA
S20500170301DF
S205001704B32C
S20500170535A9
S205001706BF1E
S20500170700DC
S205001708B328
S2050017098951
S20500170AB821
S20500170B00D8
S20500170C9344
S20500170D973F
S20500170E894C
S20500170F00D4
S2050017109340
S20500171104CE
S2050017120FC2
S20500171300D0
S205001714636C
S205001715D4FA
S20500171607C6
S2050017170EBE
S20500171813B8
S20500171909C1
S20500171A20A9
S20500171B00C8
S20500171C6F58
S20500171DF0D6
S20500171E1FA6
S20500171FBD07
S2050017203390
S2050017218F33
S205001722E5DC
S205001723417F
S205001724B30C
S20500172508B6
S20500172617A6
S205001727417B
S205001728B308
S205001729B505
S20500172AE5D4
S20500172B01B7
S20500172C9324
S20500172D04B2
S20500172E0FA6
S20500172F00B4
S205001730B300
S2050017318929
S205001732B8F9
S2050017334070
S205001734139C
S20500173509A5
S205001736109D
S20500173700AC
S2050017386F3C
S205001739F0BA
S20500173A1F8A
S20500173B9B0D
S20500173C9314
S20500173D8620
S20500173E079E
S20500173FFEA6
S2050017401390
S205001741069C
S20500174200A1
S205001743029E
S205001744B3EC
S205001745D6C8
S205001746D8C5
S205001747009C
S2050017486338
S2050017498A10
S20500174AC7D2
S20500174B0098
S20500174C1384
S20500174D0690
S20500174E0095
S20500174F0490
S205001750B3E0
S205001751078B
S205001752F69B
S2050017534050
S205001754B3DC
S20500175597F7
S205001756F895
S205001757008C
S2050017583358
S2050017596F1B
S20500175AFF8A
S20500175B0088
S20500175CB3D4
S20500175D394D
S20500175EE0A5
S20500175F0183
S205001760B3D0
S205001761E999
S205001762D9A8
S2050017630080
S2050017646F10
S205001765F08E
S2050017665F1E
S205001767B6C6
S2050017681368
S2050017691664
S20500176A3544
S20500176B0078
S20500176C93E4
S20500176D591D
S20500176E363F
S20500176F0074
S2050017706F04
S205001771F082
S2050017725F12
S205001773EB85
S205001774135C
S2050017751658
S2050017763637
S205001777006C
S2050017781358
S2050017795614
S20500177A3633
S20500177B0068
S20500177C1354
S20500177D84E2
S20500177E065F
S20500177F0064
S2050017801350
S20500178187DB
S2050017820859
S2050017830060
S2050017846FF0
S205001785F06E
S2050017861F3E
S205001787D488
S2050017881348
S2050017891644
S20500178A3623
S20500178B0058
S20500178C1344
S20500178D5600
S20500178E361F
S20500178F0054
S2050017901340
S20500179187CB
S2050017920849
S2050017930050
S2050017946FE0
S205001795F05E
S2050017961F2E
S205001797D379
S2050017981338
S20500179985C5
S20500179A0742
S20500179BFE4A
S20500179C1334
S20500179D0640
S20500179E0045
S20500179F0242
S2050017A03310
S2050017A155ED
S2050017A2A79A
S2050017A30040
S2050017A463DC
S2050017A58AB4
S2050017A6C776
S2050017A7003C
S2050017A81328
S2050017A90634
S2050017AA0039
S2050017AB0434
S2050017ACB384
S2050017AD072F
S2050017AEF63F
S2050017AF40F4
S2050017B0B380
S2050017B1171B
S2050017B2F73A
S2050017B30030
S2050017B4B37C
S2050017B5E549
S2050017B6F538
S2050017B7002C
S2050017B833F8
S2050017B936F4
S2050017BAB079
S2050017BB0028
S2050017BC33F4
S2050017BD66C0
S2050017BEA67F
S2050017BF0024
S2050017C06FB4
S2050017C1F032
S2050017C2DF42
S2050017C3A878
S2050017C4E33C
S2050017C5829C
S2050017C60617
S2050017C7FC20
S2050017C833E8
S2050017C9EF2B
S2050017CAE831
S2050017CB0117
S2050017CCE334
S2050017CD1600
S2050017CE0F06
S2050017CFD044
S2050017D06FA4
S2050017D1F022
S2050017D2DF32
S2050017D3CE42
S2050017D4E32C
S2050017D50806
S2050017D60805
S2050017D7DC30
S2050017D813F8
S2050017D918F2
S2050017DA36D3
S2050017DB0008
S2050017DC9374
S2050017DD976F
S2050017DED82D
S2050017DF0103
S2050017E013F0
S2050017E158AA
S2050017E238C9
S2050017E30000
S2050017E413EC
S2050017E5D727
S2050017E638C5
S2050017E700FC
S2050017E833C8
S2050017E96892
S2050017EAF801
S2050017EB00F8
S2050017EC33C4
S2050017ED777F
S2050017EED71E
S2050017EF01F3
S2050017F013E0
S2050017F18E64
S2050017F206EB
S2050017F300F0
S2050017F4935C
S2050017F507E7
S2050017F600ED
S2050017F700EC
S2050017F86F7C
S2050017F9F0FA
S2050017FADF0A
S2050017FB9B4D
S2050017FC9354
S2050017FD07DF
S2050017FE10D5
S2050017FF00E4
S2050018006F73
S205001801F0F1
S205001802DF01
S205001803C21D
S205001804B32B
S20500180505D8
S205001806BF1D
S205001807409B
S205001808B327
S2050018098851
S20500180AE8F0
S20500180B4097
S20500180C33A3
S20500180D379E
S20500180EBF15
S20500180F00D3
S205001810933F
S205001811844D
S20500181205CB
S20500181300CF
S205001814B31B
S2050018158944
S205001816E8E4
S205001817408B
S20500181813B7
S2050018198445
S20500181A06C2
S20500181B00C7
S20500181C13B3
S20500181D09BC
S20500181E10B4
S20500181F00C3
S2050018206F53
S205001821F0D1
S2050018229F21
S2050018238C33
S20500182413AB
S20500182516A7
S2050018263686
S20500182700BB
S20500182813A7
S2050018295663
S20500182A3682
S20500182B00B7
S20500182C13A3
S20500182D872E
S20500182E08AC
S20500182F00B3
S2050018306F43
S205001831F0C1
S2050018325F51
S205001833CCE3
S205001834139B
S2050018351697
S2050018363676
S20500183700AB
S2050018389317
S2050018395950
S20500183A3672
S20500183B00A7
S20500183C1393
S20500183D871E
S20500183E089C
S20500183F00A3
S2050018406F33
S205001841F0B1
S2050018425F41
S205001843DEC1
S205001844930B
S2050018458617
S2050018460795
S205001847FE9D
S2050018481387
S2050018490693
S20500184A0098
S20500184B0295
S20500184CB3E3
S20500184D563F
S20500184ED7BD
S20500184F0093
S205001850632F
S2050018518A07
S205001852C7C9
S205001853008F
S205001854137B
S2050018550687
S205001856008C
S2050018570487
S205001858B3D7
S2050018590782
S20500185AF692
S20500185B4047
S20500185CB3D3
S20500185D176E
S20500185EF78D
S20500185F0083
S205001860B3CF
S205001861E59C
S205001862F58B
S205001863007F
S205001864B3CB
S2050018653944
S205001866B0CC
S205001867007B
S205001868B3C7
S205001869E990
S20500186AD99F
S20500186B0077
S20500186C6F07
S20500186DF085
S20500186E5F15
S20500186FC3B0
S205001870135F
S205001871D69B
S205001872343C
S205001873006F
S20500187493DB
S2050018750766
S2050018760963
S205001877006B
S2050018781357
S20500187987E2
S20500187A095F
S20500187B0067
S20500187C6FF7
S20500187DF075
S20500187E9FC5
S20500187FC79C
S20500188093CF
S205001881065B
S2050018820060
S205001883025D
S205001884B3AB
S20500188586D7
S205001886F666
S205001887401B
S2050018881347
S2050018890653
S20500188A0058
S20500188B0057
S20500188C6FE7
S20500188DF065
S20500188E5FF5
S20500188F8BC8
S205001890331F
S205001891E869
S205001892C987
S205001893004F
S205001894E36B
S2050018950845
S2050018960844
S205001897D07B
S20500189893B7
S205001899D970
S20500189A390F
S20500189B0047
S20500189C1333
S20500189D073E
S20500189E063E
S20500189F0043
S2050018A06FD3
S2050018A1F051
S2050018A25FE1
S2050018A3D867
S2050018A4132B
S2050018A50E2F
S2050018A6003C
S2050018A7003B
S2050018A893A7
S2050018A90732
S2050018AAF048
S2050018AB7FB8
S2050018AC37FF
S2050018AD072E
S2050018AE082C
S2050018AF0033
S2050018B06FC3
S2050018B1F041
S2050018B25FD1
S2050018B3909F
S2050018B4939B
S2050018B51716
S2050018B6D755
S2050018B7012A
S2050018B81317
S2050018B957D2
S2050018BA37F1
S2050018BB0027
S2050018BC33F3
S2050018BDE83D
S2050018BE071D
S2050018BF0122
S2050018C033EF
S2050018C177AA
S2050018C2D749
S2050018C3011E
S2050018C4938B
S2050018C50716
S2050018C6001C
S2050018C7001B
S2050018C86FAB
S2050018C9F029
S2050018CADF39
S2050018CB8E89
S2050018CC1303
S2050018CD18FD
S2050018CED73D
S2050018CF0112
S2050018D0937F
S2050018D1D53C
S2050018D235DB
S2050018D3000F
S2050018D433DB
S2050018D568A5
S2050018D6B854
S2050018D7000B
S2050018D813F7
S2050018D957B2
S2050018DA37D1
S2050018DB0007
S2050018DC13F3
S2050018DD8481
S2050018DE06FE
S2050018DF0003
S2050018E06F93
S2050018E1F011
S2050018E29F61
S2050018E3C23D
S2050018E413EB
S2050018E501FC
S2050018E601FB
S2050018E7FB00
S2050018E89367
S2050018E9D722
S2050018EA45B3
S2050018EB01F6
S2050018EC23D3
S2050018ED24D1
S2050018EE8173
S2050018EF04EF
S2050018F023CF
S2050018F122CF
S2050018F2915F
S2050018F304EB
S2050018F423CB
S2050018F520CD
S2050018F621CB
S2050018F705E6
S2050018F823C7
S2050018F92CBD
S2050018FA41A7
S2050018FB03E4
S2050018FC23C3
S2050018FD2ABB
S2050018FE5193
S2050018FF03E0
S205001900934E
S205001901944C
S205001902C51A
S20500190300DE
S20500190423BA
S20500190526B6
S20500190611CA
S20500190704D6
S20500190823B6
S2050019092EAA
S20500190A31A6
S20500190B03D3
S20500190C23B2
S20500190D28AC
S20500190E6172
S20500190F03CF
S20500191023AE
S20500191126AA
S205001912715E
S20500191303CB
S20500191423AA
S20500191524A8
S205001916814A
S20500191703C7
S2050019189336
S205001919F7D1
S20500191AF7D0
S20500191B7F47
S20500191C13B2
S20500191D04C0
S20500191E05BE
S20500191F00C2
S20500192013AE
S2050019210AB6
S20500192206B9
S20500192300BE
S20500192413AA
S2050019258933
S20500192606B5
S20500192700BA
S2050019289326
S205001929D4E4
S20500192AC4F3
S20500192B00B6
S20500192C9322
S20500192DDADA
S20500192EF5BE
S20500192F01B1
S205001930634E
S2050019318A26
S20500193207A8
S2050019331896
S205001934139A
S20500193507A5
S205001936F0BB
S2050019377F2B
S2050019386346
S2050019398820
S20500193AE7C0
S20500193B089E
S20500193C1392
S20500193D5B49
S20500193ED5CE
S20500193F01A1
S205001940930E
S205001941940C
S205001942346B
S205001943009E
S205001944B3EA
S2050019456438
S2050019469B00
S205001947009A
S2050019483762
S2050019490791
S20500194A8017
S20500194B0096
S20500194C3362
S20500194DEBA9
S20500194EE4AF
S20500194F0092
S20500195093FE
S2050019511B75
S205001952355A
S205001953008E
S20500195493FA
S2050019558903
S2050019561774
S205001957C0CA
S20500195893F6
S2050019590484
S20500195A0087
S20500195B0086
S20500195C1372
S20500195D0C78
S20500195E0083
S20500195F0082
S20500196093EE
S2050019615729
S2050019624936
S205001963017D
S205001964136A
S2050019651468
S205001966C9B2
S205001967007A
S20500196893E6
S205001969F781
S20500196AF780
S20500196B7FF7
S20500196C1362
S20500196D5420
S20500196EC4AF
S20500196F0072
S205001970135E
S2050019715917
S205001972F976
S205001973016D
S205001974630A
S20500197582EA
S2050019760764
S2050019770862
S2050019781356
S2050019790761
S20500197AF077
S20500197B7FE7
S20500197C6302
S20500197D8ADA
S20500197EE77C
S20500197F184A
S205001980134E
S205001981144C
S205001982342B
S205001983005E
S205001984134A
S2050019855705
S205001986DA81
S2050019870159
S2050019883326
S20500198967F1
S20500198A87D0
S20500198B0056
S20500198C93C2
S20500198D87CD
S20500198E173C
S20500198FC092
S205001990371A
S205001991044C
S20500199280CF
S205001993004E
S205001994B39A
S20500199589C3
S205001996F952
S205001997400A
S2050019983316
S20500199964E4
S20500199A87C0
S20500199B0046
S20500199C1332
S20500199D182C
S20500199E3A09
S20500199F0042
S2050019A093AE
S2050019A10739
S2050019A2003F
S2050019A3003E
S2050019A4132A
S2050019A50735
S2050019A6F04B
S2050019A7003A
S2050019A83306
S2050019A9CA6E
S2050019AA2A0D
S2050019AB0135
S2050019AC63D2
S2050019AD64D0
S2050019AE979C
S2050019AF240E
S2050019B037FA
S2050019B10729
S2050019B2101F
S2050019B3002E
S2050019B4131A
S2050019B50725
S2050019B60724
S2050019B7002A
S2050019B89396
S2050019B99494
S2050019BA2403
S2050019BB0026
S2050019BCB372
S2050019BD84A0
S2050019BEE43F
S2050019BF0022
S2050019C0031E
S2050019C1A779
S2050019C2041B
S2050019C3001E
S2050019C467B6
S2050019C5001C
S2050019C60714
S2050019C7001A
S2050019C833E6
S2050019C9EB2D
S2050019CAA473
S2050019CB0016
S2050019CC63B2
S2050019CD1EF6
S2050019CE0B08
S2050019CF1CF6
S2050019D0937E
S2050019D157B9
S2050019D249C6
S2050019D3010D
S2050019D413FA
S2050019D514F8
S2050019D6C942
S2050019D7000A
S2050019D89376
S2050019D9F711
S2050019DAF710
S2050019DB7F87
S2050019DC9372
S2050019DD0BF9
S2050019DE0003
S2050019DF0002
S2050019E0936E
S2050019E104FC
S2050019E2807F
S2050019E300FE
S2050019E4936A
S2050019E509F3
S2050019E6F00B
S2050019E77F7B
S2050019E813E6
S2050019E90CEC
S2050019EA20D7
S2050019EB00F6
S2050019EC13E2
S2050019ED54A0
S2050019EEC42F
S2050019EF00F2
S2050019F013DE
S2050019F15997
S2050019F2F9F6
S2050019F301ED
S2050019F4E30A
S2050019F5925A
S2050019F607E4
S2050019F7F8F2
S2050019F833B6
S2050019F96880
S2050019FA44A3
S2050019FB01E5
S2050019FC6382
S2050019FD02E2
S2050019FE08DB
S2050019FF1CC6
S205001A00637D
S205001A0106D9
S205001A0204DA
S205001A035C81
S205001A0413C9
S205001A0505D6
S205001A0604D6
S205001A0700D9
S205001A08EFE9
S205001A0920B7
S205001A0AC016
S205001A0B686D
S205001A0C9341
S205001A0D07CC
S205001A0E05CD
S205001A0F00D1
S205001A10933D
S205001A1106C9
S205001A125579
S205001A13FFCE
S205001A1413B9
S205001A1507C4
S205001A16D0FA
S205001A1701C8
S205001A1813B5
S205001A19883F
S205001A1A873F
S205001A1BFFC6
S205001A1C3391
S205001A1D07BC
S205001A1ED7EB
S205001A1F4081
S205001A20338D
S205001A2114AB
S205001A2204BA
S205001A2301BC
S205001A243389
S205001A255764
S205001A26EAD0
S205001A2700B9
S205001A283385
S205001A296453
S205001A2A872F
S205001A2B00B5
S205001A2C3381
S205001A2D189B
S205001A2E0AA8
S205001A2F01B0
S205001A30B3FD
S205001A318728
S205001A323777
S205001A3301AC
S205001A349319
S205001A358922
S205001A363773
S205001A373F6A
S205001A389315
S205001A3907A0
S205001A3A00A6
S205001A3B00A5
S205001A3C6F35
S205001A3DF0B3
S205001A3E9F03
S205001A3FF6AB
S205001A40336D
S205001A410798
S205001A42F7A7
S205001A43405D
S205001A449309
S205001A450695
S205001A46801A
S205001A470396
S205001A486335
S205001A49D0C7
S205001A4AE6B0
S205001A4B6035
S205001A4C9301
S205001A4D078C
S205001A4E0092
S205001A4F0091
S205001A5093FD
S205001A510689
S205001A52008E
S205001A53008D
S205001A541379
S205001A550784
S205001A56008A
S205001A570089
S205001A588305
S205001A592067
S205001A5AC1C5
S205001A5B0481
S205001A5C0381
S205001A5D245F
S205001A5E8101
S205001A5F047D
S205001A6093ED
S205001A6197E8
S205001A624737
S205001A63017C
S205001A64B3C9
S205001A65E794
S205001A66D7A3
S205001A670079
S205001A6893E5
S205001A691661
S205001A6AFA7C
S205001A6B0174
S205001A6CB3C1
S205001A6DE78C
S205001A6ED79B
S205001A6F0071
S205001A7083ED
S205001A71244B
S205001A72412D
S205001A730469
S205001A740369
S205001A752942
S205001A760169
S205001A770465
S205001A7883E5
S205001A79293E
S205001A7AC1A5
S205001A7B0362
S205001A7C0361
S205001A7D2A39
S205001A7E81E1
S205001A7F035E
S205001A8083DD
S205001A812A35
S205001A82411D
S205001A83035A
S205001A840359
S205001A852B30
S205001A860159
S205001A870356
S205001A8883D5
S205001A892B2C
S205001A8AC195
S205001A8B0253
S205001A8C0351
S205001A8D2C27
S205001A8E81D1
S205001A8F024F
S205001A90133D
S205001A91054A
S205001A920747
S205001A93004D
S205001A9493B9
S205001A9585C6
S205001A960743
S205001A970049
S205001A981335
S205001A990146
S205001A9A0145
S205001A9B0540
S205001A9C67DD
S205001A9D80C3
S205001A9E0042
S205001A9F0041
S205001AA093AD
S205001AA10738
S205001AA2F04E
S205001AA37FBE
S205001AA493A9
S205001AA50635
S205001AA6003A
S205001AA70039
S205001AA81325
S205001AA90730
S205001AAA0036
S205001AAB0035
S205001AAC6FC5
S205001AADF043
S205001AAEDF53
S205001AAFFA37
S205001AB0131D
S205001AB10A25
S205001AB2002E
S205001AB3002D
S205001AB49399
S205001AB50724
S205001AB6F03A
S205001AB77FAA
S205001AB8B771
S205001AB90621
S205001ABA081E
S205001ABB0025
S205001ABC1311
S205001ABD071C
S205001ABE0022
S205001ABF0021
S205001AC06FB1
S205001AC1F02F
S205001AC29F7F
S205001AC3F924
S205001AC433E9
S205001AC5EB30
S205001AC6A476
S205001AC70019
S205001AC863B5
S205001AC90C0B
S205001ACA0B0B
S205001ACB1005
S205001ACC63B1
S205001ACD848F
S205001ACE040E
S205001ACF52BF
S205001AD013FD
S205001AD1858A
S205001AD2040A
S205001AD3000D
S205001AD4EF1D
S205001AD520EB
S205001AD6000A
S205001AD75CAD
S205001AD813F5
S205001AD90700
S205001ADA0501
S205001ADB0005
S205001ADC9371
S205001ADD07FC
S205001ADE55AD
S205001ADFFF02
S205001AE013ED
S205001AE10BF4
S205001AE2D02E
S205001AE301FC
S205001AE49369
S205001AE50BF0
S205001AE68773
S205001AE7FFFA
S205001AE833C5
S205001AE90BEC
S205001AEAFBFB
S205001AEB40B5
S205001AECB341
S205001AED945F
S205001AEE747E
S205001AEF01F0
S205001AF033BD
S205001AF15B94
S205001AF2648A
S205001AF301EC
S205001AF433B9
S205001AF56B80
S205001AF69B4F
S205001AF700E9
S205001AF8B335
S205001AF91BCC
S205001AFA7472
S205001AFB01E4
S205001AFC9351
S205001AFD07DC
S205001AFED012
S205001AFFC021
S205001B00B32C
S205001B018955
S205001B02E7F6
S205001B03409C
S205001B049348
S205001B0504D6
S205001B0600D9
S205001B0700D8
S205001B0813C4
S205001B090CCA
S205001B0A00D5
S205001B0B00D4
S205001B0C6F64
S205001B0DF0E2
S205001B0E5F72
S205001B0FE5EB
S205001B10339C
S205001B116866
S205001B124489
S205001B1301CB
S205001B149338
S205001B158941
S205001B1619B0
S205001B178048
S205001B186364
S205001B191CAA
S205001B1A08BD
S205001B1B0ABA
S205001B1C9330
S205001B1DE4DE
S205001B1E249D
S205001B1F00C0
S205001B2013AC
S205001B2104BA
S205001B2200BD
S205001B2300BC
S205001B249328
S205001B2507B3
S205001B262099
S205001B2700B8
S205001B286F48
S205001B29F0C6
S205001B2ADFD6
S205001B2BE7CD
S205001B2C13A0
S205001B2D8929
S205001B2E0AA7
S205001B2F00B0
S205001B30139C
S205001B3104AA
S205001B320BA2
S205001B3300AC
S205001B341398
S205001B358822
S205001B360B9E
S205001B3700A8
S205001B389314
S205001B39079F
S205001B3A2085
S205001B3B00A4
S205001B3C6340
S205001B3D089A
S205001B3EFCA5
S205001B3F6040
S205001B40930C
S205001B410797
S205001B42306D
S205001B43009C
S205001B44E3B8
S205001B450694
S205001B46FC9D
S205001B47F6A2
S205001B489304
S205001B49078F
S205001B4A1085
S205001B4B0094
S205001B4C1380
S205001B4D0A88
S205001B4E0988
S205001B4F0090
S205001B50E3AC
S205001B510E80
S205001B52FC91
S205001B53EE9E
S205001B5493F8
S205001B558703
S205001B56F990
S205001B573F49
S205001B586324
S205001B595234
S205001B5AF095
S205001B5B3C48
S205001B5C1370
S205001B5D770B
S205001B5E7809
S205001B5F0080
S205001B60631C
S205001B611668
S205001B620776
S205001B635C20
S205001B641368
S205001B651763
S205001B667405
S205001B670078
S205001B686314
S205001B695A1C
S205001B6A076E
S205001B6B0074
S205001B6CB7BC
S205001B6D076B
S205001B6E0071
S205001B6FFF71
S205001B7093DC
S205001B7187E7
S205001B72F776
S205001B73FF6D
S205001B743338
S205001B7574F6
S205001B76F475
S205001B770068
S205001B7893D4
S205001B7987DF
S205001B7A095C
S205001B7B4024
S205001B7C1350
S205001B7D075B
S205001B7EE081
S205001B7F7FE1
S205001B80E37C
S205001B81401E
S205001B82F766
S205001B83F26A
S205001B841348
S205001B855802
S205001B863821
S205001B870058
S205001B881344
S205001B89173F
S205001B8AD481
S205001B8B0153
S205001B8C93C0
S205001B8D163C
S205001B8E94BD
S205001B8F0050
S205001B90331C
S205001B9167E7
S205001B920746
S205001B93014B
S205001B9493B8
S205001B95D674
S205001B96C683
S205001B970048
S205001B9893B4
S205001B99F74F
S205001B9AF74E
S205001B9B7FC5
S205001B9C6FD4
S205001B9DF052
S205001B9EDF62
S205001B9FEB55
S205001BA0132C
S205001BA18CB2
S205001BA20736
S205001BA3003C
S205001BA46FCC
S205001BA5F04A
S205001BA65FDA
S205001BA7F93F
S205001BA81324
S205001BA98BAB
S205001BAA0431
S205001BAB0034
S205001BAC93A0
S205001BAD0B27
S205001BAE052C
S205001BAF0030
S205001BB0939C
S205001BB1042A
S205001BB2C06D
S205001BB3002C
S205001BB49398
S205001BB50921
S205001BB6F039
S205001BB77FA9
S205001BB81314
S205001BB90C1A
S205001BBA30F5
S205001BBB0024
S205001BBC6FB4
S205001BBDF032
S205001BBE5FC2
S205001BBFDA46
S205001BC0938C
S205001BC1E43A
S205001BC21409
S205001BC3001C
S205001BC41308
S205001BC50416
S205001BC60019
S205001BC70018
S205001BC89384
S205001BC9070F
S205001BCA1005
S205001BCB0014
S205001BCC6FA4
S205001BCDF022
S205001BCE9F72
S205001BCFDD33
S205001BD0937C
S205001BD1E42A
S205001BD234D9
S205001BD3000C
S205001BD413F8
S205001BD50802
S205001BD60AFF
S205001BD70008
S205001BD89374
S205001BD907FF
S205001BDA30D5
S205001BDB0004
S205001BDC6F94
S205001BDDF012
S205001BDE9F62
S205001BDFDC24
S205001BE0936C
S205001BE10BF3
S205001BE200FD
S205001BE300FC
S205001BE49368
S205001BE504F6
S205001BE640B9
S205001BE700F8
S205001BE89364
S205001BE909ED
S205001BEA00F5
S205001BEB00F4
S205001BEC13E0
S205001BED0CE6
S205001BEE10E1
S205001BEF00F0
S205001BF06F80
S205001BF1F0FE
S205001BF21FCE
S205001BF3D715
S205001BF423C8
S205001BF522C8
S205001BF69158
S205001BF703E5
S205001BF823C4
S205001BF920C6
S205001BFAA144
S205001BFB03E1
S205001BFC23C0
S205001BFD2EB4
S205001BFEB130
S205001BFF01DF
S205001C00637B
S205001C016A73
S205001C026478
S205001C033BA0
S205001C046377
S205001C0506D3
S205001C068B4D
S205001C073A9D
S205001C089343
S205001C09894C
S205001C0AF9DB
S205001C0BFFD4
S205001C0C13BF
S205001C0D8C45
S205001C0E0BC5
S205001C0F00CF
S205001C10933B
S205001C1104C9
S205001C120BC1
S205001C1300CB
S205001C1413B7
S205001C150DBC
S205001C1600C8
S205001C1700C7
S205001C189333
S205001C195C69
S205001C1A883C
S205001C1B01C2
S205001C1C13AF
S205001C1D14AD
S205001C1E843C
S205001C1F00BF
S205001C2013AB
S205001C215964
S205001C2204B8
S205001C2301BA
S205001C24B307
S205001C25ECCD
S205001C268C2C
S205001C2700B7
S205001C289323
S205001C2905B0
S205001C2A09AB
S205001C2B00B3
S205001C2C139F
S205001C2D852C
S205001C2E04AC
S205001C2F00AF
S205001C30139B
S205001C319B12
S205001C320CA0
S205001C3301AA
S205001C349317
S205001C351A8F
S205001C368820
S205001C3700A7
S205001C381393
S205001C395B4A
S205001C3A0B99
S205001C3B01A2
S205001C3CEFB3
S205001C3D2081
S205001C3EC0E0
S205001C3F3A65
S205001C40930B
S205001C410598
S205001C420597
S205001C43009B
S205001C441387
S205001C450495
S205001C460593
S205001C470097
S205001C481383
S205001C490590
S205001C4A0B89
S205001C4B0093
S205001C4CEFA3
S205001C4D2071
S205001C4E0090
S205001C4F3758
S205001C5093FB
S205001C510786
S205001C520587
S205001C53008B
S205001C5493F7
S205001C550584
S205001C56097F
S205001C570087
S205001C581373
S205001C598500
S205001C5A0480
S205001C5B0083
S205001C5C93EF
S205001C5D84FD
S205001C5E0779
S205001C5F007F
S205001C60EF8F
S205001C61205D
S205001C62007C
S205001C633D3E
S205001C641367
S205001C651564
S205001C660573
S205001C670176
S205001C6893E3
S205001C69571E
S205001C6A0C68
S205001C6B0172
S205001C6CB3BF
S205001C6DE78A
S205001C6EA7C9
S205001C6F006F
S205001C70630B
S205001C71FA73
S205001C7297D5
S205001C73006B
S205001C74B3B7
S205001C7587E2
S205001C76FC6C
S205001C770067
S205001C781353
S205001C79075E
S205001C7AF470
S205001C7BFF64
S205001C7C63FF
S205001C7DFE63
S205001C7E97C9
S205001C7F3B24
S205001C80134B
S205001C810459
S205001C820755
S205001C83005B
S205001C84B3A7
S205001C8584D5
S205001C8697C1
S205001C874017
S205001C8893C3
S205001C890550
S205001C8A094B
S205001C8B0053
S205001C8C133F
S205001C8D85CC
S205001C8E044C
S205001C8F004F
S205001C90EF5F
S205001C91202D
S205001C9280CC
S205001C933516
S205001C9493B7
S205001C950544
S205001C960543
S205001C970047
S205001C9893B3
S205001C990B3A
S205001C9A053F
S205001C9B0043
S205001C9C132F
S205001C9D053C
S205001C9E0B35
S205001C9F003F
S205001CA0EF4F
S205001CA1201D
S205001CA2C07C
S205001CA3310A
S205001CA493A7
S205001CA50732
S205001CA60533
S205001CA70037
S205001CA893A3
S205001CA90530
S205001CAA092B
S205001CAB0033
S205001CAC131F
S205001CAD85AC
S205001CAE042C
S205001CAF002F
S205001CB0939B
S205001CB184A9
S205001CB20725
S205001CB3002B
S205001CB4EF3B
S205001CB52009
S205001CB6C068
S205001CB737F0
S205001CB89393
S205001CB9170E
S205001CBA0C18
S205001CBB0122
S205001CBC130F
S205001CBD150C
S205001CBE051B
S205001CBF011E
S205001CC0938B
S205001CC1D746
S205001CC20715
S205001CC3011A
S205001CC4B367
S205001CC5E732
S205001CC6A771
S205001CC70017
S205001CC863B3
S205001CC9FA1B
S205001CCA977D
S205001CCB0013
S205001CCCB35F
S205001CCD878A
S205001CCEFC14
S205001CCF000F
S205001CD013FB
S205001CD18786
S205001CD2FB11
S205001CD3FF0C
S205001CD463A7
S205001CD5FA0F
S205001CD69771
S205001CD735D2
S205001CD89373
S205001CD90BFA
S205001CDA07FD
S205001CDB0003
S205001CDC37CB
S205001CDD03FE
S205001CDE01FF
S205001CDF00FF
S205001CE013EB
S205001CE114E9
S205001CE204F8
S205001CE301FA
S205001CE433C7
S205001CE56495
S205001CE67484
S205001CE701F6
S205001CE89363
S205001CE90DE8
S205001CEAF301
S205001CEBFFF4
S205001CECB33F
S205001CED7879
S205001CEEB43C
S205001CEF01EE
S205001CF0B33B
S205001CF1FDF0
S205001CF2BA32
S205001CF301EA
S205001CF4B337
S205001CF58B5E
S205001CF69751
S205001CF740A7
S205001CF813D3
S205001CF9DC09
S205001CFA0ADA
S205001CFB01E2
S205001CFC934F
S205001CFD578A
S205001CFE04DC
S205001CFF01DE
S205001D0013CA
S205001D018557
S205001D0208D3
S205001D0300DA
S205001D049346
S205001D058553
S205001D060DCA
S205001D0700D6
S205001D08EFE6
S205001D0920B4
S205001D0A4093
S205001D0B2BA7
S205001D0C13BE
S205001D0D08C8
S205001D0E05CA
S205001D0F00CE
S205001D10933A
S205001D1105C7
S205001D120CBF
S205001D1300CA
S205001D1413B6
S205001D158543
S205001D1608BF
S205001D1700C6
S205001D18EFD6
S205001D1920A4
S205001D1A4083
S205001D1B2A98
S205001D1C932E
S205001D1D08B8
S205001D1E05BA
S205001D1F00BE
S205001D20932A
S205001D218537
S205001D220DAE
S205001D2300BA
S205001D2413A6
S205001D258533
S205001D2607B0
S205001D2700B6
S205001D28EFC6
S205001D292094
S205001D2A4073
S205001D2B2989
S205001D2C139E
S205001D2D0EA2
S205001D2E05AA
S205001D2F00AE
S205001D30931A
S205001D3105A7
S205001D320C9F
S205001D3300AA
S205001D341396
S205001D358523
S205001D3607A0
S205001D3700A6
S205001D38EFB6
S205001D392084
S205001D3A4063
S205001D3B287A
S205001D3C930E
S205001D3D5749
S205001D3E0897
S205001D3F019D
S205001D40B3EA
S205001D418814
S205001D42C8D3
S205001D430199
S205001D44B3E6
S205001D458711
S205001D461780
S205001D470195
S205001D486332
S205001D49F4A0
S205001D4AC7CC
S205001D4B0191
S205001D4C335E
S205001D4D058B
S205001D4E652A
S205001D4F008E
S205001D503756
S205001D510686
S205001D52018A
S205001D53008A
S205001D541376
S205001D550682
S205001D56F691
S205001D57FF87
S205001D58B3D2
S205001D59F490
S205001D5AC7BC
S205001D5B0082
S205001D5C93EE
S205001D5DD6AA
S205001D5E0778
S205001D5F017D
S205001D6093EA
S205001D6194E8
S205001D620477
S205001D630179
S205001D643346
S205001D657800
S205001D66C8AF
S205001D670076
S205001D68B3C2
S205001D6987ED
S205001D6AA6CD
S205001D6B0072
S205001D6CB3BE
S205001D6D84EC
S205001D6E046B
S205001D6F016D
S205001D70630A
S205001D71EA82
S205001D72FB70
S205001D73204A
S205001D746306
S205001D7586E2
S205001D76FB6C
S205001D772046
S205001D78B3B2
S205001D790460
S205001D7A9DC6
S205001D7B4022
S205001D7CB3AE
S205001D7D8BD5
S205001D7EFB64
S205001D7F401E
S205001D80332A
S205001D813D1F
S205001D829DBE
S205001D83005A
S205001D84B3A6
S205001D858BCD
S205001D86ABAC
S205001D874115
S205001D8863F2
S205001D898ACA
S205001D8A7CD7
S205001D8B371B
S205001D8C93BE
S205001D8D054B
S205001D8E0946
S205001D8F004E
S205001D90133A
S205001D9185C7
S205001D920B40
S205001D93004A
S205001D94EF5A
S205001D952028
S205001D964007
S205001D972521
S205001D9893B2
S205001D99053F
S205001D9A053E
S205001D9B0042
S205001D9C231E
S205001D9D261A
S205001D9EA19E
S205001D9F003E
S205001DA0132A
S205001DA10D2F
S205001DA20536
S205001DA3003A
S205001DA41326
S205001DA50533
S205001DA60B2C
S205001DA70036
S205001DA8EF46
S205001DA92014
S205001DAA40F3
S205001DAB2111
S205001DAC939E
S205001DAD0729
S205001DAE052A
S205001DAF002E
S205001DB0939A
S205001DB10527
S205001DB20922
S205001DB3002A
S205001DB41316
S205001DB585A3
S205001DB60B1C
S205001DB70026
S205001DB89392
S205001DB98B99
S205001DBA071C
S205001DBB0022
S205001DBCEF32
S205001DBD2000
S205001DBE40DF
S205001DBF27F7
S205001DC0130A
S205001DC11507
S205001DC20516
S205001DC30119
S205001DC49386
S205001DC5D741
S205001DC60413
S205001DC70115
S205001DC8B362
S205001DC9E72D
S205001DCAA76C
S205001DCB0012
S205001DCC63AE
S205001DCDF020
S205001DCE7798
S205001DCF030B
S205001DD0B35A
S205001DD18785
S205001DD2FC0F
S205001DD3000A
S205001DD49376
S205001DD50602
S205001DD6FD0A
S205001DD7FF07
S205001DD863A2
S205001DD9E222
S205001DDA976C
S205001DDB37CB
S205001DDC639E
S205001DDDF010
S205001DDE7788
S205001DDF37C7
S205001DE013EA
S205001DE107F5
S205001DE2ED0E
S205001DE3FFFB
S205001DE423D6
S205001DE526D2
S205001DE6E116
S205001DE700F6
S205001DE8B342
S205001DE9876D
S205001DEA975C
S205001DEB01F1
S205001DECB33E
S205001DED8B65
S205001DEE7778
S205001DEF41AD
S205001DF0935A
S205001DF105E7
S205001DF209E2
S205001DF300EA
S205001DF413D6
S205001DF58563
S205001DF60BDC
S205001DF700E6
S205001DF8EFF6
S205001DF920C4
S205001DFA00E3
S205001DFB1FC3
S205001DFC934E
S205001DFD05DB
S205001DFE05DA
S205001DFF00DE
S205001E0013C9
S205001E010DCE
S205001E0205D5
S205001E0300D9
S205001E0413C5
S205001E0505D2
S205001E060BCB
S205001E0700D5
S205001E08EFE5
S205001E0920B3
S205001E0A4092
S205001E0B1BB6
S205001E0C933D
S205001E0D07C8
S205001E0E05C9
S205001E0F00CD
S205001E109339
S205001E1105C6
S205001E1209C1
S205001E1300C9
S205001E1413B5
S205001E158542
S205001E160BBB
S205001E1700C5
S205001E1813B1
S205001E19893A
S205001E1A07BB
S205001E1B00C1
S205001E1C932D
S205001E1D942B
S205001E1E04BA
S205001E1F01BC
S205001E20EFCD
S205001E21209B
S205001E2200BA
S205001E232198
S205001E2413A5
S205001E2515A2
S205001E2605B1
S205001E2701B4
S205001E289321
S205001E29D4DF
S205001E2A04AE
S205001E2B01B0
S205001E2CB3FD
S205001E2DE4CB
S205001E2EA40A
S205001E2F00AD
S205001E306349
S205001E31FEAD
S205001E322486
S205001E3301A8
S205001E34B3F5
S205001E358423
S205001E369C0A
S205001E3700A5
S205001E389311
S205001E39079C
S205001E3AFDA5
S205001E3BFFA2
S205001E3C633D
S205001E3DE4BB
S205001E3E940A
S205001E3F316C
S205001E406339
S205001E41F2A9
S205001E422476
S205001E433168
S205001E441385
S205001E450D8A
S205001E46EDA9
S205001E47FF96
S205001E48B3E1
S205001E49840F
S205001E4A94FE
S205001E4B0190
S205001E4C830D
S205001E4D2768
S205001E4EC1CD
S205001E4F008D
S205001E50B3D9
S205001E518407
S205001E522466
S205001E534148
S205001E5493F5
S205001E558502
S205001E560D79
S205001E570085
S205001E581371
S205001E5998EB
S205001E5A077B
S205001E5B0180
S205001E5C334D
S205001E5D6817
S205001E5EA8D6
S205001E5F017C
S205001E601369
S205001E611368
S205001E620872
S205001E630178
S205001E641365
S205001E655324
S205001E660373
S205001E670174
S205001E6893E1
S205001E69571C
S205001E6A086A
S205001E6B0170
S205001E6C135D
S205001E6D056A
S205001E6E036B
S205001E6F006D
S205001E70EF7D
S205001E71204B
S205001E72C0AA
S205001E731455
S205001E7493D5
S205001E75085F
S205001E760561
S205001E770065
S205001E7893D1
S205001E79055E
S205001E7A0C56
S205001E7B0061
S205001E7C134D
S205001E7D055A
S205001E7E035B
S205001E7F005D
S205001E80EF6D
S205001E81203B
S205001E82C09A
S205001E831346
S205001E841345
S205001E850354
S205001E860551
S205001E870055
S205001E8893C1
S205001E8985CE
S205001E8A0D45
S205001E8B0051
S205001E8C133D
S205001E8D85CA
S205001E8E0747
S205001E8F004D
S205001E90EF5D
S205001E91202B
S205001E92C08A
S205001E931237
S205001E941335
S205001E950E39
S205001E960541
S205001E970045
S205001E9893B1
S205001E99053E
S205001E9A0C36
S205001E9B0041
S205001E9C132D
S205001E9D85BA
S205001E9E0737
S205001E9F003D
S205001EA0EF4D
S205001EA1201B
S205001EA2C07A
S205001EA31128
S205001EA493A5
S205001EA5D760
S205001EA6082E
S205001EA70134
S205001EA83301
S205001EA90330
S205001EAAC36F
S205001EAB0130
S205001EACB37D
S205001EAD87A8
S205001EAE67C7
S205001EAF002D
S205001EB063C9
S205001EB1F635
S205001EB2C763
S205001EB30128
S205001EB437F1
S205001EB50720
S205001EB60125
S205001EB70025
S205001EB833F1
S205001EB9051E
S205001EBAE53D
S205001EBB0021
S205001EBCB769
S205001EBD0619
S205001EBE011D
S205001EBF001D
S205001EC09389
S205001EC18695
S205001EC2F624
S205001EC3FF1A
S205001EC41305
S205001EC5D740
S205001EC6070F
S205001EC70114
S205001EC8B361
S205001EC9F71C
S205001ECAD73B
S205001ECB0011
S205001ECC937D
S205001ECD9778
S205001ECE0707
S205001ECF010C
S205001ED0B359
S205001ED1F813
S205001ED2D832
S205001ED30009
S205001ED433D5
S205001ED50700
S205001ED6A75F
S205001ED70005
S205001ED8B351
S205001ED9877C
S205001EDA17EB
S205001EDB0100
S205001EDC639D
S205001EDDE01F
S205001EDEE41A
S205001EDF02FB
S205001EE06399
S205001EE18C6F
S205001EE2E416
S205001EE300F9
S205001EE48375
S205001EE52CCB
S205001EE641B5
S205001EE702F3
S205001EE803F1
S205001EE92DC6
S205001EEA01F1
S205001EEB02EF
S205001EEC836D
S205001EED2DC2
S205001EEEC12D
S205001EEF01EC
S205001EF013D9
S205001EF16883
S205001EF218D2
S205001EF300E9
S205001EF46F79
S205001EF5F0F7
S205001EF61FC7
S205001EF7C61F
S205001EF86381
S205001EF98A59
S205001EFA07DB
S205001EFB1CC5
S205001EFCB32D
S205001EFD845B
S205001EFE9C42
S205001EFF00DD
S205001F0013C8
S205001F0106D4
S205001F02F8E1
S205001F03FFD9
S205001F049344
S205001F058650
S205001F0604D1
S205001F0700D4
S205001F086370
S205001F09ECE6
S205001F0A943D
S205001F0B1BB5
S205001F0C636C
S205001F0DEAE4
S205001F0EE4E9
S205001F0F24A8
S205001F106368
S205001F118842
S205001F12E4E5
S205001F1326A2
S205001F1413B4
S205001F1508BE
S205001F1606BF
S205001F1700C4
S205001F186F54
S205001F19F0D2
S205001F1ADFE2
S205001F1BFCC4
S205001F1C13AC
S205001F1D07B7
S205001F1E10AD
S205001F1F00BC
S205001F20E3D8
S205001F21902A
S205001F2207B2
S205001F23B206
S205001F249324
S205001F25872F
S205001F26E9CC
S205001F274173
S205001F28B300
S205001F29169C
S205001F2AF8B9
S205001F2B00B0
S205001F2CB3FC
S205001F2D3678
S205001F2ED0DD
S205001F2F00AC
S205001F30B3F8
S205001F311793
S205001F32F4B5
S205001F3300A8
S205001F34B3F4
S205001F35E7BF
S205001F36F6AF
S205001F3700A4
S205001F383370
S205001F39584A
S205001F3AE8B9
S205001F3B00A0
S205001F3C336C
S205001F3D6836
S205001F3EF8A5
S205001F3F009C
S205001F409308
S205001F417723
S205001F427821
S205001F430098
S205001F443364
S205001F455442
S205001F46E4B1
S205001F470094
S205001F486330
S205001F498012
S205001F4A078A
S205001F4B028E
S205001F4C93FC
S205001F4D7717
S205001F4EF895
S205001F4F008C
S205001F501378
S205001F510783
S205001F524049
S205001F530088
S205001F546324
S205001F558AFC
S205001F56E79E
S205001F570084
S205001F5893F0
S205001F59077B
S205001F5A4839
S205001F5B0080
S205001F5C334C
S205001F5DB8C6
S205001F5E0776
S205001F5F017B
S205001F603348
S205001F610476
S205001F620475
S205001F630177
S205001F641364
S205001F6588EE
S205001F66076E
S205001F670074
S205001F681360
S205001F69165C
S205001F6A84ED
S205001F6B0070
S205001F6C93DC
S205001F6D0767
S205001F6E105D
S205001F6F006C
S205001F7093D8
S205001F710664
S205001F720069
S205001F730068
S205001F741354
S205001F75075F
S205001F760065
S205001F770064
S205001F78E380
S205001F794022
S205001F7A065B
S205001F7BAEB2
S205001F7C6FF0
S205001F7D005E
S205001F7E80DD
S205001F7F124A
S205001F80E378
S205001F817CDE
S205001F829DBC
S205001F83DE7A
S205001F84B3A4
S205001F850650
S205001F865DF8
S205001F870153
S205001F883320
S205001F89B69C
S205001F8AA6AB
S205001F8B014F
S205001F8CB39C
S205001F8D0549
S205001F8E96B7
S205001F8F014B
S205001F90B398
S205001F918BBF
S205001F92BB8E
S205001F930048
S205001F941334
S205001F958DB9
S205001F96063F
S205001F970044
S205001F9893B0
S205001F99053D
S205001F9AF44D
S205001F9BFF41
S205001F9C63DC
S205001F9DFE40
S205001F9E7CC1
S205001F9F0735
S205001FA063D8
S205001FA1E05A
S205001FA2FB3E
S205001FA31424
S205001FA463D4
S205001FA58CAA
S205001FA677BE
S205001FA71321
S205001FA81320
S205001FA984AE
S205001FAA052C
S205001FAB0030
S205001FAC6FC0
S205001FADF03E
S205001FAEDF4E
S205001FAFDC50
S205001FB0E348
S205001FB1EC3E
S205001FB20B1E
S205001FB3C563
S205001FB41314
S205001FB51C0A
S205001FB6FB2A
S205001FB70123
S205001FB81310
S205001FB9D74B
S205001FBA1B06
S205001FBB0020
S205001FBC938C
S205001FBD54CA
S205001FBE1B02
S205001FBF001C
S205001FC033E8
S205001FC16CAE
S205001FC2EC2D
S205001FC30018
S205001FC41304
S205001FC59D79
S205001FC6FB1A
S205001FC70113
S205001FC86FA4
S205001FC9F022
S205001FCA1FF2
S205001FCBC54B
S205001FCC13FC
S205001FCD0509
S205001FCE0A03
S205001FCF000C
S205001FD0EF1C
S205001FD120EA
S205001FD240C9
S205001FD30CFC
S205001FD49374
S205001FD50600
S205001FD655B0
S205001FD70103
S205001FD813F0
S205001FD907FB
S205001FDAC041
S205001FDB01FF
S205001FDC936C
S205001FDD07F7
S205001FDE05F8
S205001FDF02FA
S205001FE0E318
S205001FE15AA0
S205001FE2D722
S205001FE3A256
S205001FE413E4
S205001FE505F1
S205001FE68570
S205001FE7FFF5
S205001FE813E0
S205001FE908EA
S205001FEA00F1
S205001FEB00F0
S205001FEC33BC
S205001FED14DA
S205001FEEAA43
S205001FEF00EC
S205001FF06F7C
S205001FF1F0FA
S205001FF21FCA
S205001FF3A444
S205001FF4EFF8
S205001FF520C6
S205001FF600E5
S205001FF70ADA
S205001FF89350
S205001FF907DB
S205001FFA558C
S205001FFB01DF
S205001FFC934C
S205001FFD06D8
S205001FFEC01D
S205001FFF01DB
S20500200013C7
S20500200107D2
S20500200205D3
S20500200302D5
S205002004E3F3
S205002005DEF7
S205002006F6DE
S205002007AC27
S205002008933F
S20500200904CD
S20500200A854B
S20500200BFFD0
S20500200C339B
S20500200D1BB2
S20500200E9438
S20500200F00CB
S2050020109337
S2050020110BBE
S20500201200C8
S20500201300C7
S2050020146F57
S205002015F0D5
S2050020169F25
S205002017AE15
S205002018E3DF
S2050020199829
S20500201A7C44
S20500201BF9C6
S20500201CE3DB
S20500201D02BB
S20500201E06B6
S20500201FF8C3
S20500202013A7
S2050020218435
S20500202205B3
S20500202300B7
S2050020246F47
S205002025F0C5
S2050020265F55
S205002027D5DE
S205002028E3CF
S205002029F8B9
S20500202A9719
S20500202BCAE5
S20500202C931B
S20500202D8B22
S20500202EEBC1
S20500202FFFAC
S205002030B3F7
S2050020318722
S2050020329711
S20500203301A6
S2050020346F37
S205002035F0B5
S2050020369F05
S205002037CAD9
S205002038E3BF
S205002039F4AD
S20500203A9709
S20500203BC4DB
S20500203C138B
S20500203D0499
S20500203EE4B8
S20500203FFF9C
S205002040B3E7
S2050020418712
S2050020429701
S2050020430196
S2050020446F27
S205002045F0A5
S2050020461F75
S205002047C4CF
S20500204893FF
S205002049068B
S20500204AF0A0
S20500204B018E
S20500204CE3AB
S20500204DDCB1
S20500204EE6A6
S20500204FEC9F
S20500205093F7
S2050020510683
S2050020521078
S205002053FE89
S205002054B3D3
S20500205586FF
S205002056F68E
S2050020574043
S20500205893EF
S205002059077A
S20500205A0080
S20500205B027D
S20500205CB3CB
S20500205D5627
S20500205ED4A8
S20500205F007B
S2050020606317
S2050020610871
S205002062F781
S2050020630077
S20500206493E3
S20500206587EE
S205002066E98B
S2050020674330
S205002068B3BF
S205002069175A
S20500206AF47C
S20500206B006F
S20500206C333B
S20500206D6805
S20500206EF874
S20500206F006B
S2050020703337
S2050020713831
S2050020720068
S2050020730166
S2050020743333
S20500207568FD
S205002076D88C
S2050020770063
S205002078134F
S20500207977EA
S20500207A78E8
S20500207B005F
S20500207C93CB
S20500207D0657
S20500207E005C
S20500207F005B
S20500208063F7
S2050020810851
S2050020820751
S2050020830255
S20500208493C3
S20500208577DE
S205002086F85C
S2050020870053
S205002088133F
S205002089074A
S20500208A4010
S20500208B004F
S20500208C133B
S20500208D0449
S20500208E004C
S20500208F004B
S20500209063E7
S2050020918ABF
S205002092E761
S2050020930047
S20500209493B3
S205002095073E
S20500209648FC
S2050020970043
S205002098330F
S205002099B889
S20500209A0739
S20500209B013E
S20500209C330B
S20500209D3409
S20500209E003C
S20500209F013A
S2050020A01327
S2050020A188B1
S2050020A20731
S2050020A30037
S2050020A493A3
S2050020A5161F
S2050020A694A0
S2050020A70033
S2050020A8131F
S2050020A9171A
S2050020AAD45C
S2050020AB012E
S2050020AC939B
S2050020ADD657
S2050020AEC666
S2050020AF002B
S2050020B01317
S2050020B158D1
S2050020B238F0
S2050020B30027
S2050020B433F3
S2050020B567BE
S2050020B6E83C
S2050020B70023
S2050020B8938F
S2050020B9071A
S2050020BA0020
S2050020BB001F
S2050020BC6FAF
S2050020BDF02D
S2050020BEDF3D
S2050020BF9982
S2050020C01307
S2050020C10811
S2050020C20612
S2050020C30017
S2050020C4E333
S2050020C59085
S2050020C6E62E
S2050020C7E231
S2050020C8E32F
S2050020C99E73
S2050020CA57B9
S2050020CBE12E
S2050020CC838B
S2050020CD2CE1
S2050020CE41CB
S2050020CF0209
S2050020D00307
S2050020D12DDC
S2050020D20107
S2050020D30205
S2050020D48383
S2050020D52DD8
S2050020D6C143
S2050020D70102
S2050020D86F93
S2050020D9F011
S2050020DADF21
S2050020DBA758
S2050020DCE31B
S2050020DDF607
S2050020DE9666
S2050020DFEC0F
S2050020E0B347
S2050020E18673
S2050020E2DA1E
S2050020E300F7
S2050020E433C3
S2050020E5B63F
S2050020E6569E
S2050020E701F2
S2050020E833BF
S2050020E906EB
S2050020EA965A
S2050020EB01EE
S2050020EC13DB
S2050020ED04E9
S2050020EEE408
S2050020EFFFEC
S2050020F013D7
S2050020F18D5C
S2050020F206E2
S2050020F300E7
S2050020F4B333
S2050020F58B5A
S2050020F6CB19
S2050020F700E3
S2050020F86F73
S2050020F9F0F1
S2050020FA1FC1
S2050020FBC817
S2050020FC13CB
S2050020FD07D6
S2050020FE20BC
S2050020FFC01B
S2050021008356
S2050021012CAC
S2050021024196
S20500210302D4
S20500210403D2
S2050021052DA7
S20500210601D2
S20500210702D0
S205002108834E
S2050021092DA3
S20500210AC10E
S20500210B01CD
S20500210C933A
S20500210D8745
S20500210EF9D2
S20500210F3F8B
S20500211013B6
S20500211108C0
S205002112F0D7
S205002113FFC7
S205002114E3E2
S205002115C400
S205002116E9DA
S205002117E0E2
S20500211813AE
S20500211907B9
S20500211A4877
S20500211B00BE
S20500211C338A
S20500211D3884
S20500211E07B4
S20500211F01B9
S2050021203386
S20500212104B4
S20500212204B3
S20500212301B5
S20500212413A2
S20500212508AC
S20500212607AC
S20500212700B2
S2050021286F42
S205002129F0C0
S20500212ADFD0
S20500212BA30B
S20500212C139A
S20500212D7735
S20500212EF8B3
S20500212F00AA
S2050021309316
S20500213106A2
S2050021324067
S20500213300A6
S205002134E3C2
S205002135089C
S205002136D7CC
S205002137A200
S2050021386F32
S205002139F0B0
S20500213A1F80
S20500213BFEA0
S20500213C237A
S20500213D2676
S20500213ED1CA
S20500213F009A
S2050021406F2A
S205002141F0A8
S205002142DFB8
S205002143CACC
S2050021441382
S2050021458D07
S205002146078C
S2050021470092
S2050021486F22
S205002149F0A0
S20500214A5F30
S20500214BD0BE
S20500214C137A
S20500214D0A82
S20500214E0982
S20500214F008A
S20500215093F6
S2050021510781
S205002152F097
S2050021537F07
S20500215493F2
S205002155067E
S2050021560083
S2050021570082
S205002158136E
S2050021590779
S20500215A007F
S20500215B007E
S20500215C6F0E
S20500215DF08C
S20500215EDF9C
S20500215F8FEB
S2050021601366
S20500216196E2
S2050021621A5D
S2050021630076
S205002164B3C2
S205002165363E
S205002166561D
S2050021670171
S205002168B3BE
S20500216986EA
S20500216A96D9
S20500216B016D
S20500216CB3BA
S20500216D86E6
S20500216ED497
S20500216F006A
S2050021701356
S2050021710860
S205002172E87F
S205002173FF67
S20500217493D2
S2050021750A5A
S205002176065D
S2050021770062
S205002178E37E
S20500217988D8
S20500217AE679
S20500217BF46A
S20500217C6FEE
S20500217DF06C
S20500217E9FBC
S20500217FD684
S205002180E376
S205002181E078
S205002182FA5D
S205002183FE58
S2050021841342
S205002185084C
S205002186064D
S2050021870052
S2050021886FE2
S205002189F060
S20500218A1F30
S20500218BF45A
S20500218C133A
S20500218DD775
S20500218E4506
S20500218F0149
S205002190B792
S2050021910741
S2050021921037
S2050021930046
S20500219493B2
S20500219587BD
S205002196F74C
S205002197FF43
S205002198132E
S205002199D868
S20500219A46F9
S20500219B013D
S20500219C132A
S20500219D77C5
S20500219EF744
S20500219F7FBB
S2050021A01326
S2050021A10335
S2050021A2F047
S2050021A37FB7
S2050021A43302
S2050021A5FE36
S2050021A6B77C
S2050021A70032
S2050021A8939E
S2050021A90828
S2050021AA052A
S2050021AB002E
S2050021ACB37A
S2050021ADF735
S2050021AED754
S2050021AF002A
S2050021B09396
S2050021B1D553
S2050021B2F532
S2050021B30125
S2050021B41312
S2050021B578AC
S2050021B6F82B
S2050021B77FA3
S2050021B8938E
S2050021B9D64A
S2050021BAF629
S2050021BB011D
S2050021BC130A
S2050021BD0517
S2050021BE100B
S2050021BF001A
S2050021C063B6
S2050021C10C0C
S2050021C267B0
S2050021C30016
S2050021C463B2
S2050021C5080C
S2050021C668AB
S2050021C70012
S2050021C863AE
S2050021C914FC
S2050021CA0708
S2050021CB010D
S2050021CC63AA
S2050021CD0606
S2050021CEFE0D
S2050021CF0208
S2050021D067A2
S2050021D18088
S2050021D20007
S2050021D30006
S2050021D4679E
S2050021D58084
S2050021D60003
S2050021D70002
S2050021D8E31E
S2050021D91CE4
S2050021DAE817
S2050021DBFE00
S2050021DCB34A
S2050021DD6795
S2050021DEFEFD
S2050021DF00FA
S2050021E0B346
S2050021E1E711
S2050021E2C730
S2050021E300F6
S2050021E4B342
S2050021E5E70D
S2050021E617DC
S2050021E701F1
S2050021E8E30E
S2050021E9945C
S2050021EA07E8
S2050021EBFEF0
S2050021ECB33A
S2050021ED8567
S2050021EED516
S2050021EF40AA
S2050021F033B6
S2050021F135B3
S2050021F2B037
S2050021F300E6
S2050021F4677E
S2050021F58064
S2050021F600E3
S2050021F700E2
S2050021F8E3FE
S2050021F99C44
S2050021FAC817
S2050021FBFCE2
S2050021FC637A
S2050021FD8A52
S2050021FED506
S2050021FF00DA
S205002200E3F5
S20500220118BF
S20500220207CF
S205002203FCD9
S20500220433A1
S2050022056E65
S2050022061EB4
S20500220701D0
S205002208339D
S205002209359A
S20500220AC00E
S20500220B01CC
S20500220C6765
S20500220D804B
S20500220E00CA
S20500220F00C9
S20500221013B5
S20500221105C2
S20500221200C6
S20500221300C5
S205002214675D
S2050022158043
S20500221600C2
S20500221700C1
S205002218932D
S205002219D8E7
S20500221A4579
S20500221B01BC
S20500221CB705
S20500221D07B4
S20500221E10AA
S20500221F00B9
S2050022209325
S2050022218730
S205002222F7BF
S205002223FFB6
S20500222413A1
S205002225D7DC
S205002226466C
S20500222701B0
S205002228931D
S205002229F8B7
S20500222AF8B6
S20500222B7F2E
S20500222C1399
S20500222D0E9D
S20500222EF0BA
S20500222F7F2A
S2050022303375
S205002231F3B4
S205002232B7EF
S20500223300A5
S2050022341391
S205002235089B
S205002236059D
S20500223700A1
S205002238930D
S2050022390E91
S20500223A0599
S20500223B009D
S20500223CB3E9
S20500223DF7A4
S20500223ED7C3
S20500223F0099
S2050022409305
S205002241D5C2
S205002242F5A1
S2050022430194
S2050022441381
S2050022450F84
S205002246068C
S2050022470091
S205002248137D
S205002249751A
S20500224AF797
S20500224B7F0E
S20500224C93F9
S20500224DD6B5
S20500224EF694
S20500224F0188
S2050022506325
S20500225188FF
S205002252C8BE
S2050022530580
S2050022546321
S205002255047F
S205002256C5BD
S205002257037E
S205002258631D
S2050022599AE5
S20500225A0876
S20500225B0677
S20500225C3349
S20500225D6813
S20500225E0377
S20500225F0178
S2050022606315
S2050022611067
S2050022620571
S205002263066F
S2050022643341
S205002265E68D
S205002266C7AB
S2050022670071
S205002268630D
S2050022690C63
S20500226A0668
S20500226B0865
S20500226C6309
S20500226D1259
S20500226E0862
S20500226F0A5F
S2050022701355
S2050022710562
S2050022721056
S2050022730065
S2050022746301
S20500227582E1
S205002276065C
S2050022770859
S20500227867F9
S20500227980DF
S20500227A005E
S20500227B005D
S20500227C3329
S20500227DE675
S20500227EC793
S20500227F0059
S20500228063F5
S2050022811443
S2050022820650
S205002283084D
S20500228463F1
S20500228596BD
S205002286084A
S2050022870051
S205002288331D
S20500228963EC
S20500228A034B
S20500228B014C
S20500228CE369
S20500228D0249
S20500228E0347
S20500228FFE4B
S20500229063E5
S20500229180C7
S205002292D571
S205002293063F
S20500229463E1
S20500229592B1
S205002296053D
S205002297063B
S205002298132D
S205002299053A
S20500229A102E
S20500229B003D
S20500229C67D5
S20500229D80BB
S20500229E003A
S20500229F0039
S2050022A03305
S2050022A163D4
S2050022A20333
S2050022A30134
S2050022A463D1
S2050022A51221
S2050022A6032F
S2050022A7062B
S2050022A8E34D
S2050022A91619
S2050022AA1519
S2050022ABFF2E
S2050022ACB379
S2050022ADE744
S2050022AEC763
S2050022AF0029
S2050022B063C5
S2050022B19C8B
S2050022B2071F
S2050022B30421
S2050022B4E341
S2050022B59093
S2050022B6D54D
S2050022B7FE23
S2050022B8130D
S2050022B9051A
S2050022BA001E
S2050022BB001D
S2050022BC67B5
S2050022BD809B
S2050022BE001A
S2050022BF0019
S2050022C0E335
S2050022C1080F
S2050022C2080E
S2050022C3FA1B
S2050022C4E331
S2050022C5987B
S2050022C6D53D
S2050022C7FC15
S2050022C86FA1
S2050022C9000F
S2050022CA808E
S2050022CB020B
S2050022CCE329
S2050022CD0407
S2050022CE0505
S2050022CFFC0D
S2050022D0E325
S2050022D19275
S2050022D2D531
S2050022D3FC09
S2050022D4E321
S2050022D540C3
S2050022D615ED
S2050022D7FD04
S2050022D8639D
S2050022D9CC33
S2050022DAA856
S2050022DB00FD
S2050022DCE319
S2050022DDEC0F
S2050022DE6793
S2050022DFFAFF
S2050022E06395
S2050022E118DF
S2050022E2F303
S2050022E300F5
S2050022E4E311
S2050022E5688B
S2050022E6DF13
S2050022E7FBF6
S2050022E813DD
S2050022E905EA
S2050022EA00EE
S2050022EB00ED
S2050022ECE309
S2050022EDF6F5
S2050022EEEEFC
S2050022EFF9F0
S2050022F013D5
S2050022F105E2
S2050022F210D6
S2050022F300E5
S2050022F4E301
S2050022F59251
S2050022F605DD
S2050022F7F8E9
S2050022F813CD
S2050022F905DA
S2050022FAF0EE
S2050022FBFFDE
S2050022FC6775
S2050022FD805B
S2050022FE00DA
S2050022FF00D9
S205002300E3F4
S2050023011ABC
S20500230208CD
S205002303F8DC
S205002304676C
S2050023058052
S20500230600D1
S20500230700D0
S20500230813BC
S20500230905C9
S20500230AE0ED
S20500230BFFCD
S20500230C6764
S20500230D804A
S20500230E00C9
S20500230F00C8
S205002310E3E4
S2050023118640
S205002312D5F0
S205002313FCC8
S2050023146F54
S205002315F0D2
S2050023161FA2
S205002317F8C8
S205002318932C
S205002319D8E6
S20500231A4578
S20500231B01BB
S20500231CB704
S20500231D07B3
S20500231E10A9
S20500231F00B8
S2050023209324
S205002321872F
S205002322F7BE
S205002323FFB5
S20500232413A0
S205002325D7DB
S205002326466B
S20500232701AF
S205002328931C
S205002329F8B6
S20500232AF8B5
S20500232B7F2D
S20500232C1398
S20500232D03A7
S20500232EF0B9
S20500232F7F29
S2050023303374
S205002331FEA8
S205002332B7EE
S20500233300A4
S2050023341390
S205002335089A
S205002336059C
S20500233700A0
S205002338930C
S2050023390E90
S20500233A0598
S20500233B009C
S20500233CB3E8
S20500233DF7A3
S20500233ED7C2
S20500233F0098
S2050023409304
S205002341D5C1
S205002342F5A0
S2050023430193
S2050023441380
S2050023450F83
S205002346068B
S2050023470090
S205002348137C
S2050023497519
S20500234AF796
S20500234B7F0D
S20500234C93F8
S20500234DD6B4
S20500234EF693
S20500234F0187
S2050023506324
S2050023518AFC
S205002352681D
S2050023530480
S2050023546320
S205002355047E
S205002356651C
S205002357027E
S205002358631C
S20500235998E6
S20500235A0875
S20500235B0676
S20500235C3348
S20500235D6812
S20500235E0E6B
S20500235F0177
S2050023606314
S2050023611E58
S2050023620570
S205002363086C
S2050023643340
S205002365E68C
S205002366C7AA
S2050023670070
S205002368630C
S205002369046A
S20500236A0667
S20500236B0A62
S20500236C6308
S20500236D1654
S20500236E0861
S20500236F0A5E
S2050023701354
S2050023710561
S2050023721055
S2050023730064
S2050023746300
S20500237580E2
S205002376065B
S2050023770858
S20500237867F8
S20500237980DE
S20500237A005D
S20500237B005C
S20500237C3328
S20500237DE674
S20500237EC792
S20500237F0058
S2050023801344
S2050023810551
S2050023822035
S2050023830054
S205002384E370
S2050023851A38
S205002386064B
S205002387FE52
S20500238863EC
S20500238996B8
S20500238A0845
S20500238B004C
S20500238C3318
S20500238D6EDC
S20500238E0E3B
S20500238F0147
S205002390E364
S2050023910046
S2050023920E37
S205002393FE46
S20500239463E0
S2050023958CB6
S205002396D56C
S205002397043C
S20500239863DC
S2050023999EA0
S20500239A0538
S20500239B0438
S20500239C1328
S20500239D0535
S20500239E1029
S20500239F0038
S2050023A067D0
S2050023A180B6
S2050023A20035
S2050023A30034
S2050023A43300
S2050023A56EC4
S2050023A60E23
S2050023A7012F
S2050023A863CC
S2050023A9101E
S2050023AA0E1F
S2050023AB0626
S2050023ACE348
S2050023AD1614
S2050023AE1514
S2050023AFFF29
S2050023B0B374
S2050023B1E73F
S2050023B2C75E
S2050023B30024
S2050023B41310
S2050023B5051D
S2050023B62001
S2050023B70020
S2050023B8E33C
S2050023B9908E
S2050023BA0716
S2050023BBFC20
S2050023BCE338
S2050023BD9E7C
S2050023BED544
S2050023BFFC1C
S2050023C01304
S2050023C10511
S2050023C20015
S2050023C30014
S2050023C467AC
S2050023C58092
S2050023C60011
S2050023C70010
S2050023C8E32C
S2050023C90806
S2050023CA0508
S2050023CBFC10
S2050023CCE328
S2050023CD9674
S2050023CED534
S2050023CFFC0C
S2050023D0E324
S2050023D144C2
S2050023D215F0
S2050023D3FD07
S2050023D463A0
S2050023D5CC36
S2050023D6A859
S2050023D70000
S2050023D8E31C
S2050023D9E01E
S2050023DAC736
S2050023DBFDFF
S2050023DC6398
S2050023DD18E2
S2050023DEFEFB
S2050023DF00F8
S2050023E0E314
S2050023E16C8A
S2050023E2DF16
S2050023E3FBF9
S2050023E413E0
S2050023E505ED
S2050023E600F1
S2050023E700F0
S2050023E8E30C
S2050023E9F8F6
S2050023EAEEFF
S2050023EBF9F3
S2050023EC13D8
S2050023ED05E5
S2050023EE10D9
S2050023EF00E8
S2050023F0E304
S2050023F19452
S2050023F205E0
S2050023F3F8EC
S2050023F413D0
S2050023F505DD
S2050023F6F0F1
S2050023F7FFE1
S2050023F86778
S2050023F9805E
S2050023FA00DD
S2050023FB00DC
S2050023FCE3F8
S2050023FD0AD0
S2050023FE08D1
S2050023FFF6E2
S205002400E3F3
S2050024019C39
S205002402D5FF
S205002403F8DB
S2050024046F63
S205002405F0E1
S2050024069F31
S205002407FED1
S20500240813BB
S20500240905C8
S20500240A20AC
S20500240B00CB
S20500240C6763
S20500240D8049
S20500240E00C8
S20500240F00C7
S205002410E3E3
S20500241114B1
S20500241208BC
S205002413F8CB
S205002414675B
S2050024158041
S20500241600C0
S20500241700BF
S205002418E3DB
S205002419803D
S20500241AD5E7
S20500241BFCBF
S20500241C6F4B
S20500241DF0C9
S20500241EDFD9
S20500241FF7C0
S20500242013A3
S20500242101B4
S20500242201B3
S205002423FDB6
S205002424931F
S205002425D7DA
S205002426456B
S20500242701AE
S205002428238B
S2050024292489
S20500242A812B
S20500242B02A9
S20500242C2387
S20500242D2287
S20500242E9117
S20500242F02A5
S2050024302383
S2050024312085
S2050024322183
S20500243303A0
S205002434237F
S2050024352E73
S205002436316F
S205002437019E
S205002438237B
S2050024392A73
S20500243A514B
S20500243B019A
S20500243C9307
S20500243D9405
S20500243EC5D3
S20500243F0097
S2050024402373
S205002441266F
S2050024421183
S2050024430291
S205002444236F
S2050024452C65
S205002446414F
S205002447018E
S205002448236B
S2050024492865
S20500244A612B
S20500244B018A
S20500244C2367
S20500244D2663
S20500244E7117
S20500244F0186
S2050024502363
S2050024512461
S2050024528103
S2050024530182
S20500245493EF
S205002455F78A
S205002456F789
S2050024577F00
S205002458136B
S2050024590479
S20500245A0577
S20500245B007B
S20500245C93E7
S20500245D0A6F
S20500245E0672
S20500245F0077
S20500246093E3
S20500246189EC
S205002462066E
S2050024630073
S20500246493DF
S205002465D49D
S205002466C4AC
S205002467006F
S205002468135B
S205002469D994
S20500246AF577
S20500246B016A
S20500246C6307
S20500246D80E9
S20500246E0761
S20500246F4E19
S2050024701353
S205002471075E
S205002472F074
S2050024737FE4
S20500247463FF
S20500247586DB
S205002476E779
S2050024770A55
S20500247893CB
S20500247996C7
S20500247A3428
S20500247B005B
S20500247C1347
S20500247D5702
S20500247ED583
S20500247F0156
S2050024803323
S20500248167EE
S205002482D77D
S2050024830053
S205002484B79B
S205002485064B
S20500248680D0
S205002487004F
S205002488B39B
S20500248964E9
S20500248AD775
S20500248B004B
S20500248C1337
S20500248D1A2F
S20500248E3513
S20500248F0047
S2050024901333
S2050024918CB9
S205002492172D
S205002493C083
S205002494132F
S2050024950B36
S2050024960040
S205002497003F
S20500249893AB
S2050024990B32
S20500249A003C
S20500249B003B
S20500249C93A7
S20500249DD762
S20500249E49EF
S20500249F0136
S2050024A01323
S2050024A1979E
S2050024A2C96B
S2050024A30033
S2050024A4939F
S2050024A5F73A
S2050024A6F739
S2050024A77FB0
S2050024A8131B
S2050024A98E9F
S2050024AA0A22
S2050024AB002B
S2050024AC1317
S2050024AD54D5
S2050024AEC761
S2050024AF0027
S2050024B09393
S2050024B1D94C
S2050024B2F92B
S2050024B30122
S2050024B463BF
S2050024B580A1
S2050024B60719
S2050024B70A15
S2050024B8130B
S2050024B90716
S2050024BAF02C
S2050024BB7F9C
S2050024BC63B7
S2050024BD8E8B
S2050024BEE731
S2050024BF1403
S2050024C01303
S2050024C117FE
S2050024C234E0
S2050024C30013
S2050024C4937F
S2050024C5D63B
S2050024C6DA36
S2050024C7010E
S2050024C8B35B
S2050024C9E627
S2050024CAE626
S2050024CB000B
S2050024CC9377
S2050024CD8782
S2050024CE17F1
S2050024CFC047
S2050024D037CF
S2050024D107FE
S2050024D28084
S2050024D30003
S2050024D433CF
S2050024D5E41D
S2050024D6E61A
S2050024D700FF
S2050024D813EB
S2050024D99E5F
S2050024DA3AC2
S2050024DB00FB
S2050024DC33C7
S2050024DD8376
S2050024DE8771
S2050024DF01F6
S2050024E09363
S2050024E106EF
S2050024E200F4
S2050024E300F3
S2050024E4935F
S2050024E507EA
S2050024E6A050
S2050024E700EF
S2050024E8935B
S2050024E908E5
S2050024EA13D9
S2050024EB00EB
S2050024EC6387
S2050024EDCC1D
S2050024EE6781
S2050024EF0BDC
S2050024F0B333
S2050024F145A0
S2050024F239AB
S2050024F301E2
S2050024F4934F
S2050024F507DA
S2050024F620C0
S2050024F700DF
S2050024F813CB
S2050024F98855
S2050024FA05D7
S2050024FB00DB
S2050024FC6377
S2050024FDC613
S2050024FE6771
S2050024FF15C2
S20500250013C2
S2050025010BC9
S205002502FBD8
S205002503FFD3
S20500250413BE
S20500250507C9
S20500250610BF
S20500250700CE
S205002508636A
S205002509606C
S20500250A6764
S20500250B17B3
S20500250C6366
S20500250D8642
S20500250EF6D1
S20500250F487E
S2050025109332
S20500251104C0
S20500251204BF
S20500251300C2
S20500251413AE
S2050025150AB6
S2050025160EB1
S20500251700BE
S205002518932A
S2050025198B31
S20500251A06B5
S20500251B00BA
S20500251C6F4A
S20500251D00B8
S20500251EC0F7
S20500251F09AD
S2050025203382
S205002521EACA
S205002522A40F
S20500252300B2
S205002524634E
S205002525149C
S2050025260AA5
S2050025274866
S205002528931A
S205002529D7D5
S20500252A4962
S20500252B01A9
S20500252C1396
S20500252D9711
S20500252EC9DE
S20500252F00A6
S2050025309312
S205002531F7AD
S205002532F7AC
S2050025337F23
S205002534930E
S205002535049C
S205002536009F
S205002537009E
S205002538138A
S2050025390B91
S20500253A801B
S20500253B009A
S20500253C1386
S20500253D0C8C
S20500253EF0A7
S20500253F7F17
S2050025409302
S2050025410B89
S2050025422073
S2050025430092
S205002544137E
S2050025458E02
S2050025460A85
S205002547008E
S205002548137A
S2050025495438
S20500254AC7C4
S20500254B008A
S20500254C93F6
S20500254DD9AF
S20500254EF98E
S20500254F0185
S205002550E3A2
S20500255194F0
S205002552077C
S205002553F68C
S205002554B3CE
S2050025556719
S205002556542B
S205002557017D
S205002558631A
S2050025598EEE
S20500255A0774
S20500255B4634
S20500255C6316
S20500255D0C6C
S20500255E0473
S20500255F5422
S2050025601362
S205002561056F
S205002562046F
S2050025630072
S205002564EF82
S2050025651060
S205002566105F
S205002567333B
S205002568135A
S2050025690369
S20500256A0566
S20500256B006A
S20500256C1356
S20500256D0761
S20500256E5512
S20500256FFF67
S20500257093D2
S205002571075D
S205002572D093
S2050025730161
S205002574134E
S2050025750E52
S20500257683DC
S205002577FF5F
S205002578B3AA
S20500257987D5
S20500257AE774
S20500257B401A
S20500257CB3A6
S20500257DD781
S20500257EFA5D
S20500257F0056
S2050025803322
S205002581173D
S205002582C48F
S2050025830151
S205002584331E
S205002585E46C
S205002586E768
S205002587004E
S205002588331A
S2050025899EAE
S20500258ACA81
S20500258B0149
S20500258C3316
S20500258D0345
S20500258E6CDB
S20500258F4006
S2050025901332
S2050025910341
S205002592D370
S205002593C082
S20500259493AE
S2050025950739
S205002596A09F
S205002597003E
S20500259893AA
S2050025990636
S20500259A003B
S20500259B003A
S20500259C93A6
S20500259D0830
S20500259E1324
S20500259F0036
S2050025A0E352
S2050025A1D85C
S2050025A267CC
S2050025A3F53D
S2050025A4939E
S2050025A5052B
S2050025A60926
S2050025A7002E
S2050025A8939A
S2050025A90725
S2050025AA200B
S2050025AB002A
S2050025AC63C6
S2050025AD86A2
S2050025AEFB2C
S2050025AF3EE8
S2050025B09392
S2050025B1071D
S2050025B230F3
S2050025B30022
S2050025B463BE
S2050025B58898
S2050025B6FB24
S2050025B754CA
S2050025B8938A
S2050025B90715
S2050025BA100B
S2050025BB001A
S2050025BC1306
S2050025BD8890
S2050025BE0512
S2050025BF0016
S2050025C063B2
S2050025C1967E
S2050025C2FB18
S2050025C352C0
S2050025C4937E
S2050025C50709
S2050025C6000F
S2050025C7000E
S2050025C8937A
S2050025C90606
S2050025CA000B
S2050025CB000A
S2050025CC13F6
S2050025CD0701
S2050025CE0007
S2050025CF0006
S2050025D08382
S2050025D120E4
S2050025D2C142
S2050025D30200
S2050025D403FE
S2050025D524DC
S2050025D6817E
S2050025D702FC
S2050025D8936A
S2050025D99765
S2050025DA47B4
S2050025DB01F9
S2050025DCB346
S2050025DDE711
S2050025DED720
S2050025DF00F6
S2050025E013E2
S2050025E118DC
S2050025E2F8FB
S2050025E301F1
S2050025E4B33E
S2050025E5E709
S2050025E607E8
S2050025E701ED
S2050025E8836A
S2050025E924C8
S2050025EA41AA
S2050025EB02E8
S2050025EC03E6
S2050025ED29BF
S2050025EE01E6
S2050025EF02E4
S2050025F08362
S2050025F129BB
S2050025F2C122
S2050025F301E1
S2050025F403DE
S2050025F52AB6
S2050025F6815E
S2050025F701DD
S2050025F8835A
S2050025F92AB2
S2050025FA419A
S2050025FB01D9
S2050025FC03D6
S2050025FD2BAD
S2050025FE01D6
S2050025FF01D5
S2050026008351
S2050026012BA8
S205002602C111
S20500260300D1
S20500260403CD
S2050026052CA3
S205002606814D
S20500260700CD
S20500260813B9
S20500260905C6
S20500260A07C3
S20500260B00C9
S20500260C9335
S20500260D8542
S20500260E07BF
S20500260F00C5
S20500261013B1
S20500261101C2
S20500261201C1
S20500261303BE
S2050026146759
S205002615803F
S20500261600BE
S20500261700BD
S2050026183389
S2050026196754
S20500261A5466
S20500261B01B8
S20500261C13A5
S20500261D03B4
S20500261EFCBA
S20500261F7F36
S2050026206351
S20500262106AD
S20500262207AB
S2050026233C75
S2050026243779
S2050026251798
S20500262600AE
S20500262700AD
S2050026283379
S2050026294863
S20500262A3971
S20500262B01A8
S20500262C1395
S20500262D07A0
S20500262E079F
S20500262F8025
S2050026301391
S2050026316B38
S2050026323B67
S20500263300A1
S205002634930D
S2050026350699
S205002636A0FE
S205002637009D
S2050026389309
S2050026390596
S20500263A0892
S20500263B0099
S20500263CB3E5
S20500263D088F
S20500263EECAA
S20500263F0095
S2050026406331
S205002641CCC7
S205002642662C
S205002643434E
S20500264493FD
S2050026450689
S205002646305E
S205002647008D
S2050026481379
S2050026490685
S20500264A107A
S20500264B0089
S20500264C3355
S20500264D1671
S20500264E6620
S20500264F0184
S2050026501371
S205002651770C
S205002652067C
S205002653532E
S205002654E39D
S2050026551A65
S2050026560777
S205002657F489
S20500265893E9
S2050026597704
S20500265A0674
S20500265B2455
S20500265C6315
S20500265D90E7
S20500265E076F
S20500265F482D
S2050026601361
S20500266176FD
S20500266286EC
S2050026630869
S205002664630D
S2050026651E51
S2050026660668
S2050026673835
S205002668B7B5
S2050026690F5C
S20500266A0169
S20500266B0069
S20500266C93D5
S20500266D82E5
S20500266EFF67
S20500266FFF66
S2050026703331
S2050026717FE4
S2050026725A08
S2050026730061
S205002674B3AD
S20500267572ED
S2050026765E00
S205002677005D
S2050026781349
S2050026795A01
S20500267A0A50
S20500267B0158
S20500267C1345
S20500267D5EF9
S20500267E0E48
S20500267F0154
S2050026801341
S205002681054E
S2050026820F43
S2050026830051
S20500268493BD
S20500268585CA
S205002686024C
S205002687004D
S205002688EF5D
S205002689103B
S20500268A50FA
S20500268B1336
S20500268C1335
S20500268D0740
S20500268E0541
S20500268F0045
S20500269093B1
S205002691053E
S2050026920E34
S2050026930041
S205002694132D
S205002695053A
S2050026960F2F
S205002697003D
S205002698EF4D
S205002699102B
S20500269A50EA
S20500269B1227
S20500269C93A5
S20500269D0730
S20500269E0531
S20500269F0035
S2050026A093A1
S2050026A185AE
S2050026A20230
S2050026A30031
S2050026A4131D
S2050026A5052A
S2050026A60A24
S2050026A7002D
S2050026A8EF3D
S2050026A9101B
S2050026AA50DA
S2050026AB1118
S2050026AC9395
S2050026AD0E19
S2050026AE0521
S2050026AF0025
S2050026B09391
S2050026B1051E
S2050026B20E14
S2050026B30021
S2050026B4130D
S2050026B5051A
S2050026B60A14
S2050026B7001D
S2050026B8EF2D
S2050026B9100B
S2050026BA50CA
S2050026BB1009
S2050026BCB365
S2050026BD8691
S2050026BED73F
S2050026BF0114
S2050026C09381
S2050026C153C0
S2050026C2070B
S2050026C30110
S2050026C4B35D
S2050026C5838C
S2050026C6D33B
S2050026C7000D
S2050026C89379
S2050026C90704
S2050026CA0505
S2050026CB0009
S2050026CC63A5
S2050026CDF413
S2050026CED333
S2050026CF0104
S2050026D0B351
S2050026D107FC
S2050026D2F50D
S2050026D30100
S2050026D4B749
S2050026D509F6
S2050026D601FD
S2050026D700FD
S2050026D813E9
S2050026D98972
S2050026DAF901
S2050026DBFFFA
S2050026DCB345
S2050026DDFEF9
S2050026DE23D3
S2050026DF01F4
S2050026E033C1
S2050026E1777C
S2050026E227CB
S2050026E301F0
S2050026E4935D
S2050026E59E51
S2050026E60EE0
S2050026E701EC
S2050026E833B9
S2050026E97972
S2050026EA24C6
S2050026EB01E8
S2050026EC9355
S2050026EDD314
S2050026EE03E3
S2050026EF01E4
S2050026F0B331
S2050026F18E55
S2050026F2EEF4
S2050026F300E1
S2050026F413CD
S2050026F5548B
S2050026F604DA
S2050026F701DC
S2050026F813C9
S2050026F905D6
S2050026FA0FCB
S2050026FB00D9
S2050026FC9345
S2050026FD05D2
S2050026FE09CD
S2050026FF00D5
S205002700EFE4
S20500270110C2
S205002702D001
S2050027030BC5
S205002704933C
S2050027050FBF
S20500270605C8
S20500270700CC
S2050027089338
S20500270905C5
S20500270A04C5
S20500270B00C8
S20500270C13B4
S20500270D05C1
S20500270E0FB6
S20500270F00C4
S205002710EFD4
S20500271110B2
S205002712D0F1
S2050027130AB6
S20500271413AC
S20500271507B7
S20500271605B8
S20500271700BC
S2050027189328
S20500271905B5
S20500271A09B0
S20500271B00B8
S20500271C13A4
S20500271D05B1
S20500271E0AAB
S20500271F00B4
S205002720EFC4
S20500272110A2
S205002722D0E1
S20500272309A7
S205002724139C
S2050027250F9F
S20500272605A8
S20500272700AC
S2050027289318
S20500272905A5
S20500272A04A5
S20500272B00A8
S20500272C1394
S20500272D05A1
S20500272E0A9B
S20500272F00A4
S205002730EFB4
S2050027311092
S205002732D0D1
S2050027330898
S205002734930C
S205002735D6C8
S2050027360F8E
S205002737019B
S2050027383368
S2050027390793
S20500273AE7B2
S20500273B0197
S20500273CB3E4
S20500273D8610
S20500273EE6AF
S20500273F0094
S2050027406330
S205002741F49E
S205002742E6AB
S205002743018F
S205002744335C
S2050027450589
S2050027463558
S205002747018B
S2050027483754
S2050027490A80
S20500274A0188
S20500274B0088
S20500274C1374
S20500274D0F77
S20500274EFA8B
S20500274FFF85
S2050027503350
S205002751F78B
S205002752E69B
S205002753017F
S205002754B3CC
S205002755FF7F
S205002756EF8E
S205002757017B
S2050027581368
S2050027591763
S20500275A0772
S20500275B0177
S20500275C3344
S20500275D076F
S20500275EF77E
S20500275F0173
S2050027603340
S205002761FF73
S205002762E48D
S205002763016F
S20500276493DC
S205002765D698
S2050027660667
S205002767016B
S205002768B3B8
S2050027698FDB
S20500276AA6C3
S20500276B0068
S20500276CB3B4
S20500276D83E3
S20500276EE382
S20500276F0064
S20500277093D0
S205002771D48E
S205002772045D
S205002773015F
S205002774134C
S2050027750559
S2050027760F4E
S205002777005C
S20500277893C8
S20500277985D5
S20500277A0257
S20500277B0058
S20500277CEF68
S20500277D1046
S20500277E1045
S20500277F0450
S20500278093C0
S2050027810A48
S205002782054C
S2050027830050
S20500278493BC
S2050027850549
S2050027860E3F
S205002787004C
S2050027881338
S2050027890545
S20500278A0F3A
S20500278B0048
S20500278CEF58
S20500278D1036
S20500278E1035
S20500278F0341
S20500279093B0
S2050027910939
S205002792053C
S2050027930040
S20500279493AC
S20500279585B9
S205002796023B
S205002797003C
S2050027981328
S20500279985B5
S20500279A0435
S20500279B0038
S20500279CEF48
S20500279D1026
S20500279E1025
S20500279F0232
S2050027A093A0
S2050027A10230
S2050027A2052C
S2050027A30030
S2050027A4939C
S2050027A50529
S2050027A60E1F
S2050027A7002C
S2050027A81318
S2050027A985A5
S2050027AA0425
S2050027AB0028
S2050027ACEF38
S2050027AD1016
S2050027AE1015
S2050027AF0123
S2050027B01310
S2050027B1D64C
S2050027B20A17
S2050027B3011F
S2050027B4B36C
S2050027B58995
S2050027B659C4
S2050027B7001C
S2050027B833E8
S2050027B90614
S2050027BA36E3
S2050027BB0117
S2050027BC63B4
S2050027BD74A2
S2050027BE56BF
S2050027BF0014
S2050027C033E0
S2050027C1050D
S2050027C245CC
S2050027C3010F
S2050027C437D8
S2050027C50A04
S2050027C6010C
S2050027C7000C
S2050027C89378
S2050027C90604
S2050027CAFA0F
S2050027CBFF09
S2050027CCB354
S2050027CD7294
S2050027CED62F
S2050027CF0004
S2050027D0B350
S2050027D1FA08
S2050027D2DA27
S2050027D30000
S2050027D413EC
S2050027D556A8
S2050027D606F7
S2050027D701FB
S2050027D89368
S2050027D99268
S2050027DA02F7
S2050027DB01F7
S2050027DC33C4
S2050027DD0EE8
S2050027DEA64F
S2050027DF00F4
S2050027E0B340
S2050027E18270
S2050027E2529F
S2050027E301EF
S2050027E413DC
S2050027E505E9
S2050027E60FDE
S2050027E700EC
S2050027E89358
S2050027E905E5
S2050027EA09E0
S2050027EB00E8
S2050027ECEFF8
S2050027ED10D6
S2050027EE00E5
S2050027EF7D67
S2050027F09350
S2050027F109D9
S2050027F205DC
S2050027F300E0
S2050027F4934C
S2050027F505D9
S2050027F604D9
S2050027F700DC
S2050027F813C8
S2050027F905D5
S2050027FA0FCA
S2050027FB00D8
S2050027FCEFE8
S2050027FD10C6
S2050027FE00D5
S2050027FF7C58
S20500280013BF
S2050028010FC2
S20500280205CB
S20500280300CF
S205002804933B
S20500280505C8
S20500280609C3
S20500280700CB
S20500280813B7
S2050028098544
S20500280A04C4
S20500280B00C7
S20500280CEFD7
S20500280D10B5
S20500280E00C4
S20500280F7B48
S20500281013AF
S20500281109B8
S20500281205BB
S20500281300BF
S205002814932B
S20500281505B8
S20500281604B8
S20500281700BB
S20500281813A7
S2050028198534
S20500281A04B4
S20500281B00B7
S20500281CEFC7
S20500281D10A5
S20500281E00B4
S20500281F7A39
S205002820B3FF
S20500282106AB
S2050028222F81
S20500282301AE
S205002824931B
S205002825D5D8
S20500282609A3
S20500282701AA
S2050028283377
S2050028298425
S20500282AD5D3
S20500282B00A7
S20500282C1393
S20500282D0F96
S20500282E059F
S20500282F00A3
S205002830633F
S205002831742D
S205002832247C
S205002833019E
S205002834336B
S2050028350F8E
S2050028364557
S205002837019A
S2050028383763
S2050028390693
S20500283A0197
S20500283B0097
S20500283C1383
S20500283D068F
S20500283EF69E
S20500283FFF94
S205002840B3DF
S205002841761B
S205002842C4CC
S205002843008F
S205002844B3DB
S205002845F994
S205002846C9C3
S205002847008B
S20500284893F7
S20500284996F3
S20500284A0682
S20500284B0186
S20500284CB3D3
S20500284D87FE
S20500284E770D
S20500284F0083
S205002850B3CF
S20500285186FB
S205002852364A
S205002853017E
S205002854B3CB
S20500285585F8
S205002856F686
S205002857017A
S2050028583347
S205002859B7C2
S20500285AE791
S20500285B0077
S20500285C3343
S20500285D87EE
S20500285EE58F
S20500285F0073
S205002860B3BF
S20500286182EF
S2050028625719
S205002863006F
S205002864333B
S2050028650667
S205002866C7A5
S205002867016A
S205002868B3B7
S205002869B7B2
S20500286AF276
S20500286B0067
S20500286CB3B3
S20500286D075E
S20500286EF66E
S20500286F0063
S205002870B3AF
S205002871B6AB
S205002872D58B
S205002873005F
S205002874B3AB
S2050028753528
S205002876B7A5
S205002877005B
S205002878B3A7
S205002879E673
S20500287AB6A2
S20500287B0057
S20500287C3323
S20500287D371E
S20500287EE66E
S20500287F0053
S20500288093BF
S20500288155FC
S205002882044C
S205002883014E
S205002884331B
S205002885B697
S205002886C785
S205002887004B
S205002888B397
S20500288986C3
S20500288AB692
S20500288B0047
S20500288C1333
S20500288D9AAB
S20500288E92B2
S20500288F0043
S205002890330F
S20500289167DA
S205002892C779
S205002893003F
S205002894330B
S2050028950736
S205002896D765
S205002897003B
S2050028983307
S2050028996ACF
S20500289ADA5E
S20500289B0136
S20500289C3303
S20500289D072E
S20500289EE74D
S20500289F0132
S2050028A033FF
S2050028A13AF7
S2050028A240F0
S2050028A3012E
S2050028A4939B
S2050028A5D25B
S2050028A672BA
S2050028A7012A
S2050028A81317
S2050028A91712
S2050028AA9791
S2050028AB0027
S2050028AC9393
S2050028ADD64F
S2050028AE77AD
S2050028AF0122
S2050028B033EF
S2050028B16AB7
S2050028B25AC6
S2050028B3001F
S2050028B4938B
S2050028B59786
S2050028B69785
S2050028B7001B
S2050028B833E7
S2050028B96AAF
S2050028BAFA1E
S2050028BB0017
S2050028BC9383
S2050028BD17FE
S2050028BE779D
S2050028BF0013
S2050028C0B35F
S2050028C164AD
S2050028C2D739
S2050028C3000F
S2050028C463AB
S2050028C5D03D
S2050028C60705
S2050028C70209
S2050028C89377
S2050028C957B2
S2050028CA1AEE
S2050028CB0007
S2050028CC13F3
S2050028CD7A8B
S2050028CE1AEA
S2050028CF0003
S2050028D013EF
S2050028D1976A
S2050028D2F40C
S2050028D301FE
S2050028D4B34B
S2050028D5E716
S2050028D647B5
S2050028D701FA
S2050028D833C7
S2050028D9EA0F
S2050028DAE711
S2050028DB00F7
S2050028DC9363
S2050028DDD421
S2050028DE14E0
S2050028DF00F3
S2050028E013DF
S2050028E1836E
S2050028E208E8
S2050028E300EF
S2050028E4935B
S2050028E507E6
S2050028E6F3F9
S2050028E73FAC
S2050028E86387
S2050028E95693
S2050028EAF0F8
S2050028EB12D5
S2050028EC13D3
S2050028ED776E
S2050028EE7A6A
S2050028EF00E3
S2050028F0637F
S2050028F100E1
S2050028F207D9
S2050028F302DD
S2050028F413CB
S2050028F57766
S2050028F6FAE2
S2050028F700DB
S2050028F89347
S2050028F906D3
S2050028FA4098
S2050028FB00D7
S2050028FC6373
S2050028FD0ACB
S2050028FED7FD
S2050028FF00D3
S20500290013BE
S20500290107C9
S2050029024A85
S20500290300CE
S205002904339A
S2050029053A92
S2050029064784
S20500290701C9
S205002908B316
S2050029098444
S20500290A4483
S20500290B01C5
S20500290C13B2
S20500290D0ABA
S20500290E07BC
S20500290F00C2
S20500291013AE
S2050029119729
S205002912744B
S20500291300BE
S205002914635A
S2050029155A62
S20500291607B4
S20500291700BA
S205002918B702
S20500291907B1
S20500291A00B7
S20500291BFFB7
S20500291C9322
S20500291D872D
S20500291EF7BC
S20500291FFFB3
S205002920B3FE
S205002921F4BC
S205002922F4BB
S20500292300AE
S205002924931A
S20500292507A5
S20500292603A8
S205002927406A
S2050029281396
S20500292907A1
S20500292AE0C7
S20500292B7F27
S20500292C6342
S20500292D4460
S20500292EF7AC
S20500292F1C86
S205002930138E
S2050029315A46
S2050029323A65
S205002933009E
S205002934138A
S2050029359705
S205002936D4C7
S2050029370199
S2050029389306
S2050029399602
S20500293A9403
S20500293B0096
S20500293C3362
S20500293D672D
S20500293E474C
S20500293F0191
S20500294093FE
S205002941D6BA
S205002942C6C9
S205002943008E
S20500294493FA
S205002945F795
S205002946F794
S2050029477F0B
S2050029486F1A
S205002949F098
S20500294A9FE8
S20500294BC8BE
S20500294C3352
S20500294DEA9A
S20500294EA4DF
S20500294F0082
S205002950631E
S2050029510878
S2050029520A75
S2050029530678
S205002954631A
S2050029558EEE
S2050029560477
S2050029571268
S2050029581366
S20500295985F3
S20500295A0473
S20500295B0076
S20500295CEF86
S20500295D1064
S20500295E80F3
S20500295F73FF
S205002960135E
S2050029610769
S205002962056A
S205002963006E
S20500296493DA
S2050029650666
S2050029665516
S205002967FF6B
S20500296893D6
S2050029690761
S20500296AD097
S20500296B0165
S20500296C1352
S20500296D0A5A
S20500296E87DC
S20500296FFF63
S205002970B3AE
S20500297187D9
S205002972D788
S205002973401E
S205002974B3AA
S2050029755705
S205002976F467
S205002977005A
S205002978B3A6
S20500297996C2
S20500297A4413
S20500297B0155
S20500297CB3A2
S20500297DE470
S20500297ED77C
S20500297F0052
S205002980331E
S2050029811A36
S205002982440B
S205002983014D
S20500298493BA
S2050029850745
S205002986D07B
S205002987C08A
S2050029883316
S2050029898CBC
S20500298AE760
S20500298B4006
S20500298C1332
S20500298D0B39
S20500298E0043
S20500298F0042
S20500299093AE
S2050029910B35
S205002992003F
S205002993003E
S2050029946FCE
S205002995F04C
S2050029969F9C
S205002997B08A
S2050029981326
S20500299988B0
S20500299A0532
S20500299B0036
S20500299C93A2
S20500299D072D
S20500299EF043
S20500299F7FB3
S2050029A0939E
S2050029A1062A
S2050029A2002F
S2050029A3002E
S2050029A4131A
S2050029A50725
S2050029A6002B
S2050029A7002A
S2050029A86FBA
S2050029A9F038
S2050029AA9F88
S2050029ABC264
S2050029AC1312
S2050029AD0A1A
S2050029AE051E
S2050029AF0022
S2050029B0130E
S2050029B10B15
S2050029B2C05F
S2050029B3001E
S2050029B4130A
S2050029B50C10
S2050029B6F02B
S2050029B77F9B
S2050029B89386
S2050029B90B0D
S2050029BA30E7
S2050029BB0016
S2050029BC6FA6
S2050029BDF024
S2050029BE1FF4
S2050029BFAE64
S2050029C0937E
S2050029C1040C
S2050029C2000F
S2050029C3000E
S2050029C413FA
S2050029C50B01
S2050029C640CB
S2050029C7000A
S2050029C813F6
S2050029C90CFC
S2050029CA0007
S2050029CB0006
S2050029CC9372
S2050029CD0BF9
S2050029CE10F3
S2050029CF0002
S2050029D06F92
S2050029D1F010
S2050029D2DF20
S2050029D3AC52
S2050029D413EA
S2050029D56B91
S2050029D61BE0
S2050029D700FA
S2050029D813E6
S2050029D903F5
S2050029DA0CEB
S2050029DB00F6
S2050029DC13E2
S2050029DD04F0
S2050029DE00F3
S2050029DF00F2
S2050029E013DE
S2050029E10EE2
S2050029E200EF
S2050029E300EE
S2050029E4935A
S2050029E506E6
S2050029E610DB
S2050029E700EA
S2050029E86F7A
S2050029E9F0F8
S2050029EADF08
S2050029EBAF37
S2050029EC13D2
S2050029ED6B79
S2050029EE2BB8
S2050029EF00E2
S2050029F013CE
S2050029F104DC
S2050029F200DF
S2050029F300DE
S2050029F413CA
S2050029F50ECE
S2050029F600DB
S2050029F700DA
S2050029F89346
S2050029F906D2
S2050029FA20B7
S2050029FB00D6
S2050029FC6F66
S2050029FDF0E4
S2050029FE9F34
S2050029FFAE24
S205002A00933D
S205002A0104CB
S205002A0204CA
S205002A0300CD
S205002A0413B9
S205002A050AC1
S205002A060EBC
S205002A0700C9
S205002A089335
S205002A098B3C
S205002A0A06C0
S205002A0B00C5
S205002A0C9331
S205002A0D853E
S205002A0E09B9
S205002A0F00C1
S205002A106F51
S205002A11F0CF
S205002A129F1F
S205002A13B904
S205002A1413A9
S205002A1507B4
S205002A1610AA
S205002A1700B9
S205002A186355
S205002A199027
S205002A1A07AF
S205002A1B10A5
S205002A1C13A1
S205002A1D03B0
S205002A1EE3CF
S205002A1F4170
S205002A20337D
S205002A211699
S205002A226A44
S205002A2300AD
S205002A243379
S205002A253675
S205002A26C0EA
S205002A2700A9
S205002A283375
S205002A299314
S205002A2A6442
S205002A2B00A5
S205002A2C3371
S205002A2D5A49
S205002A2EEAB8
S205002A2F00A1
S205002A30336D
S205002A316639
S205002A326638
S205002A33009D
S205002A343369
S205002A356635
S205002A364654
S205002A370198
S205002A389305
S205002A397720
S205002A3A7620
S205002A3B0095
S205002A3CB3E1
S205002A3DD5BE
S205002A3EE4AE
S205002A3F0091
S205002A40632D
S205002A41800F
S205002A420787
S205002A43028B
S205002A4493F9
S205002A457714
S205002A46F694
S205002A470089
S205002A481375
S205002A490780
S205002A4A4046
S205002A4B0085
S205002A4C6321
S205002A4D8AF9
S205002A4EE79B
S205002A4F0081
S205002A5093ED
S205002A510778
S205002A524638
S205002A53007D
S205002A543349
S205002A55B6C5
S205002A56C7B3
S205002A570079
S205002A58B3C5
S205002A5985F2
S205002A5AC5B1
S205002A5B0075
S205002A5C1361
S205002A5D86ED
S205002A5E076B
S205002A5F0071
S205002A60135D
S205002A6195DA
S205002A6285E9
S205002A63006D
S205002A6493D9
S205002A650764
S205002A66105A
S205002A670069
S205002A6893D5
S205002A690661
S205002A6A0066
S205002A6B0065
S205002A6C1351
S205002A6D075C
S205002A6E0062
S205002A6F0061
S205002A70E37D
S205002A71401F
S205002A720559
S205002A73B6A7
S205002A746FED
S205002A75005B
S205002A76C09A
S205002A771049
S205002A781345
S205002A790750
S205002A7AF066
S205002A7B0055
S205002A7C63F1
S205002A7D1043
S205002A7EEB67
S205002A7F123F
S205002A80133D
S205002A810847
S205002A82004E
S205002A83004D
S205002A84B795
S205002A850645
S205002A860842
S205002A870049
S205002A881335
S205002A890740
S205002A8A0046
S205002A8B0045
S205002A8C6FD5
S205002A8DF053
S205002A8E5FE3
S205002A8FB48D
S205002A90EF51
S205002A91102F
S205002A9240FE
S205002A9360DD
S205002A9493A9
S205002A950635
S205002A9655E5
S205002A970138
S205002A9893A5
S205002A990730
S205002A9AC076
S205002A9B0134
S205002A9C1321
S205002A9D072C
S205002A9E052D
S205002A9F022F
S205002AA0E34D
S205002AA1D45B
S205002AA2D757
S205002AA3EC41
S205002AA41319
S205002AA50526
S205002AA685A5
S205002AA7FF2A
S205002AA81315
S205002AA90A1D
S205002AAA0026
S205002AAB0025
S205002AACB371
S205002AAD140F
S205002AAEA47E
S205002AAF0021
S205002AB06FB1
S205002AB1F02F
S205002AB25FBF
S205002AB3ED30
S205002AB41309
S205002AB58596
S205002AB60A10
S205002AB70019
S205002AB8EF29
S205002AB91007
S205002ABAC056
S205002ABB5DB8
S205002ABC1301
S205002ABD070C
S205002ABE55BD
S205002ABF0110
S205002AC0937D
S205002AC10708
S205002AC2C04E
S205002AC3010C
S205002AC413F9
S205002AC50308
S205002AC60505
S205002AC70207
S205002AC8E325
S205002AC9D433
S205002ACAE71F
S205002ACBAA5B
S205002ACC13F1
S205002ACD05FE
S205002ACE857D
S205002ACFFF02
S205002AD013ED
S205002AD10EF1
S205002AD200FE
S205002AD300FD
S205002AD433C9
S205002AD59467
S205002AD6AA50
S205002AD700F9
S205002AD86F89
S205002AD9F007
S205002ADA5F97
S205002ADBAB4A
S205002ADC13E1
S205002ADD08EB
S205002ADE00F2
S205002ADF00F1
S205002AE0935D
S205002AE107E8
S205002AE2F0FE
S205002AE37F6E
S205002AE4B735
S205002AE506E5
S205002AE608E2
S205002AE700E9
S205002AE86F79
S205002AE9F0F7
S205002AEA9F47
S205002AEBAE37
S205002AEC13D1
S205002AED8360
S205002AEE08DA
S205002AEF00E1
S205002AF06F71
S205002AF1F0EF
S205002AF25F7F
S205002AF3DFFE
S205002AF49349
S205002AF507D4
S205002AF6F0EA
S205002AF77F5A
S205002AF89345
S205002AF906D1
S205002AFA00D6
S205002AFB00D5
S205002AFC13C1
S205002AFD07CC
S205002AFE00D2
S205002AFF00D1
S205002B006F60
S205002B01F0DE
S205002B021FAE
S205002B03AD1F
S205002B0413B8
S205002B0508C2
S205002B0600C9
S205002B0700C8
S205002B089334
S205002B0907BF
S205002B0AF0D5
S205002B0B7F45
S205002B0CB70C
S205002B0D06BC
S205002B0E08B9
S205002B0F00C0
S205002B1013AC
S205002B1107B7
S205002B1200BD
S205002B1300BC
S205002B146F4C
S205002B15F0CA
S205002B16DFDA
S205002B17AB0D
S205002B183384
S205002B1907AF
S205002B1AF7BE
S205002B1B4074
S205002B1C9320
S205002B1D06AC
S205002B1E8031
S205002B1F03AD
S205002B20E3CC
S205002B21C2EC
S205002B22E6C7
S205002B23AA02
S205002B249318
S205002B2506A4
S205002B26F0B9
S205002B2701A7
S205002B28E3C4
S205002B29DACC
S205002B2AE6BF
S205002B2BEEB6
S205002B2C9310
S205002B2D069C
S205002B2E1091
S205002B2FFEA2
S205002B30B3EC
S205002B318717
S205002B32F6A7
S205002B33405C
S205002B349308
S205002B350694
S205002B360099
S205002B370296
S205002B38B3E4
S205002B39D7BF
S205002B3AF4A1
S205002B3B0094
S205002B3C6330
S205002B3D088A
S205002B3ED7BA
S205002B3F0090
S205002B40137C
S205002B41038B
S205002B42E3AA
S205002B434349
S205002B443358
S205002B4593F7
S205002B466425
S205002B470088
S205002B483354
S205002B496A1C
S205002B4A6A1B
S205002B4B0084
S205002B4C3350
S205002B4D364C
S205002B4E4041
S205002B4F017F
S205002B50334C
S205002B516618
S205002B52F687
S205002B53007C
S205002B541368
S205002B557703
S205002B567603
S205002B570078
S205002B5893E4
S205002B590670
S205002B5A0075
S205002B5B0074
S205002B5C6310
S205002B5D086A
S205002B5E076A
S205002B5F026E
S205002B6093DC
S205002B6177F7
S205002B62F677
S205002B63006C
S205002B641358
S205002B650763
S205002B664029
S205002B670068
S205002B6893D4
S205002B690561
S205002B6A0065
S205002B6B0064
S205002B6C6300
S205002B6D8AD8
S205002B6EE77A
S205002B6F0060
S205002B7093CC
S205002B710757
S205002B724617
S205002B73005C
S205002B743328
S205002B75B6A4
S205002B76C792
S205002B770058
S205002B78B3A4
S205002B793521
S205002B7AC095
S205002B7B0054
S205002B7C1340
S205002B7D86CC
S205002B7E074A
S205002B7F0050
S205002B8093BC
S205002B8196B8
S205002B8295B8
S205002B83004C
S205002B841338
S205002B8597B3
S205002B86D574
S205002B870147
S205002B8893B4
S205002B89D670
S205002B8AC67F
S205002B8B0044
S205002B8C1330
S205002B8D56EC
S205002B8E360B
S205002B8F0040
S205002B90330C
S205002B9167D7
S205002B92E657
S205002B93003C
S205002B9493A8
S205002B950733
S205002B960039
S205002B970038
S205002B986FC8
S205002B99F046
S205002B9A9F96
S205002B9BA391
S205002B9C93A0
S205002B9D042E
S205002B9E042D
S205002B9F0030
S205002BA0131C
S205002BA18AA4
S205002BA20A23
S205002BA3002C
S205002BA49398
S205002BA50B1F
S205002BA630F9
S205002BA70028
S205002BA89394
S205002BA985A1
S205002BAA091C
S205002BAB0024
S205002BAC6FB4
S205002BADF032
S205002BAEDF42
S205002BAF9F81
S205002BB0B768
S205002BB10717
S205002BB2100D
S205002BB3001C
S205002BB49388
S205002BB58793
S205002BB6F722
S205002BB7FF19
S205002BB81304
S205002BB90115
S205002BBA0114
S205002BBBFE16
S205002BBCB360
S205002BBDF81A
S205002BBEB75A
S205002BBF0010
S205002BC033DC
S205002BC1F816
S205002BC2D736
S205002BC3000C
S205002BC49378
S205002BC5D733
S205002BC646C3
S205002BC70107
S205002BC89374
S205002BC9986E
S205002BCA38CD
S205002BCB0004
S205002BCC23E0
S205002BCD2CD6
S205002BCE8180
S205002BCF0000
S205002BD023DC
S205002BD126D8
S205002BD231CC
S205002BD301FB
S205002BD413E8
S205002BD5D426
S205002BD6F504
S205002BD701F7
S205002BD89364
S205002BD9D91D
S205002BDA45B0
S205002BDB01F3
S205002BDC13E0
S205002BDD579B
S205002BDED51C
S205002BDF01EF
S205002BE013DC
S205002BE118D6
S205002BE238B5
S205002BE300EC
S205002BE49358
S205002BE55595
S205002BE6D613
S205002BE701E7
S205002BE823C4
S205002BE92EB8
S205002BEA11D4
S205002BEB00E4
S205002BEC23C0
S205002BED2AB8
S205002BEE9150
S205002BEF00E0
S205002BF023BC
S205002BF128B6
S205002BF221BC
S205002BF301DB
S205002BF413C8
S205002BF5FFDB
S205002BF6F7E2
S205002BF77F59
S205002BF813C4
S205002BF903D3
S205002BFAF0E5
S205002BFB7F55
S205002BFC33A0
S205002BFD676B
S205002BFE17BA
S205002BFF01CF
S205002C00933B
S205002C01F9D4
S205002C02F9D3
S205002C037F4C
S205002C0413B7
S205002C050EBB
S205002C0604C4
S205002C0700C7
S205002C089333
S205002C0918AD
S205002C0A358F
S205002C0B00C3
S205002C0C932F
S205002C0DD6EB
S205002C0EF6CA
S205002C0F01BE
S205002C10B30B
S205002C11E5D8
S205002C1205B7
S205002C1301BA
S205002C149327
S205002C151E9B
S205002C163682
S205002C1700B7
S205002C186353
S205002C190CA9
S205002C1A6F45
S205002C1B2093
S205002C1C931F
S205002C1DC6EB
S205002C1E169A
S205002C1F00AF
S205002C20B3FB
S205002C218726
S205002C22E9C3
S205002C23416A
S205002C246347
S205002C2502A7
S205002C26D4D4
S205002C271691
S205002C28E3C3
S205002C295A4B
S205002C2AF0B4
S205002C2B00A3
S205002C2C633F
S205002C2D0A97
S205002C2E0F91
S205002C2F247B
S205002C30633B
S205002C318419
S205002C326933
S205002C333C5F
S205002C349307
S205002C350693
S205002C368018
S205002C370394
S205002C381383
S205002C390590
S205002C3A1084
S205002C3B0093
S205002C3C632F
S205002C3DCEC3
S205002C3EF69A
S205002C3F028D
S205002C40B7D7
S205002C410687
S205002C42800C
S205002C43008B
S205002C44B3D7
S205002C45E5A4
S205002C46D5B3
S205002C470087
S205002C4893F3
S205002C49067F
S205002C4AF094
S205002C4B0182
S205002C4C631F
S205002C4DC4BD
S205002C4EF68A
S205002C4F4E31
S205002C5093EB
S205002C510677
S205002C52007C
S205002C530279
S205002C54B3C7
S205002C5586F3
S205002C56F682
S205002C574037
S205002C583343
S205002C5995E0
S205002C5AD59F
S205002C5B0073
S205002C5C333F
S205002C5DD69B
S205002C5EFE72
S205002C5F006F
S205002C60B3BB
S205002C6196D7
S205002C62DE8E
S205002C63006B
S205002C643337
S205002C656504
S205002C66C5A3
S205002C670067
S205002C68B3B3
S205002C69362F
S205002C6AD094
S205002C6B0063
S205002C6CB3AF
S205002C6DD78A
S205002C6EF56B
S205002C6F005F
S205002C70332B
S205002C7165F8
S205002C72D587
S205002C73005B
S205002C743327
S205002C750752
S205002C76F761
S205002C774017
S205002C783323
S205002C7985D0
S205002C7AA8AC
S205002C7B4013
S205002C7C331F
S205002C7DB69B
S205002C7EA8A8
S205002C7F004F
S205002C8093BB
S205002C810449
S205002C820547
S205002C83004B
S205002C843317
S205002C850940
S205002C86C781
S205002C874007
S205002C8893B3
S205002C89172E
S205002C8A89BB
S205002C8B0043
S205002C8C63DF
S205002C8DD869
S205002C8E0739
S205002C8F340B
S205002C90B787
S205002C910736
S205002C9280BC
S205002C93003B
S205002C9493A7
S205002C9587B2
S205002C96F741
S205002C97FF38
S205002C983303
S205002C9979BC
S205002C9AF93B
S205002C9B0033
S205002C9C63CF
S205002C9D062B
S205002C9E0927
S205002C9F2E01
S205002CA0131B
S205002CA10528
S205002CA20923
S205002CA3002B
S205002CA4EF3B
S205002CA51019
S205002CA60028
S205002CA73FE8
S205002CA89393
S205002CA9071E
S205002CAA859F
S205002CABFF24
S205002CAC938F
S205002CAD061B
S205002CAE0020
S205002CAF021D
S205002CB033EB
S205002CB18796
S205002CB2F626
S205002CB340DB
S205002CB433E7
S205002CB5D742
S205002CB6E434
S205002CB70017
S205002CB833E3
S205002CB919FC
S205002CBAF91B
S205002CBB0013
S205002CBC33DF
S205002CBD67AA
S205002CBE27E9
S205002CBF010E
S205002CC0B35B
S205002CC19479
S205002CC2F418
S205002CC3000B
S205002CC463A7
S205002CC5C445
S205002CC637D1
S205002CC73FC8
S205002CC8B353
S205002CC9877E
S205002CCA37CD
S205002CCB41C2
S205002CCC936F
S205002CCD877A
S205002CCE17E9
S205002CCF00FF
S205002CD0B34B
S205002CD18677
S205002CD2F606
S205002CD340BB
S205002CD433C7
S205002CD59663
S205002CD6D424
S205002CD700F7
S205002CD833C3
S205002CD9D91C
S205002CDAF400
S205002CDB00F3
S205002CDC33BF
S205002CDD36BB
S205002CDEC030
S205002CDF00EF
S205002CE033BB
S205002CE16687
S205002CE2C923
S205002CE300EB
S205002CE4B337
S205002CE516D3
S205002CE6D711
S205002CE700E7
S205002CE8B333
S205002CE9E401
S205002CEAC61E
S205002CEB00E3
S205002CEC33AF
S205002CED5988
S205002CEEF7E9
S205002CEF00DF
S205002CF0934B
S205002CF109D4
S205002CF200DC
S205002CF300DB
S205002CF49347
S205002CF5F7E2
S205002CF67464
S205002CF700D7
S205002CF86373
S205002CF98055
S205002CFA07CD
S205002CFB02D1
S205002CFC933F
S205002CFDF7DA
S205002CFEF4DC
S205002CFF00CF
S205002D0013BA
S205002D0107C5
S205002D02408B
S205002D0300CA
S205002D046366
S205002D058A3E
S205002D06E7E0
S205002D0700C6
S205002D089332
S205002D09873D
S205002D0A447F
S205002D0B00C2
S205002D0C338E
S205002D0DB50B
S205002D0E9728
S205002D0F00BE
S205002D10338A
S205002D1109B3
S205002D12A912
S205002D1300BA
S205002D149326
S205002D158434
S205002D1607B0
S205002D1700B6
S205002D189322
S205002D19179D
S205002D1A892A
S205002D1B00B2
S205002D1C634E
S205002D1DD0E0
S205002D1E07A8
S205002D1F6C42
S205002D20931A
S205002D218725
S205002D221992
S205002D2300AA
S205002D241396
S205002D2507A1
S205002D26F0B7
S205002D277F27
S205002D286342
S205002D29861E
S205002D2AE7BC
S205002D2B247E
S205002D2C376A
S205002D2D0799
S205002D2E801F
S205002D2FFF9F
S205002D30138A
S205002D310795
S205002D32F7A4
S205002D33FF9B
S205002D343366
S205002D357721
S205002D36E9AE
S205002D370096
S205002D389302
S205002D39F79D
S205002D3AF79C
S205002D3B7F13
S205002D3C137E
S205002D3D1878
S205002D3ED7B8
S205002D3F018D
S205002D40137A
S205002D41D5B7
S205002D423457
S205002D43008A
S205002D441376
S205002D451771
S205002D4697F0
S205002D470086
S205002D483352
S205002D49681C
S205002D4AA8DB
S205002D4B0082
S205002D4C136E
S205002D4D5729
S205002D4EC7B8
S205002D4F007E
S205002D50136A
S205002D517EFE
S205002D521467
S205002D53007A
S205002D5483F6
S205002D552058
S205002D56C1B6
S205002D570175
S205002D580372
S205002D592450
S205002D5A81F2
S205002D5B0171
S205002D5C93DE
S205002D5D97D9
S205002D5E4728
S205002D5F016D
S205002D60B3BA
S205002D61E785
S205002D62E784
S205002D63006A
S205002D641356
S205002D651751
S205002D66FE69
S205002D670165
S205002D68B3B2
S205002D69E77D
S205002D6AE77C
S205002D6B0062
S205002D6C83DE
S205002D6D243C
S205002D6E411E
S205002D6F015D
S205002D70035A
S205002D712933
S205002D72015A
S205002D730159
S205002D7483D6
S205002D75292F
S205002D76C196
S205002D770056
S205002D781342
S205002D79054F
S205002D7A084B
S205002D7B0052
S205002D7C93BE
S205002D7D85CB
S205002D7E0748
S205002D7F004E
S205002D80133A
S205002D81014B
S205002D82014A
S205002D830248
S205002D8467E2
S205002D8580C8
S205002D860047
S205002D870046
S205002D8863E2
S205002D8952F2
S205002D8AF053
S205002D8B70D2
S205002D8C63DE
S205002D8D162A
S205002D8E0F30
S205002D8F1C22
S205002D90B38A
S205002D91E656
S205002D92D566
S205002D930139
S205002D9463D6
S205002D958EAA
S205002D960631
S205002D972610
S205002D9893A2
S205002D9986AE
S205002D9AF73C
S205002D9BFF33
S205002D9C63CE
S205002D9D88A8
S205002D9E0629
S205002D9F46E8
S205002DA063CA
S205002DA18CA0
S205002DA267C4
S205002DA32406
S205002DA49396
S205002DA50721
S205002DA680A7
S205002DA70323
S205002DA81312
S205002DA9091B
S205002DAA1013
S205002DAB0022
S205002DAC63BE
S205002DADCC54
S205002DAED748
S205002DAF021C
S205002DB0938A
S205002DB18795
S205002DB20615
S205002DB3001A
S205002DB49386
S205002DB50612
S205002DB6F027
S205002DB70115
S205002DB863B2
S205002DB9CA4A
S205002DBAF61D
S205002DBB48CA
S205002DBC937E
S205002DBD060A
S205002DBE000F
S205002DBF020C
S205002DC0B35A
S205002DC18686
S205002DC2F615
S205002DC340CA
S205002DC433D6
S205002DC5996F
S205002DC6D532
S205002DC70006
S205002DC833D2
S205002DC9D62E
S205002DCAFE05
S205002DCB0002
S205002DCCB34E
S205002DCD966A
S205002DCEDE21
S205002DCF00FE
S205002DD033CA
S205002DD16993
S205002DD2C932
S205002DD300FA
S205002DD4B346
S205002DD536C2
S205002DD6D027
S205002DD700F6
S205002DD8B342
S205002DD9D71D
S205002DDAF5FE
S205002DDB00F2
S205002DDC33BE
S205002DDD6987
S205002DDED916
S205002DDF00EE
S205002DE033BA
S205002DE107E5
S205002DE2F7F4
S205002DE300EA
S205002DE433B6
S205002DE506E2
S205002DE619CE
S205002DE701E5
S205002DE833B2
S205002DE939AB
S205002DEA26BD
S205002DEB01E1
S205002DEC934E
S205002DED04DC
S205002DEE06D9
S205002DEF00DE
S205002DF033AA
S205002DF109D3
S205002DF2E9F2
S205002DF300DA
S205002DF49346
S205002DF517C1
S205002DF6894E
S205002DF700D6
S205002DF86372
S205002DF9D202
S205002DFA07CC
S205002DFB1EB4
S205002DFC933E
S205002DFD8947
S205002DFE19B6
S205002DFF00CE
S205002E009339
S205002E0107C4
S205002E02F0DA
S205002E037F4A
S205002E046365
S205002E05883F
S205002E06F9CD
S205002E0716AF
S205002E08B70D
S205002E0907BC
S205002E0A8042
S205002E0BFFC2
S205002E0C932D
S205002E0D8738
S205002E0EF7C7
S205002E0FFFBE
S205002E1013A9
S205002E11F5C6
S205002E1214A6
S205002E1300B9
S205002E14B305
S205002E157740
S205002E16F9BD
S205002E1700B5
S205002E1813A1
S205002E19D7DC
S205002E1A149E
S205002E1B00B1
S205002E1C337D
S205002E1D6748
S205002E1EA707
S205002E1F00AD
S205002E201399
S205002E219516
S205002E22F7B3
S205002E2301A8
S205002E24B3F5
S205002E256443
S205002E26E5C1
S205002E2700A5
S205002E281391
S205002E29D9CA
S205002E2A178B
S205002E2B00A1
S205002E2C6F31
S205002E2DF0AF
S205002E2E9FFF
S205002E2FECB1
S205002E303369
S205002E31E8B3
S205002E32D5C5
S205002E330198
S205002E341385
S205002E358314
S205002E36197D
S205002E378015
S205002E386331
S205002E39088B
S205002E3A088A
S205002E3B068B
S205002E3C632D
S205002E3D0A85
S205002E3ED4BA
S205002E3F0687
S205002E406329
S205002E410487
S205002E420387
S205002E430E7B
S205002E446325
S205002E458EF9
S205002E46097D
S205002E47265F
S205002E481371
S205002E49156E
S205002E4A364C
S205002E4B0081
S205002E4C136D
S205002E4D552A
S205002E4E3549
S205002E4F007D
S205002E501369
S205002E5184F7
S205002E520674
S205002E530079
S205002E541365
S205002E5587F0
S205002E560571
S205002E570075
S205002E581361
S205002E59185B
S205002E5AD79B
S205002E5B0170
S205002E5C333D
S205002E5D6807
S205002E5EA8C6
S205002E5F006D
S205002E601359
S205002E615714
S205002E623733
S205002E630069
S205002E643335
S205002E656700
S205002E66075F
S205002E670164
S205002E686301
S205002E69065D
S205002E6A075B
S205002E6B1051
S205002E6C134D
S205002E6D0E51
S205002E6E005E
S205002E6F005D
S205002E7093C9
S205002E710754
S205002E72F06A
S205002E737FDA
S205002E743721
S205002E750750
S205002E76084E
S205002E770055
S205002E781341
S205002E79084B
S205002E7A0052
S205002E7B0051
S205002E7C6FE1
S205002E7DF05F
S205002E7E9FAF
S205002E7FED60
S205002E80B399
S205002E81E665
S205002E82D575
S205002E830148
S205002E8463E5
S205002E8586C1
S205002E860640
S205002E87182D
S205002E8893B1
S205002E8986BD
S205002E8AF74B
S205002E8BFF42
S205002E8C63DD
S205002E8D82BD
S205002E8E0638
S205002E8F3A03
S205002E9063D9
S205002E9184B7
S205002E9267D3
S205002E931623
S205002E9493A5
S205002E950730
S205002E9680B6
S205002E970332
S205002E981321
S205002E99052E
S205002E9A1022
S205002E9B0031
S205002E9CE34D
S205002E9DCE61
S205002E9ED757
S205002E9FDC51
S205002EA09399
S205002EA187A4
S205002EA20624
S205002EA30029
S205002EA46FB9
S205002EA5F037
S205002EA65FC7
S205002EA7DA4B
S205002EA89391
S205002EA9C65D
S205002EAA160C
S205002EAB0021
S205002EACE33D
S205002EAD1A05
S205002EAED44A
S205002EAFF825
S205002EB063B9
S205002EB10813
S205002EB20317
S205002EB31801
S205002EB463B5
S205002EB59087
S205002EB6090D
S205002EB72CE9
S205002EB89381
S205002EB9070C
S205002EBAF022
S205002EBB7F92
S205002EBCB35D
S205002EBD66A9
S205002EBE17F7
S205002EBF010C
S205002EC063A9
S205002EC18883
S205002EC20604
S205002EC348C1
S205002EC49375
S205002EC58681
S205002EC6F70F
S205002EC7FF06
S205002EC863A1
S205002EC98281
S205002ECA06FC
S205002ECB34CD
S205002ECC13ED
S205002ECD05FA
S205002ECEF00E
S205002ECF7F7E
S205002ED06399
S205002ED18279
S205002ED2A753
S205002ED32ACF
S205002ED49365
S205002ED507F0
S205002ED68076
S205002ED703F2
S205002ED813E1
S205002ED909EA
S205002EDA10E2
S205002EDB00F1
S205002EDC638D
S205002EDDCA25
S205002EDED717
S205002EDF02EB
S205002EE09359
S205002EE107E4
S205002EE2F0FA
S205002EE301E8
S205002EE46385
S205002EE5C621
S205002EE6D70F
S205002EE74C99
S205002EE89351
S205002EE907DC
S205002EEA00E2
S205002EEB02DF
S205002EECB32D
S205002EED8758
S205002EEED707
S205002EEF409D
S205002EF033A9
S205002EF119C2
S205002EF2F7E3
S205002EF300D9
S205002EF433A5
S205002EF5D601
S205002EF6D8FE
S205002EF700D5
S205002EF8B321
S205002EF9973C
S205002EFAF8DA
S205002EFB00D1
S205002EFC339D
S205002EFD6966
S205002EFEC905
S205002EFF00CD
S205002F00B318
S205002F013793
S205002F02F0D9
S205002F0300C8
S205002F04B314
S205002F055670
S205002F06D7EE
S205002F0700C4
S205002F083390
S205002F096959
S205002F0AF9C8
S205002F0B00C0
S205002F0CB30C
S205002F0D8539
S205002F0ED5E8
S205002F0F00BC
S205002F103388
S205002F1107B3
S205002F12D9E0
S205002F1301B7
S205002F143384
S205002F15397D
S205002F16278E
S205002F1701B3
S205002F189320
S205002F1904AE
S205002F1A07AA
S205002F1B00B0
S205002F1C337C
S205002F1D09A5
S205002F1EB9F4
S205002F1F00AC
S205002F209318
S205002F2109A1
S205002F220F9A
S205002F2300A8
S205002F246F38
S205002F25F0B6
S205002F261F86
S205002F27EDB7
S205002F289310
S205002F29871B
S205002F2A1988
S205002F2B00A0
S205002F2C930C
S205002F2DF7A7
S205002F2EE7B6
S205002F2F7F1D
S205002F306338
S205002F319406
S205002F320792
S205002F331484
S205002F343364
S205002F35E8AE
S205002F36D5C0
S205002F370193
S205002F38B3E0
S205002F39672B
S205002F3A177A
S205002F3B018F
S205002F3C632C
S205002F3D94FA
S205002F3E0984
S205002F3F2A62
S205002F406328
S205002F418EFC
S205002F420782
S205002F433850
S205002F446324
S205002F451076
S205002F46087D
S205002F473C48
S205002F481370
S205002F49156D
S205002F4A354C
S205002F4B0080
S205002F4C136C
S205002F4D5925
S205002F4E3548
S205002F4F007C
S205002F5093E8
S205002F510773
S205002F520079
S205002F530078
S205002F546F08
S205002F550076
S205002F564035
S205002F571163
S205002F586310
S205002F5980F2
S205002F5A6908
S205002F5B0A66
S205002F5C93DC
S205002F5D0668
S205002F5E80ED
S205002F5F0369
S205002F601358
S205002F610961
S205002F621059
S205002F630068
S205002F64E384
S205002F65C0A6
S205002F66F66F
S205002F67E87C
S205002F68B7AC
S205002F69065C
S205002F6A80E1
S205002F6B0060
S205002F6CB3AC
S205002F6DE579
S205002F6ED588
S205002F6F005C
S205002F706FEC
S205002F71F06A
S205002F725FFA
S205002F73E474
S205002F741344
S205002F757ED8
S205002F761441
S205002F770054
S205002F7893C0
S205002F79074B
S205002F7AF061
S205002F7B7FD1
S205002F7C133C
S205002F7D0747
S205002F7E004D
S205002F7F004C
S205002F801338
S205002F810842
S205002F820049
S205002F830048
S205002F846FD8
S205002F85F056
S205002F861F26
S205002F87DD67
S205002F881330
S205002F8985BD
S205002F8A043D
S205002F8B0040
S205002F8CEF50
S205002F8D102E
S205002F8E80BD
S205002F8F102C
S205002F9093A8
S205002F910733
S205002F9285B4
S205002F930137
S205002F9493A4
S205002F950630
S205002F96F045
S205002F970133
S205002F98E350
S205002F99DA58
S205002F9AF63B
S205002F9BD060
S205002F9C131C
S205002F9D0727
S205002F9E85A8
S205002F9FFF2D
S205002FA033F8
S205002FA19793
S205002FA2E445
S205002FA30028
S205002FA463C4
S205002FA5CE58
S205002FA637EE
S205002FA71B09
S205002FA8B370
S205002FA98999
S205002FAA37EA
S205002FAB41DF
S205002FAC938C
S205002FAD8797
S205002FAE1904
S205002FAF001C
S205002FB063B8
S205002FB1DE3C
S205002FB2F623
S205002FB342D6
S205002FB49384
S205002FB5898D
S205002FB619FC
S205002FB7FE16
S205002FB89380
S205002FB9060C
S205002FBA0011
S205002FBB020E
S205002FBCB35C
S205002FBD54BA
S205002FBE37D6
S205002FBF010B
S205002FC063A8
S205002FC18C7E
S205002FC2D732
S205002FC30008
S205002FC49374
S205002FC50600
S205002FC60005
S205002FC70400
S205002FC8B350
S205002FC9877B
S205002FCAF60B
S205002FCB40C0
S205002FCC33CC
S205002FCD17E7
S205002FCEF706
S205002FCF00FC
S205002FD033C8
S205002FD137C3
S205002FD2E019
S205002FD300F8
S205002FD4B344
S205002FD5E412
S205002FD6E411
S205002FD700F4
S205002FD89360
S205002FD909E9
S205002FDA00F1
S205002FDB00F0
S205002FDC935C
S205002FDDF7F7
S205002FDE7479
S205002FDF00EC
S205002FE0E308
S205002FE19E4C
S205002FE207E2
S205002FE3D018
S205002FE49354
S205002FE5875F
S205002FE609DC
S205002FE700E4
S205002FE813D0
S205002FE9D50D
S205002FEA34AD
S205002FEB00E0
S205002FEC13CC
S205002FED07D7
S205002FEE09D4
S205002FEF00DC
S205002FF06F6C
S205002FF100DA
S205002FF28059
S205002FF302D6
S205002FF4E3F4
S205002FF51CBA
S205002FF608CD
S205002FF7E6EE
S205002FF813C0
S205002FF915BD
S205002FFA359C
S205002FFB00D0
S205002FFC13BC
S205002FFD18B6
S205002FFED7F6
S205002FFF01CB
S20500300013B7
S2050030015574
S2050030023593
S20500300300C7
S2050030043393
S205003005685D
S205003006A81C
S20500300700C3
S20500300813AF
S205003009576A
S20500300A3789
S20500300B00BF
S20500300C6F4F
S20500300DF0CD
S20500300E9F1D
S20500300FE5D6
S20500301013A7
S20500301115A4
S2050030123583
S20500301300B7
S20500301413A3
S2050030155560
S205003016357F
S20500301700B3
S205003018139F
S2050030191899
S20500301AD7D9
S20500301B01AE
S20500301C931B
S20500301D06A7
S20500301EF0BC
S20500301F7F2C
S2050030203377
S2050030216841
S205003022A800
S20500302300A7
S2050030241393
S205003025574E
S205003026376D
S20500302700A3
S205003028E3BF
S2050030298E13
S20500302AD7C9
S20500302BE2BD
S20500302C138B
S20500302D1786
S20500302EC7D5
S20500302F009B
S2050030301387
S2050030315742
S205003032C7D1
S2050030330097
S2050030349303
S205003035F79E
S205003036F79D
S2050030377F14
S205003038137F
S2050030397E13
S20500303A147C
S20500303B008F
S20500303C6F1F
S20500303DF09D
S20500303E9FED
S20500303FD1BA
S20500304093F7
S2050030418603
S205003042196F
S2050030430087
S20500304493F3
S205003045F78E
S205003046E69E
S2050030477F04
S205003048631F
S2050030499EE3
S20500304A0779
S20500304B126D
S20500304CB3CB
S20500304D6716
S20500304E1765
S20500304F017A
S2050030506317
S2050030519ADF
S205003052096F
S2050030532453
S2050030546313
S20500305586EF
S205003056076D
S2050030573043
S205003058B3BF
S205003059E78A
S20500305AD59B
S20500305B016E
S20500305C630B
S20500305D9AD3
S20500305E0765
S20500305F303B
S2050030601357
S2050030611554
S2050030623533
S2050030630067
S2050030641353
S205003065590C
S205003066352F
S2050030670063
S205003068134F
S2050030691849
S20500306AD789
S20500306B015E
S20500306C332B
S20500306D68F5
S20500306E2834
S20500306F015A
S2050030701347
S2050030715702
S2050030723721
S2050030730057
S2050030746FE7
S205003075F065
S2050030769FB5
S205003077FB58
S205003078331F
S20500307988C9
S20500307AD878
S20500307B410E
S20500307CB39B
S20500307DB796
S20500307E0844
S20500307F014A
S2050030803317
S2050030810940
S205003082B791
S2050030834007
S2050030843313
S205003085093C
S205003086F94B
S2050030874003
S20500308893AF
S205003089172A
S20500308A89B7
S20500308B003F
S20500308C93AB
S20500308D0439
S20500308E0834
S20500308F003B
S20500309063D7
S205003091C277
S2050030920731
S2050030931225
S2050030943303
S20500309568CD
S205003096280C
S2050030970132
S205003098E34F
S205003099121F
S20500309A0828
S20500309BC06F
S20500309C131B
S20500309D0E1F
S20500309E002C
S20500309F002B
S2050030A09397
S2050030A10722
S2050030A20028
S2050030A30027
S2050030A41313
S2050030A5071E
S2050030A60024
S2050030A70023
S2050030A86FB3
S2050030A9F031
S2050030AADF41
S2050030ABCA55
S2050030AC37E7
S2050030AD0914
S2050030AE809C
S2050030AFFF1C
S2050030B01307
S2050030B10910
S2050030B2F91F
S2050030B3FF18
S2050030B4B363
S2050030B5898C
S2050030B6F91B
S2050030B740D3
S2050030B833DF
S2050030B97998
S2050030BA27E9
S2050030BB010E
S2050030BC6F9F
S2050030BDF01D
S2050030BE9F6D
S2050030BFC348
S2050030C09377
S2050030C10702
S2050030C2F018
S2050030C37F88
S2050030C433D3
S2050030C565A0
S2050030C617ED
S2050030C70102
S2050030C8639F
S2050030C904FD
S2050030CA05FB
S2050030CB10EF
S2050030CC13EB
S2050030CD8875
S2050030CEF705
S2050030CFFFFC
S2050030D06397
S2050030D102F7
S2050030D208F0
S2050030D31ED9
S2050030D413E3
S2050030D505F0
S2050030D6F004
S2050030D77F74
S2050030D8E30F
S2050030D98869
S2050030DAA749
S2050030DBD619
S2050030DC935B
S2050030DD07E6
S2050030DE806C
S2050030DF03E8
S2050030E013D7
S2050030E18465
S2050030E206E2
S2050030E300E7
S2050030E413D3
S2050030E505E0
S2050030E610D4
S2050030E700E3
S2050030E8637F
S2050030E9CA17
S2050030EA07D9
S2050030EB03DC
S2050030EC934B
S2050030ED07D6
S2050030EEF0EC
S2050030EF01DA
S2050030F06377
S2050030F1C415
S2050030F207D1
S2050030F319BE
S2050030F49343
S2050030F507CE
S2050030F600D4
S2050030F702D1
S2050030F8B31F
S2050030F9874A
S2050030FA07C9
S2050030FB418E
S2050030FC339B
S2050030FD15B8
S2050030FEF7D5
S2050030FF00CB
S205003100B316
S205003101D6F2
S20500310208BF
S20500310301C5
S205003104B312
S205003105972D
S205003106F8CB
S20500310700C2
S205003108338E
S205003109655B
S20500310AD5EA
S20500310B00BE
S20500310CB30A
S20500310D3785
S20500310EF0CB
S20500310F00BA
S2050031103386
S2050031115860
S20500311207B0
S20500311301B5
S2050031143382
S205003115654F
S205003116F5BE
S20500311700B2
S205003118B3FE
S205003119852B
S20500311A05AA
S20500311B416D
S20500311C337A
S20500311D8527
S20500311EAEFD
S20500311F406A
S2050031203376
S205003121B7F1
S205003122AEF9
S20500312300A6
S2050031249312
S20500312504A0
S205003126059E
S20500312700A2
S205003128336E
S2050031298917
S20500312AE5BA
S20500312B405E
S20500312C930A
S20500312D0993
S20500312E0F8C
S20500312F009A
S2050031306F2A
S205003131F0A8
S2050031329FF8
S205003133B5E1
S2050031349302
S205003135860E
S205003136078C
S205003137FE94
S205003138137E
S205003139068A
S20500313A008F
S20500313B028C
S20500313CB3DA
S20500313DD6B6
S20500313ED5B6
S20500313F008A
S2050031406326
S2050031418AFE
S205003142C7C0
S2050031430086
S2050031441372
S205003145067E
S2050031460083
S205003147047E
S205003148B3CE
S2050031490779
S20500314AF689
S20500314B403E
S20500314CB3CA
S20500314D97E5
S20500314EF586
S20500314F007A
S205003150B3C6
S205003151EE8A
S205003152FE79
S2050031530076
S2050031543342
S205003155353F
S205003156D0A3
S2050031570171
S205003158333E
S205003159650B
S20500315AD59A
S20500315B006E
S20500315C6FFE
S20500315DF07C
S20500315EDF8C
S20500315FB1B9
S205003160B7B2
S2050031610662
S20500316280E7
S205003163FF67
S20500316493D2
S20500316586DE
S205003166F66D
S205003167FF63
S205003168B3AE
S20500316987D9
S20500316AF966
S20500316B401E
S20500316C332A
S20500316D77E5
S20500316ED784
S20500316F005A
S2050031706FEA
S205003171F068
S2050031729FB8
S205003173EF67
S2050031741342
S205003175153F
S205003176361D
S2050031770052
S205003178133E
S20500317955FB
S20500317A351A
S20500317B004E
S20500317C133A
S20500317D87C5
S20500317E0546
S20500317F004A
S2050031806FDA
S205003181F058
S2050031829FA8
S205003183CD79
S20500318493B2
S205003185073D
S205003186F053
S2050031877FC3
S205003188E35E
S20500318986BA
S20500318AF649
S20500318BDE60
S20500318CB38A
S20500318D8EAE
S20500318ED863
S20500318F0139
S2050031903306
S205003191B682
S2050031921E19
S2050031930135
S205003194B382
S205003195072D
S205003196B77C
S2050031970032
S205003198B37E
S20500319987A9
S20500319AC768
S20500319B002E
S20500319C131A
S20500319D9597
S20500319EF734
S20500319F0129
S2050031A09396
S2050031A1DE4A
S2050031A21E09
S2050031A30026
S2050031A4B372
S2050031A564C0
S2050031A6D54E
S2050031A70121
S2050031A8130E
S2050031A9D947
S2050031AA1708
S2050031AB001E
S2050031AC938A
S2050031AD8993
S2050031AE0615
S2050031AF001A
S2050031B06FAA
S2050031B1F028
S2050031B25FB8
S2050031B3B462
S2050031B433E2
S2050031B5868E
S2050031B61EF5
S2050031B741D1
S2050031B8B35E
S2050031B98789
S2050031BAE52A
S2050031BB40CE
S2050031BC33DA
S2050031BDB755
S2050031BECE3D
S2050031BF000A
S2050031C09376
S2050031C10404
S2050031C20601
S2050031C30006
S2050031C433D2
S2050031C5897B
S2050031C6E71C
S2050031C740C2
S2050031C813EE
S2050031C9847C
S2050031CA06F9
S2050031CB00FE
S2050031CC6F8E
S2050031CDF00C
S2050031CE1FDC
S2050031CFAD4D
S2050031D013E6
S2050031D116E2
S2050031D236C1
S2050031D300F6
S2050031D413E2
S2050031D5559F
S2050031D636BD
S2050031D700F2
S2050031D813DE
S2050031D9846C
S2050031DA06E9
S2050031DB00EE
S2050031DC13DA
S2050031DD8765
S2050031DE05E6
S2050031DF00EA
S2050031E06F7A
S2050031E1F0F8
S2050031E29F48
S2050031E3E303
S2050031E4E302
S2050031E5984C
S2050031E607DC
S2050031E7E002
S2050031E8637E
S2050031E906DA
S2050031EA08D7
S2050031EB22BC
S2050031EC13CA
S2050031EDD705
S2050031EE35A6
S2050031EF00DA
S2050031F013C6
S2050031F116C2
S2050031F236A1
S2050031F300D6
S2050031F49342
S2050031F5953F
S2050031F6D5FE
S2050031F701D1
S2050031F8339E
S2050031F96769
S2050031FAB718
S2050031FB00CE
S2050031FC13BA
S2050031FD5676
S2050031FE3695
S2050031FF00CA
S2050032003395
S2050032016760
S205003202C7FF
S20500320300C5
S20500320413B1
S205003205843F
S20500320606BC
S20500320700C1
S2050032086F51
S205003209F0CF
S20500320A1F9F
S20500320BC6F7
S20500320CB309
S20500320D8E2D
S20500320ED8E2
S20500320F01B8
S205003210B305
S20500321105B2
S205003212B7FF
S20500321300B5
S2050032143381
S205003215B6FD
S2050032161E94
S20500321701B0
S205003218337D
S2050032198926
S20500321AC5E9
S20500321B00AD
S20500321C9319
S20500321D1794
S20500321E8921
S20500321F00A9
S2050032209315
S2050032218423
S2050032220E98
S20500322300A5
S2050032246341
S205003225D8CB
S205003226079B
S2050032270A97
S205003228930D
S2050032290996
S20500322A207E
S20500322B009D
S20500322C6F2D
S20500322DF0AB
S20500322EDFBB
S20500322FBDDC
S205003230B3E5
S2050032318E09
S205003232D8BE
S2050032334154
S205003234B3E1
S205003235058E
S205003236B7DB
S2050032374051
S205003238335D
S205003239B6D9
S20500323AD8B6
S20500323B018C
S20500323C93F9
S20500323D8407
S20500323E0E7C
S20500323F0089
S2050032403355
S20500324189FE
S205003242C5C1
S2050032434045
S20500324493F1
S205003245097A
S2050032461072
S2050032470081
S2050032486F11
S205003249F08F
S20500324A1F5F
S20500324BA4D9
S20500324C93E9
S20500324D86F5
S20500324E0773
S20500324FFE7B
S2050032501365
S2050032510671
S2050032520076
S2050032530273
S205003254B3C1
S205003255D69D
S205003256D59D
S2050032570071
S205003258630D
S2050032598AE5
S20500325AC7A7
S20500325B006D
S20500325C1359
S20500325D0665
S20500325E006A
S20500325F0465
S205003260B3B5
S2050032610760
S205003262F670
S2050032634025
S205003264B3B1
S20500326597CC
S205003266F56D
S2050032670061
S205003268B3AD
S205003269EE71
S20500326AFE60
S20500326B005D
S20500326C3329
S20500326D3922
S20500326ED08A
S20500326F0158
S2050032703325
S20500327169EE
S205003272D97D
S2050032730055
S2050032746FE5
S205003275F063
S2050032761F33
S205003277B79A
S20500327893BD
S2050032790748
S20500327A0846
S20500327BFE4F
S20500327C93B9
S20500327D0645
S20500327E004A
S20500327F0247
S205003280B395
S20500328157F0
S205003282F74F
S2050032830045
S20500328463E1
S2050032850A39
S205003286D86A
S2050032870041
S20500328893AD
S2050032890639
S20500328A003E
S20500328B0439
S20500328CB389
S20500328D86B5
S20500328E0634
S20500328F41F8
S2050032903305
S2050032911720
S205003292D75F
S2050032930035
S205003294B381
S205003295E84B
S205003296E84A
S2050032970031
S20500329833FD
S20500329935FA
S20500329A101E
S20500329B012C
S20500329C33F9
S20500329D65C6
S20500329EF535
S20500329F0029
S2050032A06FB9
S2050032A1F037
S2050032A2DF47
S2050032A3E73E
S2050032A4E341
S2050032A5889B
S2050032A6071B
S2050032A7EC35
S2050032A8B36D
S2050032A9EE31
S2050032AAD549
S2050032AB011C
S2050032ACE339
S2050032AD908B
S2050032AE0E0C
S2050032AFBC5D
S2050032B06FA9
S2050032B1F027
S2050032B29F77
S2050032B3D441
S2050032B433E1
S2050032B5868D
S2050032B61EF4
S2050032B741D0
S2050032B8B35D
S2050032B9858A
S2050032BAE529
S2050032BB40CD
S2050032BC33D9
S2050032BDB754
S2050032BECE3C
S2050032BF0009
S2050032C09375
S2050032C10403
S2050032C20600
S2050032C30005
S2050032C433D1
S2050032C5897A
S2050032C6E51D
S2050032C740C1
S2050032C813ED
S2050032C9847B
S2050032CA06F8
S2050032CB00FD
S2050032CC9369
S2050032CD09F2
S2050032CE10EA
S2050032CF00F9
S2050032D06F89
S2050032D1F007
S2050032D29F57
S2050032D39B5A
S2050032D49361
S2050032D507EC
S2050032D610E2
S2050032D700F1
S2050032D86F81
S2050032D9F0FF
S2050032DA1FCF
S2050032DBD11C
S2050032DCE309
S2050032DD00EB
S2050032DE08E2
S2050032DFDC0D
S2050032E013D5
S2050032E116D1
S2050032E236B0
S2050032E300E5
S2050032E49351
S2050032E5578C
S2050032E636AC
S2050032E700E1
S2050032E813CD
S2050032E99847
S2050032EAD509
S2050032EB01DC
S2050032EC13C9
S2050032ED9744
S2050032EE9545
S2050032EF00D9
S2050032F033A5
S2050032F1686F
S2050032F2F8DE
S2050032F300D5
S2050032F413C1
S2050032F5577C
S2050032F6C70B
S2050032F700D1
S2050032F813BD
S2050032F98E41
S2050032FA06C8
S2050032FB00CD
S2050032FC9339
S2050032FD07C4
S2050032FE00CA
S2050032FF00C9
S2050033006F58
S205003301F0D6
S2050033025F66
S205003303A51F
S2050033043390
S2050033058939
S205003306D8E9
S205003307417F
S205003308B30C
S205003309B707
S20500330A2895
S20500330B01BB
S20500330C3388
S20500330D06B4
S20500330EB702
S20500330F4078
S2050033103384
S20500331106B0
S205003312F6BF
S2050033134074
S2050033149320
S205003315179B
S205003316862B
S20500331700B0
S205003318634C
S205003319D2DC
S20500331A07A6
S20500331B0E9E
S20500331C3378
S20500331D8624
S20500331E1E8B
S20500331F4167
S2050033203374
S205003321871F
S205003322E5C0
S2050033234064
S205003324B3F0
S205003325BEE4
S205003326CED3
S20500332700A0
S205003328336C
S2050033290797
S20500332AD7C6
S20500332B415B
S20500332C9308
S20500332D1783
S20500332E8712
S20500332F0098
S2050033309304
S2050033310492
S205003332068F
S2050033330094
S2050033346330
S205003335DEB4
S205003336078A
S205003337127E
S205003338B7D8
S2050033390787
S20500333A800D
S20500333BFF8D
S20500333C93F8
S20500333D8703
S20500333EF792
S20500333FFF89
S2050033403354
S205003341770F
S205003342F78E
S2050033430084
S2050033441370
S20500334584FE
S205003346067B
S2050033470080
S20500334893EC
S2050033490777
S20500334A106D
S20500334B007C
S20500334C6F0C
S20500334DF08A
S20500334E1F5A
S20500334F9FD9
S2050033501364
S2050033511660
S205003352363F
S2050033530074
S2050033541360
S205003355551D
S205003356363B
S2050033570070
S205003358135C
S20500335987E7
S20500335A0568
S20500335B006C
S20500335C6FFC
S20500335DF07A
S20500335EDF8A
S20500335FCB9D
S2050033601354
S2050033611650
S205003362362F
S2050033630064
S2050033641350
S2050033655909
S205003366362B
S2050033670060
S205003368134C
S20500336987D7
S20500336A0558
S20500336B005C
S20500336C6FEC
S20500336DF06A
S20500336EDF7A
S20500336FCF89
S205003370B3A4
S20500337186D0
S205003372D87D
S2050033730153
S205003374B3A0
S205003375074B
S205003376B79A
S2050033770050
S205003378331C
S205003379B698
S20500337A1637
S20500337B014B
S20500337CB398
S20500337D87C3
S20500337EC782
S20500337F0048
S2050033801334
S20500338197AF
S20500338287BE
S2050033830044
S2050033841330
S205003385D86A
S205003386360B
S2050033870040
S20500338863DC
S2050033895EE0
S20500338A0736
S20500338B0834
S20500338C3704
S20500338D0733
S20500338E80B9
S20500338FFF39
S2050033901324
S205003391072F
S205003392F73E
S205003393FF35
S205003394B380
S205003395F73B
S205003396E74A
S2050033970030
S205003398131C
S2050033999797
S20500339AD756
S20500339B012B
S20500339C9398
S20500339D9793
S20500339E9792
S20500339F0028
S2050033A033F4
S2050033A168BE
S2050033A2071E
S2050033A30123
S2050033A41310
S2050033A5D74B
S2050033A6C75A
S2050033A70020
S2050033A8938C
S2050033A90717
S2050033AA100D
S2050033AB001C
S2050033AC6FAC
S2050033ADF02A
S2050033AE9F7A
S2050033AF9A7E
S2050033B09384
S2050033B1878F
S2050033B2060F
S2050033B3FE16
S2050033B41300
S2050033B5060C
S2050033B60011
S2050033B7020E
S2050033B8B35C
S2050033B957B7
S2050033BAF716
S2050033BB000C
S2050033BC63A8
S2050033BD8A80
S2050033BEC643
S2050033BF0008
S2050033C013F4
S2050033C10600
S2050033C20005
S2050033C30400
S2050033C4B350
S2050033C506FC
S2050033C6D62B
S2050033C740C0
S2050033C833CC
S2050033C917E7
S2050033CAD726
S2050033CB00FC
S2050033CCB348
S2050033CDE812
S2050033CEE811
S2050033CF00F8
S2050033D033C4
S2050033D139BD
S2050033D210E5
S2050033D301F3
S2050033D433C0
S2050033D56989
S2050033D6F9F8
S2050033D700F0
S2050033D86F80
S2050033D9F0FE
S2050033DA9F4E
S2050033DBB339
S2050033DC13D8
S2050033DDD515
S2050033DE34B5
S2050033DF00E8
S2050033E09354
S2050033E1875F
S2050033E209DC
S2050033E300E4
S2050033E413D0
S2050033E507DB
S2050033E609D8
S2050033E700E0
S2050033E86F70
S2050033E9F0EE
S2050033EA1FBE
S2050033EBC319
S2050033EC9348
S2050033ED06D4
S2050033EE00D9
S2050033EF02D6
S2050033F0B324
S2050033F18650
S2050033F2F6DF
S2050033F34094
S2050033F413C0
S2050033F506CC
S2050033F600D1
S2050033F700D0
S2050033F86F60
S2050033F9F0DE
S2050033FA9F2E
S2050033FB8E3E
S2050033FC3398
S2050033FD6862
S2050033FEC900
S2050033FF00C8
S205003400E3E3
S2050034010EB7
S20500340208BC
S205003403C8FB
S20500340413AF
S2050034055968
S2050034063987
S20500340700BF
S205003408932B
S20500340907B6
S20500340A00BC
S20500340B00BB
S20500340C13A7
S20500340D07B2
S20500340E06B2
S20500340F00B7
S2050034106F47
S205003411F0C5
S2050034129F15
S205003413C5EE
S205003414139F
S2050034150EA3
S20500341600B0
S20500341700AF
S205003418931B
S20500341907A6
S20500341AF0BC
S20500341B7F2C
S20500341C3773
S20500341D07A2
S20500341E08A0
S20500341F00A7
S2050034206F37
S205003421F0B5
S2050034225F45
S2050034239310
S205003424138F
S205003425970A
S205003426D7C9
S205003427019E
S205003428930B
S2050034299706
S20500342A9705
S20500342B009B
S20500342C3367
S20500342D6831
S20500342E0791
S20500342F0196
S2050034301383
S205003431D7BE
S205003432C7CD
S2050034330093
S20500343493FF
S205003435078A
S2050034360090
S205003437008F
S2050034386F1F
S205003439F09D
S20500343ADFAD
S20500343B91FA
S20500343CE3A7
S20500343D8603
S20500343E0781
S20500343FAED9
S2050034403353
S205003441087D
S2050034423F45
S2050034434142
S20500344493EF
S205003445077A
S2050034460878
S205003447007F
S205003448E39B
S2050034498EEF
S20500344A0973
S20500344BC6B5
S20500344C93E7
S20500344D0772
S20500344E80F8
S20500344F0374
S2050034506313
S205003451CAAB
S205003452076D
S2050034530172
S205003454B7BB
S205003455076A
S20500345680F0
S205003457006F
S205003458333B
S2050034596706
S20500345AF775
S20500345B006B
S20500345C1357
S20500345D84E5
S20500345E0662
S20500345F0067
S2050034606FF7
S205003461F075
S205003462DF85
S205003463C89B
S205003464134F
S20500346584DD
S205003466065A
S205003467005F
S205003468134B
S2050034690558
S20500346A104C
S20500346B005B
S20500346C6FEB
S20500346DF069
S20500346E1F39
S20500346FCB8C
S2050034701343
S205003471183D
S205003472D77D
S2050034730152
S205003474133F
S20500347556FB
S205003476361A
S205003477004F
S205003478331B
S20500347968E5
S20500347AC884
S20500347B004B
S20500347C1337
S20500347D57F2
S20500347E3711
S20500347F0047
S20500348093B3
S205003481073E
S2050034820044
S2050034830043
S205003484132F
S20500348584BD
S205003486063A
S205003487003F
S2050034886FCF
S205003489F04D
S20500348A5FDD
S20500348BBA81
S20500348CE357
S20500348D8AAF
S20500348E0731
S20500348FBA7D
S205003490B383
S205003491062F
S2050034923FF5
S20500349341F2
S20500349463CF
S205003495969B
S2050034960927
S205003497002F
S205003498939B
S20500349987A6
S20500349A0626
S20500349B002B
S20500349C6FBB
S20500349DF039
S20500349E1F09
S20500349FA285
S2050034A09393
S2050034A1071E
S2050034A280A4
S2050034A30320
S2050034A4130F
S2050034A50918
S2050034A61010
S2050034A7001F
S2050034A8E33B
S2050034A9C459
S2050034AAD745
S2050034ABA675
S2050034ACB763
S2050034AD0712
S2050034AE8098
S2050034AF0017
S2050034B033E3
S2050034B167AE
S2050034B2F71D
S2050034B30013
S2050034B46FA3
S2050034B5F021
S2050034B6DF31
S2050034B7A26D
S2050034B8937B
S2050034B9D736
S2050034BA45C7
S2050034BB010A
S2050034BCB753
S2050034BD0603
S2050034BE10F8
S2050034BF0007
S2050034C013F3
S2050034C1877E
S2050034C2F60E
S2050034C3FF04
S2050034C4936F
S2050034C5F70A
S2050034C6F709
S2050034C77F80
S2050034C813EB
S2050034C906F7
S2050034CAE01C
S2050034CB3FBC
S2050034CC33C7
S2050034CD7782
S2050034CEB741
S2050034CF00F7
S2050034D09363
S2050034D1D520
S2050034D2F5FF
S2050034D301F2
S2050034D4638F
S2050034D55E93
S2050034D6F6FA
S2050034D700EF
S2050034D813DB
S2050034D906E7
S2050034DAD01C
S2050034DB41AA
S2050034DC6387
S2050034DD5E8B
S2050034DEF6F2
S2050034DF00E7
S2050034E037AF
S2050034E105E0
S2050034E200E4
S2050034E38063
S2050034E413CF
S2050034E505DC
S2050034E6F5EB
S2050034E7FFE0
S2050034E833AB
S2050034E98558
S2050034EAA537
S2050034EB00DB
S2050034EC6773
S2050034ED8059
S2050034EE00D8
S2050034EF00D7
S2050034F013C3
S2050034F105D0
S2050034F200D4
S2050034F300D3
S2050034F4676B
S2050034F58051
S2050034F600D0
S2050034F700CF
S2050034F813BB
S2050034F906C7
S2050034FA309C
S2050034FB4388
S2050034FC3397
S2050034FD06C3
S2050034FEF6D2
S2050034FF4087
S20500350013B2
S20500350108BC
S205003502F0D3
S20500350301C1
S205003504338E
S2050035056759
S205003506D7E8
S20500350700BE
S205003508635A
S205003509506C
S20500350AC8F3
S20500350B02B8
S20500350C9326
S20500350D06B2
S20500350E3087
S20500350F4175
S205003510B302
S205003511872D
S205003512F6BD
S2050035134072
S205003514337E
S2050035155759
S205003516F7B8
S20500351700AE
S205003518337A
S20500351905A7
S20500351AE0CB
S20500351B406A
S20500351CE3C6
S20500351D9C0C
S20500351E05A2
S20500351FFCAA
S2050035201392
S205003521059F
S205003522079C
S20500352300A2
S205003524673A
S2050035258020
S205003526009F
S205003527009E
S205003528930A
S2050035298715
S20500352AD7C4
S20500352BBEDC
S20500352C3366
S20500352D1781
S20500352EF7A0
S20500352F0096
S2050035303362
S205003531553F
S205003532C5CE
S2050035330092
S205003534335E
S2050035356729
S205003536A7E8
S205003537008E
S2050035386F1E
S205003539F09C
S20500353A1F6C
S20500353BFE8C
S20500353C1376
S20500353D0187
S20500353E0186
S20500353FFC8A
S20500354093F2
S205003541572D
S205003542750E
S2050035430181
S205003544235E
S205003545265A
S205003546314E
S205003547037B
S205003548235A
S205003549225A
S20500354A512A
S20500354B0377
S20500354C2356
S20500354D2E4A
S20500354E1166
S20500354F0274
S20500355093E2
S2050035511A5A
S20500355295DE
S2050035530072
S205003554234E
S2050035552C44
S20500355681EE
S205003557026C
S205003558234A
S2050035592A42
S20500355A91DA
S20500355B0268
S20500355C2346
S20500355D2840
S20500355E2146
S20500355F0363
S2050035602342
S2050035612440
S2050035624122
S205003563035F
S205003564233E
S2050035652040
S20500356661FE
S205003567035B
S205003568233A
S2050035692E2E
S20500356A71EA
S20500356B0159
S20500356C93C6
S20500356DF761
S20500356EF760
S20500356F0F47
S20500357093C2
S205003571DA7A
S2050035729AB9
S2050035730052
S20500357493BE
S20500357559F7
S205003576F55A
S205003577014D
S20500357863EA
S2050035798AC2
S20500357A0744
S20500357B1238
S20500357C1336
S20500357D0741
S20500357EF057
S20500357F0F37
S20500358063E2
S2050035818CB8
S205003582E75C
S205003583063C
S20500358493AE
S2050035859AA6
S2050035863A05
S205003587003E
S2050035883706
S2050035890735
S20500358A003B
S20500358B0436
S20500358CB386
S20500358DEA4E
S20500358EEA4D
S20500358F0036
S2050035901322
S2050035918AAA
S205003592171C
S205003593F83A
S205003594131E
S205003595042C
S205003596002F
S205003597002E
S205003598939A
S2050035990B21
S20500359A002B
S20500359B002A
S20500359C9396
S20500359DD751
S20500359E75B2
S20500359F0125
S2050035A01312
S2050035A1998B
S2050035A2958E
S2050035A30022
S2050035A4938E
S2050035A5F729
S2050035A6F728
S2050035A70F0F
S2050035A8130A
S2050035A959C3
S2050035AA9982
S2050035AB001A
S2050035AC9386
S2050035ADD444
S2050035AEF522
S2050035AF0115
S2050035B063B2
S2050035B1888C
S2050035B2070C
S2050035B3060C
S2050035B413FE
S2050035B50709
S2050035B6F01F
S2050035B70FFF
S2050035B863AA
S2050035B98488
S2050035BAE724
S2050035BB10FA
S2050035BC13F6
S2050035BD19EF
S2050035BE39CE
S2050035BF0006
S2050035C037CE
S2050035C107FD
S2050035C20003
S2050035C304FE
S2050035C433CE
S2050035C56997
S2050035C6E916
S2050035C700FE
S2050035C8936A
S2050035C98775
S2050035CA17E4
S2050035CBF802
S2050035CC9366
S2050035CD06F2
S2050035CE00F7
S2050035CF00F6
S2050035D013E2
S2050035D107ED
S2050035D2F003
S2050035D300F2
S2050035D433BE
S2050035D5CB25
S2050035D69956
S2050035D700EE
S2050035D833BA
S2050035D90AE2
S2050035DAFAF1
S2050035DB40AA
S2050035DC6386
S2050035DD6088
S2050035DE8760
S2050035DF28BE
S2050035E037AE
S2050035E107DD
S2050035E210D3
S2050035E300E2
S2050035E413CE
S2050035E514CC
S2050035E624BB
S2050035E700DE
S2050035E813CA
S2050035E907D5
S2050035EA07D4
S2050035EB04D6
S2050035EC33A6
S2050035ED04D4
S2050035EEE4F3
S2050035EF00D6
S2050035F08352
S2050035F127AD
S2050035F204CF
S2050035F300D2
S2050035F4676A
S2050035F58050
S2050035F607C8
S2050035F700CE
S2050035F8636A
S2050035F99A32
S2050035FA0AC1
S2050035FB14B6
S2050035FC9336
S2050035FDD7F1
S2050035FE7552
S2050035FF01C5
S20500360013B1
S205003601992A
S205003602952D
S20500360300C1
S205003604932D
S205003605F7C8
S205003606F7C7
S2050036070FAE
S20500360813A9
S20500360904B7
S20500360A803A
S20500360B00B9
S20500360C13A5
S20500360D0AAD
S20500360EF0C6
S20500360F0FA6
S2050036109321
S2050036110BA8
S2050036122092
S20500361300B1
S205003614139D
S2050036155956
S2050036169915
S20500361700AD
S2050036189319
S205003619D4D7
S20500361AF5B5
S20500361B01A8
S20500361CE3C5
S20500361D9C0B
S20500361E079F
S20500361FF8AD
S2050036206341
S205003621188B
S2050036220999
S2050036230C95
S205003624138D
S205003625643B
S205003626148A
S205003627009D
S2050036289309
S2050036290794
S20500362AD0CA
S20500362B0099
S20500362C3365
S20500362DCBCC
S20500362E99FD
S20500362F0095
S2050036306331
S205003631EEA5
S205003632870B
S2050036330091
S205003634B7D9
S2050036350788
S205003636107E
S205003637008D
S20500363893F9
S2050036398704
S20500363A0783
S20500363B0881
S20500363C1375
S20500363D1473
S20500363E2462
S20500363F0085
S2050036403351
S205003641047F
S205003642F48E
S2050036430081
S20500364483FD
S2050036452758
S205003646047A
S205003647007D
S2050036486715
S20500364980FB
S20500364A0773
S20500364B0079
S20500364C93E5
S20500364D0770
S20500364EF086
S20500364F0F66
S2050036501361
S205003651076C
S2050036520072
S2050036530071
S20500365483ED
S205003655204F
S205003656C1AD
S205003657036A
S2050036580369
S2050036592447
S20500365A81E9
S20500365B0366
S20500365C1355
S20500365D95D2
S20500365E77EF
S20500365F0164
S2050036601351
S2050036611B48
S205003662FB67
S2050036630160
S205003664332D
S20500366565FA
S205003666E579
S205003667005D
S20500366883D9
S2050036692437
S20500366A4119
S20500366B0356
S20500366C0355
S20500366D292E
S20500366E0155
S20500366F0352
S20500367083D1
S205003671292A
S205003672C191
S205003673024F
S205003674034D
S2050036752A25
S20500367681CD
S205003677024B
S20500367883C9
S2050036792A21
S20500367A4109
S20500367B0247
S20500367C83C5
S20500367D2B1C
S20500367EC185
S20500367F0144
S2050036803311
S20500368165DE
S20500368265DD
S2050036830140
S205003684033D
S2050036852B14
S205003686013D
S205003687023B
S2050036881329
S205003689013A
S20500368A0139
S20500368B0435
S20500368C67D1
S20500368D80B7
S20500368E0036
S20500368F0035
S20500369093A1
S205003691072C
S2050036923002
S2050036930031
S205003694131D
S20500369585AA
S205003696042A
S205003697002D
S20500369863C9
S2050036999A91
S20500369AF634
S20500369B0E1B
S20500369C1315
S20500369D0B1C
S20500369E0026
S20500369F0025
S2050036A09391
S2050036A1071C
S2050036A2F032
S2050036A30F12
S2050036A437E9
S2050036A50718
S2050036A640DE
S2050036A7001D
S2050036A86FAD
S2050036A9F02B
S2050036AADF3B
S2050036ABFA1F
S2050036AC63B5
S2050036AD9A7D
S2050036AE0A0C
S2050036AF060F
S2050036B01301
S2050036B1040F
S2050036B240D2
S2050036B30011
S2050036B413FD
S2050036B50A05
S2050036B6000E
S2050036B7000D
S2050036B89379
S2050036B90B00
S2050036BA10FA
S2050036BB0009
S2050036BC6F99
S2050036BDF017
S2050036BE1FE7
S2050036BFEE17
S2050036C063A1
S2050036C118EB
S2050036C209F9
S2050036C304FD
S2050036C413ED
S2050036C5649B
S2050036C624DA
S2050036C700FD
S2050036C813E9
S2050036C904F7
S2050036CAD426
S2050036CBFFFA
S2050036CC9365
S2050036CD07F0
S2050036CEB046
S2050036CF00F5
S2050036D033C1
S2050036D1CB28
S2050036D29959
S2050036D300F1
S2050036D4638D
S2050036D5E40B
S2050036D68767
S2050036D708E5
S2050036D8B735
S2050036D907E4
S2050036DA10DA
S2050036DB00E9
S2050036DC9355
S2050036DD8760
S2050036DE875F
S2050036DF0BDA
S2050036E013D1
S2050036E114CF
S2050036E224BE
S2050036E300E1
S2050036E433AD
S2050036E504DB
S2050036E6F4EA
S2050036E700DD
S2050036E88359
S2050036E927B4
S2050036EA04D6
S2050036EB00D9
S2050036EC6771
S2050036ED8057
S2050036EE07CF
S2050036EF00D5
S2050036F013C1
S2050036F105CE
S2050036F209C9
S2050036F300D1
S2050036F4EFE1
S2050036F500CF
S2050036F610BE
S2050036F71AB3
S2050036F89339
S2050036F907C4
S2050036FAB515
S2050036FBFFCA
S2050036FC3395
S2050036FD19AE
S2050036FEF9CD
S2050036FF00C5
S2050037009330
S20500370107BB
S205003702A021
S205003703F8C8
S205003704B30C
S2050037058737
S205003706A716
S205003707407C
S2050037089328
S20500370906B4
S20500370A00B9
S20500370B00B8
S20500370C6F48
S20500370DF0C6
S20500370E5F56
S20500370FECC8
S20500371013A0
S205003711644E
S205003712347D
S20500371300B0
S205003714931C
S20500371507A7
S205003716F0BD
S2050037170F9D
S2050037189318
S20500371906A4
S20500371A3079
S20500371B00A8
S20500371C6F38
S20500371DF0B6
S20500371E5F46
S20500371FEBB9
S2050037201390
S205003721851D
S2050037220A97
S20500372300A0
S205003724237C
S2050037252678
S205003726B1EC
S205003727009C
S205003728EFAC
S205003729009A
S20500372AD0C9
S20500372B1682
S20500372C9304
S20500372D078F
S20500372EB5E0
S20500372FFF95
S205003730B3E0
S2050037319AF8
S205003732FA97
S2050037330090
S20500373493FC
S2050037350787
S205003736A0ED
S205003737F894
S2050037388308
S2050037392565
S20500373AC1C8
S20500373B0088
S20500373C3354
S20500373D8AFC
S20500373EA7DE
S20500373F4044
S2050037401370
S205003741047E
S2050037420081
S2050037430080
S20500374493EC
S2050037450B73
S205003746007D
S205003747007C
S2050037486F0C
S205003749F08A
S20500374A5F1A
S20500374BE593
S20500374C1364
S20500374D0472
S20500374EC0B5
S20500374F0074
S2050037501360
S2050037510A68
S205003752F081
S2050037530F61
S20500375493DC
S2050037550B63
S205003756303D
S205003757006C
S2050037586FFC
S205003759F07A
S20500375A5F0A
S20500375BE484
S20500375C93D4
S20500375D075F
S20500375E0065
S20500375F0064
S2050037601350
S205003761075B
S2050037620061
S2050037630060
S2050037646FF0
S205003765F06E
S2050037661F3E
S205003767EF6D
S2050037681348
S2050037690A50
S20500376A1A3F
S20500376BF068
S20500376C93C4
S20500376D074F
S20500376E2035
S20500376F0054
S2050037701340
S20500377185CD
S2050037720948
S2050037730050
S20500377463EC
S20500377596B8
S205003776FB52
S2050037770646
S2050037781338
S2050037790B3F
S20500377A0544
S20500377B0048
S20500377C93B4
S20500377D073F
S20500377EF055
S20500377F0F35
S2050037801330
S205003781073B
S2050037820041
S2050037830040
S2050037846FD0
S205003785F04E
S2050037861F1E
S205003787ED4F
S2050037881328
S20500378989B1
S20500378A0A2F
S20500378B0038
S20500378C1324
S20500378D0B2B
S20500378E0530
S20500378F0034
S20500379093A0
S205003791072B
S205003792FA37
S2050037930729
S20500379463CC
S20500379556D8
S205003796F03D
S2050037970626
S2050037981318
S20500379977B3
S20500379A79B0
S20500379B0028
S20500379C63C4
S20500379D0A1C
S20500379E071E
S20500379F0024
S2050037A01310
S2050037A177AB
S2050037A2F928
S2050037A30020
S2050037A4938C
S2050037A50618
S2050037A640DD
S2050037A7001C
S2050037A863B8
S2050037A90416
S2050037AAD742
S2050037AB0018
S2050037AC1304
S2050037AD090D
S2050037AE49CC
S2050037AF0014
S2050037B01300
S2050037B117FB
S2050037B249C8
S2050037B30010
S2050037B463AC
S2050037B55AB4
S2050037B60706
S2050037B7000C
S2050037B8B754
S2050037B90703
S2050037BA0009
S2050037BBF810
S2050037BC9374
S2050037BD877F
S2050037BEF70E
S2050037BFFF05
S2050037C033D0
S2050037C17989
S2050037C2F908
S2050037C30000
S2050037C4936C
S2050037C507F7
S2050037C60AF3
S2050037C708F4
S2050037C813E8
S2050037C907F3
S2050037CAE019
S2050037CB0FE9
S2050037CCE314
S2050037CD40B6
S2050037CEF7FE
S2050037CFE80C
S2050037D013E0
S2050037D117DB
S2050037D26988
S2050037D300F0
S2050037D413DC
S2050037D55797
S2050037D69756
S2050037D700EC
S2050037D89358
S2050037D9F7F3
S2050037DAF7F2
S2050037DB0FD9
S2050037DC6F78
S2050037DDF0F6
S2050037DE9F46
S2050037DFE7FD
S2050037E09350
S2050037E107DB
S2050037E230B1
S2050037E300E0
S2050037E4E3FC
S2050037E58C52
S2050037E6FBE2
S2050037E7EAF2
S2050037E89348
S2050037E907D3
S2050037EA10C9
S2050037EB00D8
S2050037ECE3F4
S2050037ED9E38
S2050037EEFBDA
S2050037EFF8DC
S2050037F013C0
S2050037F10BC7
S2050037F205CC
S2050037F300D0
S2050037F4933C
S2050037F507C7
S2050037F600CD
S2050037F700CC
S2050037F813B8
S2050037F907C3
S2050037FA00C9
S2050037FB00C8
S2050037FC6F58
S2050037FDF0D6
S2050037FE9F26
S2050037FFE5DF
S205003800932F
S20500380106BB
S20500380210B0
S20500380300BF
S205003804635B
S2050038058C31
S20500380607B5
S20500380700BB
S205003808B307
S2050038098633
S20500380AF6C2
S20500380B4077
S20500380C13A3
S20500380D06AF
S20500380EB004
S20500380F01B2
S205003810931F
S20500381107AA
S20500381200B0
S20500381300AF
S205003814139B
S20500381507A6
S20500381600AC
S20500381700AB
S205003818E3C7
S2050038194E5B
S20500381AD6D2
S20500381BE2C5
S20500381C9313
S20500381D079E
S20500381EEABA
S20500381F099A
S205003820B3EF
S205003821178A
S205003822F9A7
S205003823009F
S205003824B3EB
S2050038253766
S205003826F0AC
S205003827009B
S2050038283367
S2050038295940
S20500382AD9BF
S20500382B0097
S20500382C3363
S20500382D692C
S20500382EF99B
S20500382F0093
S20500383093FF
S205003831771A
S2050038327917
S205003833008F
S205003834632B
S2050038358A03
S2050038360785
S205003837008B
S20500383893F7
S2050038397712
S20500383AF98F
S20500383B0087
S20500383C1373
S20500383D077E
S20500383E4044
S20500383F0083
S205003840631F
S20500384184FD
S205003842E799
S205003843007F
S205003844136B
S2050038450974
S2050038464933
S205003847007B
S20500384893E7
S2050038491762
S20500384A591F
S20500384B0077
S20500384C6313
S20500384DDE97
S20500384E076D
S20500384F1261
S20500385093DF
S205003851076A
S2050038521060
S205003853006F
S205003854135B
S2050038550766
S205003856006C
S205003857006B
S2050038586FFB
S205003859F079
S20500385ADF89
S20500385BDF88
S20500385CB7AF
S20500385D0461
S20500385E0163
S20500385F0063
S20500386093CF
S2050038611B46
S2050038625907
S205003863005F
S20500386493CB
S20500386584D9
S2050038660458
S205003867FE5D
S2050038682337
S2050038692C2D
S20500386A81D7
S20500386B0156
S20500386C93C3
S20500386DD97C
S20500386E0B49
S20500386F0152
S205003870B39F
S205003871F45D
S2050038729BB5
S205003873004F
S20500387463EB
S205003875F855
S2050038762A22
S2050038770D3E
S20500387893B7
S20500387985C4
S20500387A093F
S20500387B0047
S20500387C1333
S20500387D85C0
S20500387E0A3A
S20500387F0043
S205003880EF53
S2050038810041
S20500388280C0
S20500388376C9
S20500388493AB
S20500388585B8
S2050038860438
S205003887003B
S2050038881327
S2050038890930
S20500388A0533
S20500388B0037
S20500388CEF47
S20500388D0035
S20500388E0034
S20500388F73C0
S205003890131F
S2050038918CA5
S2050038920A26
S205003893002F
S205003894131B
S2050038950A23
S205003896FA32
S205003897FF2C
S2050038981317
S2050038990425
S20500389A0523
S20500389B0027
S20500389C9393
S20500389D0A1B
S20500389E0024
S20500389F0023
S2050038A0938F
S2050038A1859C
S2050038A20917
S2050038A3001F
S2050038A4130B
S2050038A50518
S2050038A60C10
S2050038A7001B
S2050038A8EF2B
S2050038A90019
S2050038AA8098
S2050038AB789F
S2050038AC9383
S2050038AD17FE
S2050038AE050F
S2050038AF0112
S2050038B0B35F
S2050038B1E72A
S2050038B257B9
S2050038B3010E
S2050038B463AB
S2050038B5FA13
S2050038B68785
S2050038B7000B
S2050038B8B357
S2050038B98782
S2050038BAFB0D
S2050038BB0007
S2050038BC13F3
S2050038BD07FE
S2050038BEF90B
S2050038BFFF04
S2050038C0639F
S2050038C1FC05
S2050038C27789
S2050038C30BF4
S2050038C413EB
S2050038C509F4
S2050038C607F5
S2050038C700FB
S2050038C833C7
S2050038C98475
S2050038CA8771
S2050038CB40B7
S2050038CC9363
S2050038CD8570
S2050038CE09EB
S2050038CF00F3
S2050038D013DF
S2050038D105EC
S2050038D204EC
S2050038D300EF
S2050038D4EFFF
S2050038D500ED
S2050038D640AC
S2050038D7717A
S2050038D89357
S2050038D98564
S2050038DA04E4
S2050038DB00E7
S2050038DC9353
S2050038DD04E1
S2050038DE05DF
S2050038DF00E3
S2050038E0EFF3
S2050038E100E1
S2050038E2C020
S2050038E36D72
S2050038E4934B
S2050038E507D6
S2050038E605D7
S2050038E700DB
S2050038E89347
S2050038E98554
S2050038EA09CF
S2050038EB00D7
S2050038EC13C3
S2050038ED05D0
S2050038EE04D0
S2050038EF00D3
S2050038F013BF
S2050038F1844D
S2050038F207C9
S2050038F300CF
S2050038F4EFDF
S2050038F500CD
S2050038F6C00C
S2050038F77358
S2050038F89337
S2050038F917B2
S2050038FA05C3
S2050038FB01C6
S2050038FC6363
S2050038FDF6CF
S2050038FE873D
S2050038FF02C1
S205003900338E
S2050039018739
S2050039027748
S20500390301BD
S205003904B30A
S2050039053686
S205003906F7C4
S20500390700BA
S20500390813A6
S2050039098632
S20500390AF4C3
S20500390BFFB7
S20500390C9322
S20500390D07AD
S20500390E07AC
S20500390F00B2
S205003910634E
S2050039119A16
S20500391206A9
S20500391300AE
S205003914634A
S2050039157834
S2050039168724
S20500391700AA
S2050039189316
S2050039198424
S20500391AE4C3
S20500391BFFA7
S20500391CB3F2
S20500391D079D
S20500391E772C
S20500391F01A1
S2050039206F32
S20500392100A0
S205003922801F
S205003923009E
S205003924930A
S2050039250498
S2050039260695
S205003927009A
S2050039281386
S205003929197F
S20500392A098E
S20500392B0195
S20500392CB3E2
S20500392D870D
S20500392E870C
S20500392F4052
S205003930335E
S2050039316927
S20500393299F6
S205003933008E
S205003934B3DA
S2050039353755
S205003936F09B
S205003937008A
S2050039380386
S2050039392C5C
S20500393A8106
S20500393B0185
S20500393C3352
S20500393D691B
S20500393EF98A
S20500393F0082
S2050039406F12
S205003941F090
S2050039421F60
S205003943E599
S205003944136A
S205003945DCA0
S2050039461A61
S205003947007A
S20500394893E6
S20500394985F3
S20500394A096E
S20500394B0076
S20500394C1362
S20500394D056F
S20500394E0C67
S20500394F0072
S205003950EF82
S2050039510070
S20500395280EF
S2050039536905
S20500395493DA
S20500395585E7
S2050039560467
S205003957006A
S2050039581356
S205003959095F
S20500395A0562
S20500395B0066
S20500395C93D2
S20500395D9ACA
S20500395EFA69
S20500395F0161
S205003960EF72
S2050039610060
S205003962C09F
S20500396365F9
S205003964134A
S2050039650458
S2050039660556
S205003967005A
S20500396893C6
S205003969DA7E
S20500396A0A4D
S20500396B0155
S20500396C6FE6
S20500396DF064
S20500396E5FF4
S20500396FF35F
S205003970133E
S20500397185CB
S205003972044B
S205003973004E
S2050039746FDE
S205003975F05C
S205003976DF6C
S205003977E763
S205003978E366
S205003979F652
S20500397A87C0
S20500397BF452
S20500397C1332
S20500397D093B
S20500397EE95A
S20500397FFF43
S205003980B38E
S20500398187B9
S20500398277C8
S205003983013D
S2050039846FCE
S205003985F04C
S2050039865FDC
S205003987F446
S2050039881326
S205003989191F
S20500398A69CE
S20500398B0036
S20500398C1322
S20500398D57DD
S20500398E999A
S20500398F0032
S205003990939E
S2050039910729
S205003992002F
S205003993002E
S2050039946FBE
S205003995F03C
S2050039961F0C
S205003997CC5E
S2050039981316
S20500399985A3
S20500399A0423
S20500399B0026
S20500399C6FB6
S20500399DF034
S20500399EDF44
S20500399FDD45
S2050039A0130E
S2050039A1011F
S2050039A2011E
S2050039A3FD21
S2050039A4938A
S2050039A557C5
S2050039A675A6
S2050039A70119
S2050039A823F6
S2050039A920F8
S2050039AA21F6
S2050039AB0313
S2050039AC23F2
S2050039AD2CE8
S2050039AE41D2
S2050039AF0111
S2050039B023EE
S2050039B126EA
S2050039B211FE
S2050039B3020C
S2050039B413FA
S2050039B51AF2
S2050039B69576
S2050039B7000A
S2050039B823E6
S2050039B924E4
S2050039BA8186
S2050039BB0204
S2050039BC23E2
S2050039BD22E2
S2050039BE9172
S2050039BF0200
S2050039C023DE
S2050039C12ED2
S2050039C231CE
S2050039C301FD
S2050039C423DA
S2050039C52AD2
S2050039C651AA
S2050039C701F9
S2050039C823D6
S2050039C928D0
S2050039CA6196
S2050039CB01F5
S2050039CC9362
S2050039CDF7FD
S2050039CEF7FC
S2050039CF0FE3
S2050039D013DE
S2050039D15A96
S2050039D29A55
S2050039D300EE
S2050039D413DA
S2050039D55993
S2050039D6F5F6
S2050039D701E9
S2050039D86386
S2050039D98662
S2050039DA07E0
S2050039DB26C0
S2050039DC13D2
S2050039DD07DD
S2050039DEF0F3
S2050039DF0FD3
S2050039E0637E
S2050039E18C54
S2050039E2E7F8
S2050039E318C6
S2050039E413CA
S2050039E51AC2
S2050039E63AA1
S2050039E700DA
S2050039E837A2
S2050039E907D1
S2050039EA00D7
S2050039EB04D2
S2050039EC33A2
S2050039ED6A6A
S2050039EEEAE9
S2050039EF00D2
S2050039F0933E
S2050039F18947
S2050039F217B8
S2050039F3F8D6
S2050039F4933A
S2050039F504C8
S2050039F600CB
S2050039F700CA
S2050039F813B6
S2050039F90BBD
S2050039FA00C7
S2050039FB00C6
S2050039FC9332
S2050039FDD7ED
S2050039FE754E
S2050039FF01C1
S205003A00932D
S205003A019A25
S205003A029529
S205003A0300BD
S205003A049329
S205003A05F7C4
S205003A06F7C3
S205003A070FAA
S205003A089325
S205003A09DADD
S205003A0A9A1C
S205003A0B00B5
S205003A0C13A1
S205003A0DD4DF
S205003A0EF5BD
S205003A0F01B0
S205003A10634D
S205003A118827
S205003A1207A7
S205003A131895
S205003A141399
S205003A1507A4
S205003A16F0BA
S205003A170F9A
S205003A186345
S205003A198027
S205003A1AE7BF
S205003A1B2085
S205003A1C9311
S205003A1D9A09
S205003A1E3A68
S205003A1F00A1
S205003A20930D
S205003A218718
S205003A221787
S205003A23F8A5
S205003A243765
S205003A250794
S205003A26009A
S205003A270495
S205003A28B3E5
S205003A29EAAD
S205003A2AEAAC
S205003A2B0095
S205003A2CB3E1
S205003A2D890A
S205003A2EF999
S205003A2F0091
S205003A3093FD
S205003A310689
S205003A32008E
S205003A33008D
S205003A3493F9
S205003A350784
S205003A36A0EA
S205003A370089
S205003A3893F5
S205003A3988FF
S205003A3A196D
S205003A3B0085
S205003A3C6321
S205003A3DCEB5
S205003A3E97EB
S205003A3F166B
S205003A40334D
S205003A41453A
S205003A4289F5
S205003A43007D
S205003A4493E9
S205003A450774
S205003A46205A
S205003A470079
S205003A481365
S205003A49086F
S205003A4A0571
S205003A4B0075
S205003A4C6311
S205003A4DDE95
S205003A4E97DB
S205003A4F2051
S205003A50135D
S205003A510768
S205003A52105E
S205003A53006D
S205003A543339
S205003A551754
S205003A5697D3
S205003A570069
S205003A5893D5
S205003A5977F0
S205003A5A075F
S205003A5B5312
S205003A5C6301
S205003A5D90D3
S205003A5E075B
S205003A5F164B
S205003A6093CD
S205003A6177E8
S205003A620757
S205003A632439
S205003A6463F9
S205003A659EBD
S205003A660753
S205003A672831
S205003A681345
S205003A6977E0
S205003A6A87CF
S205003A6B084D
S205003A6C63F1
S205003A6D1241
S205003A6E074B
S205003A6F2829
S205003A70B799
S205003A710E41
S205003A72014D
S205003A73004D
S205003A741339
S205003A7587C4
S205003A76FE4C
S205003A77FF4A
S205003A78B395
S205003A7977D0
S205003A7AEA5C
S205003A7B0045
S205003A7C3311
S205003A7DF74C
S205003A7EEA58
S205003A7F0041
S205003A80132D
S205003A815AE5
S205003A820A34
S205003A83013C
S205003A8493A9
S205003A85DA61
S205003A860A30
S205003A870138
S205003A881325
S205003A8985B2
S205003A8A072F
S205003A8B0035
S205003A8C93A1
S205003A8D052E
S205003A8E072B
S205003A8F0031
S205003A90EF41
S205003A91002F
S205003A92C06E
S205003A9352DB
S205003A941319
S205003A950328
S205003A960525
S205003A970029
S205003A989395
S205003A9985A2
S205003A9A0A1C
S205003A9B0025
S205003A9C1311
S205003A9D859E
S205003A9E071B
S205003A9F0021
S205003AA0EF31
S205003AA1001F
S205003AA2C05E
S205003AA351CC
S205003AA49389
S205003AA50714
S205003AA60515
S205003AA70019
S205003AA89385
S205003AA90512
S205003AAA070F
S205003AAB0015
S205003AAC1301
S205003AAD050E
S205003AAE0A08
S205003AAF0011
S205003AB0EF21
S205003AB1000F
S205003AB2C04E
S205003AB350BD
S205003AB413F9
S205003AB50EFD
S205003AB60505
S205003AB70009
S205003AB89375
S205003AB98582
S205003ABA0AFC
S205003ABB0005
S205003ABC13F1
S205003ABD05FE
S205003ABE0AF8
S205003ABF0001
S205003AC0EF11
S205003AC100FF
S205003AC2C03E
S205003AC34FAE
S205003AC413E9
S205003AC557A4
S205003AC603F7
S205003AC701F8
S205003AC8B345
S205003AC98770
S205003ACAC72F
S205003ACB01F4
S205003ACC33C1
S205003ACD07EC
S205003ACEF7FB
S205003ACF00F1
S205003AD0638D
S205003AD1747B
S205003AD2C727
S205003AD301EC
S205003AD433B9
S205003AD505E6
S205003AD6D515
S205003AD701E8
S205003AD8B731
S205003AD906E1
S205003ADA01E5
S205003ADB00E5
S205003ADC9351
S205003ADD865D
S205003ADEF6EC
S205003ADFFFE2
S205003AE0B32D
S205003AE17768
S205003AE2D707
S205003AE300DD
S205003AE49349
S205003AE59744
S205003AE607D3
S205003AE701D8
S205003AE833A5
S205003AE97364
S205003AEAD303
S205003AEB00D5
S205003AECB321
S205003AED874C
S205003AEE676B
S205003AEF00D1
S205003AF013BD
S205003AF15778
S205003AF207C7
S205003AF301CC
S205003AF413B9
S205003AF59A31
S205003AF66763
S205003AF700C9
S205003AF83395
S205003AF907C0
S205003AFAA71F
S205003AFB00C5
S205003AFC9331
S205003AFDD7EC
S205003AFEA71B
S205003AFF01C0
S205003B0013AC
S205003B0117A7
S205003B026756
S205003B0300BC
S205003B043388
S205003B053A80
S205003B064079
S205003B0701B7
S205003B083384
S205003B096A4C
S205003B0AFABB
S205003B0B00B4
S205003B0C9320
S205003B0D179B
S205003B0E476A
S205003B0F00B0
S205003B10337C
S205003B116A44
S205003B124766
S205003B1301AB
S205003B146348
S205003B15DAD0
S205003B1607A2
S205003B1700A8
S205003B189314
S205003B19574F
S205003B1A1A8B
S205003B1B00A4
S205003B1C1390
S205003B1D7A28
S205003B1E1A87
S205003B1F00A0
S205003B20336C
S205003B21EAB4
S205003B224756
S205003B23019B
S205003B249308
S205003B258911
S205003B260891
S205003B270098
S205003B289304
S205003B29870F
S205003B2AF99C
S205003B2B078D
S205003B2C6330
S205003B2D5240
S205003B2EF0A1
S205003B2F1E72
S205003B30137C
S205003B317717
S205003B327A13
S205003B33008C
S205003B346328
S205003B350A80
S205003B360782
S205003B370088
S205003B381374
S205003B39770F
S205003B3AFA8B
S205003B3B0084
S205003B3C93F0
S205003B3D067C
S205003B3E4041
S205003B3F0080
S205003B40631C
S205003B41047A
S205003B42D7A6
S205003B43007C
S205003B441368
S205003B450A70
S205003B464A2F
S205003B470078
S205003B481364
S205003B49175F
S205003B4A4A2B
S205003B4B0074
S205003B4C6310
S205003B4D5A18
S205003B4E076A
S205003B4F0070
S205003B50B7B8
S205003B510767
S205003B52006D
S205003B53F874
S205003B5493D8
S205003B5587E3
S205003B56F772
S205003B57FF69
S205003B583334
S205003B597AEC
S205003B5AFA6B
S205003B5B0064
S205003B5C93D0
S205003B5D87DB
S205003B5E0958
S205003B5F0858
S205003B60134C
S205003B610757
S205003B62E07D
S205003B630F4D
S205003B6463F8
S205003B654614
S205003B66F762
S205003B672236
S205003B681344
S205003B69173F
S205003B6A6AEB
S205003B6B0054
S205003B6C1340
S205003B6D57FB
S205003B6E97BA
S205003B6F0050
S205003B7093BC
S205003B71F757
S205003B72F756
S205003B730F3D
S205003B746FDC
S205003B75004A
S205003B76C089
S205003B770642
S205003B7863E4
S205003B791432
S205003B7A0A3B
S205003B7B162E
S205003B7C93B0
S205003B7DD76B
S205003B7E75CC
S205003B7F013F
S205003B8093AC
S205003B819AA4
S205003B8295A8
S205003B83003C
S205003B8493A8
S205003B85F743
S205003B86F742
S205003B870F29
S205003B8893A4
S205003B890432
S205003B8A80B5
S205003B8B0034
S205003B8C93A0
S205003B8D0929
S205003B8EF041
S205003B8F0F21
S205003B90131C
S205003B910B23
S205003B92200D
S205003B93002C
S205003B949398
S205003B95DA50
S205003B969A8F
S205003B970028
S205003B981314
S205003B99D452
S205003B9AF530
S205003B9B0123
S205003B9CE340
S205003B9D9C86
S205003B9E071A
S205003B9FE63A
S205003BA063BC
S205003BA19886
S205003BA20A13
S205003BA3100C
S205003BA49388
S205003BA5E436
S205003BA61405
S205003BA70018
S205003BA89384
S205003BA9070F
S205003BAAA075
S205003BAB0014
S205003BAC9380
S205003BAD060C
S205003BAE1001
S205003BAF0010
S205003BB0937C
S205003BB18886
S205003BB219F4
S205003BB3000C
S205003BB4E328
S205003BB5D634
S205003BB69772
S205003BB7E820
S205003BB813F4
S205003BB90501
S205003BBA09FC
S205003BBB0004
S205003BBC9370
S205003BBD07FB
S205003BBE20E1
S205003BBF0000
S205003BC0639C
S205003BC10CF2
S205003BC2FB02
S205003BC308F4
S205003BC49368
S205003BC507F3
S205003BC630C9
S205003BC700F8
S205003BC86394
S205003BC90CEA
S205003BCAFBFA
S205003BCB12E2
S205003BCC9360
S205003BCD07EB
S205003BCE10E1
S205003BCF00F0
S205003BD013DC
S205003BD108E6
S205003BD205E8
S205003BD300EC
S205003BD46388
S205003BD51AD0
S205003BD6FBEE
S205003BD71ACE
S205003BD89354
S205003BD907DF
S205003BDA00E5
S205003BDB00E4
S205003BDC13D0
S205003BDD07DB
S205003BDE00E1
S205003BDF00E0
S205003BE0835C
S205003BE120BE
S205003BE2C11C
S205003BE302DA
S205003BE403D8
S205003BE524B6
S205003BE68158
S205003BE702D6
S205003BE813C4
S205003BE99541
S205003BEA775E
S205003BEB01D3
S205003BEC33A0
S205003BED656D
S205003BEEE5EC
S205003BEF00D0
S205003BF0933C
S205003BF117B7
S205003BF2F8D5
S205003BF301CB
S205003BF48348
S205003BF524A6
S205003BF64188
S205003BF702C6
S205003BF803C4
S205003BF9299D
S205003BFA01C4
S205003BFB02C2
S205003BFC8340
S205003BFD2999
S205003BFEC100
S205003BFF01BF
S205003C0003BB
S205003C012A93
S205003C02813B
S205003C0301BA
S205003C048337
S205003C052A8F
S205003C064177
S205003C0701B6
S205003C0803B3
S205003C092B8A
S205003C0A01B3
S205003C0B01B2
S205003C0C337F
S205003C0D654C
S205003C0EF5BB
S205003C0F00AF
S205003C10139B
S205003C1101AC
S205003C1201AB
S205003C1303A8
S205003C146743
S205003C158029
S205003C1600A8
S205003C1700A7
S205003C181393
S205003C19871E
S205003C1AF9AB
S205003C1B0F94
S205003C1C633F
S205003C1D8A17
S205003C1E0A96
S205003C1F0A95
S205003C20930B
S205003C21E4B9
S205003C223468
S205003C23009B
S205003C249307
S205003C250693
S205003C26A0F8
S205003C270097
S205003C289303
S205003C29880D
S205003C2A098B
S205003C2B1083
S205003C2C632F
S205003C2DC0D1
S205003C2E96FA
S205003C2F147B
S205003C30335B
S205003C314845
S205003C328903
S205003C33008B
S205003C341377
S205003C350584
S205003C360880
S205003C370087
S205003C3893F3
S205003C39097C
S205003C3A077D
S205003C3B0083
S205003C3C93EF
S205003C3D067B
S205003C3E3050
S205003C3F007F
S205003C406F0F
S205003C41F08D
S205003C421F5D
S205003C43E19A
S205003C446317
S205003C451069
S205003C460A6E
S205003C470473
S205003C4893E3
S205003C490471
S205003C4A4034
S205003C4B0073
S205003C4C93DF
S205003C4D0968
S205003C4E0070
S205003C4F006F
S205003C50135B
S205003C510B62
S205003C52105C
S205003C53006B
S205003C546FFB
S205003C55F079
S205003C569FC9
S205003C57DA8D
S205003C581353
S205003C59085D
S205003C5A055F
S205003C5B0063
S205003C5C93CF
S205003C5D075A
S205003C5EF070
S205003C5F0F50
S205003C60134B
S205003C610756
S205003C62005C
S205003C63005B
S205003C646FEB
S205003C65F069
S205003C66DF79
S205003C67F760
S205003C6893C3
S205003C6984D1
S205003C6AF460
S205003C6BFF54
S205003C6C133F
S205003C6D074A
S205003C6E1040
S205003C6F004F
S205003C70E36B
S205003C7160ED
S205003C7297B5
S205003C73E06B
S205003C74E367
S205003C7582C7
S205003C76F652
S205003C77FE49
S205003C781333
S205003C798ABB
S205003C7A0A3A
S205003C7B0043
S205003C7C132F
S205003C7D8BB6
S205003C7E063A
S205003C7F003F
S205003C806FCF
S205003C81F04D
S205003C82DF5D
S205003C83F447
S205003C841327
S205003C850534
S205003C860A2E
S205003C870037
S205003C882313
S205003C89260F
S205003C8AB183
S205003C8B0033
S205003C8CEF43
S205003C8D0031
S205003C8E80B0
S205003C8F40EF
S205003C90939B
S205003C910726
S205003C92B577
S205003C93FF2C
S205003C9433F7
S205003C951A0F
S205003C96FA2E
S205003C970027
S205003C989393
S205003C99071E
S205003C9AA084
S205003C9BF82B
S205003C9C839F
S205003C9D25FC
S205003C9EC15F
S205003C9F001F
S205003CA0B36B
S205003CA18994
S205003CA2A775
S205003CA340DB
S205003CA49387
S205003CA50415
S205003CA60018
S205003CA70017
S205003CA81303
S205003CA90B0A
S205003CAA0014
S205003CAB0013
S205003CAC6FA3
S205003CADF021
S205003CAE1FF1
S205003CAFD53A
S205003CB013FB
S205003CB18588
S205003CB20A02
S205003CB3000B
S205003CB4EF1B
S205003CB50009
S205003CB60008
S205003CB73EC9
S205003CB89373
S205003CB907FE
S205003CBAB54F
S205003CBBFF04
S205003CBC33CF
S205003CBD857C
S205003CBEA957
S205003CBF40BF
S205003CC0B34B
S205003CC19A63
S205003CC2FA02
S205003CC300FB
S205003CC49367
S205003CC509F0
S205003CC6A553
S205003CC7F8FF
S205003CC89363
S205003CC906EF
S205003CCA00F4
S205003CCB00F3
S205003CCC6F83
S205003CCDF001
S205003CCE9F51
S205003CCFD619
S205003CD0935B
S205003CD1E409
S205003CD224C8
S205003CD300EB
S205003CD49357
S205003CD509E0
S205003CD607E1
S205003CD700E7
S205003CD89353
S205003CD906DF
S205003CDA20C4
S205003CDB00E3
S205003CDC6F73
S205003CDDF0F1
S205003CDE9F41
S205003CDFD50A
S205003CE0934B
S205003CE104D9
S205003CE2C01C
S205003CE300DB
S205003CE49347
S205003CE509D0
S205003CE6F0E8
S205003CE70FC8
S205003CE813C3
S205003CE90BCA
S205003CEA30A4
S205003CEB00D3
S205003CEC6F63
S205003CEDF0E1
S205003CEE1FB1
S205003CEFD1FE
S205003CF013BB
S205003CF18A43
S205003CF20AC2
S205003CF300CB
S205003CF413B7
S205003CF58B3E
S205003CF606C2
S205003CF700C7
S205003CF813B3
S205003CF905C0
S205003CFA04C0
S205003CFB00C3
S205003CFC6F53
S205003CFDF0D1
S205003CFE1FA1
S205003CFFECD3
S205003D0013AA
S205003D0108B4
S205003D0200BB
S205003D0300BA
S205003D049326
S205003D0507B1
S205003D06F0C7
S205003D070FA7
S205003D08377E
S205003D0907AD
S205003D0A4073
S205003D0B00B2
S205003D0C6F42
S205003D0DF0C0
S205003D0E5F50
S205003D0FEDC1
S205003D10931A
S205003D1106A6
S205003D12109B
S205003D1300AA
S205003D146346
S205003D158C1C
S205003D1607A0
S205003D1700A6
S205003D18B3F2
S205003D19861E
S205003D1AF6AD
S205003D1B4062
S205003D1C138E
S205003D1D069A
S205003D1EB0EF
S205003D1F019D
S205003D20930A
S205003D210795
S205003D22009B
S205003D23009A
S205003D241386
S205003D250791
S205003D260097
S205003D270096
S205003D28E3B2
S205003D294C48
S205003D2AD6BD
S205003D2BEAA8
S205003D2C137E
S205003D2D8709
S205003D2EE9A6
S205003D2F0985
S205003D30335A
S205003D311775
S205003D32EAA1
S205003D33008A
S205003D343356
S205003D353751
S205003D36E0A7
S205003D370086
S205003D38B3D2
S205003D39572D
S205003D3ADAA9
S205003D3B0082
S205003D3CB3CE
S205003D3DE799
S205003D3EE798
S205003D3F007E
S205003D40136A
S205003D41F785
S205003D427704
S205003D43007A
S205003D446316
S205003D450A6E
S205003D460770
S205003D470076
S205003D481362
S205003D49F77D
S205003D4AF77C
S205003D4B0072
S205003D4C93DE
S205003D4D066A
S205003D4E402F
S205003D4F006E
S205003D50630A
S205003D510468
S205003D52D794
S205003D53006A
S205003D5493D6
S205003D5587E1
S205003D564720
S205003D570066
S205003D581352
S205003D5997CD
S205003D5A570C
S205003D5B0062
S205003D5C63FE
S205003D5D5010
S205003D5E0758
S205003D5F045A
S205003D6093CA
S205003D610755
S205003D62104B
S205003D63005A
S205003D641346
S205003D650751
S205003D660057
S205003D670056
S205003D686FE6
S205003D69F064
S205003D6A9FB4
S205003D6BE76B
S205003D6C93BE
S205003D6D064A
S205003D6EF05F
S205003D6F004E
S205003D70133A
S205003D710844
S205003D72004B
S205003D73004A
S205003D743712
S205003D750741
S205003D764007
S205003D770046
S205003D781332
S205003D798ABA
S205003D7A0A39
S205003D7B0042
S205003D7C132E
S205003D7D0B35
S205003D7E300F
S205003D7F003E
S205003D80E35A
S205003D8180BC
S205003D82D467
S205003D83E654
S205003D846FCA
S205003D85F048
S205003D865FD8
S205003D87F73F
S205003D8893A2
S205003D8989AB
S205003D8A082B
S205003D8B0032
S205003D8C6FC2
S205003D8DF040
S205003D8EDF50
S205003D8FD955
S205003D90939A
S205003D910725
S205003D92F03B
S205003D930F1B
S205003D941316
S205003D950721
S205003D960027
S205003D970026
S205003D986FB6
S205003D99F034
S205003D9A9F84
S205003D9BE43E
S205003D9C938E
S205003D9D9789
S205003D9E67B8
S205003D9F001E
S205003DA0130A
S205003DA1D745
S205003DA29784
S205003DA3001A
S205003DA49386
S205003DA50711
S205003DA60017
S205003DA70016
S205003DA86FA6
S205003DA9F024
S205003DAA9F74
S205003DABE32F
S205003DAC13FE
S205003DAD010F
S205003DAE010E
S205003DAFFF0F
S205003DB023EA
S205003DB126E6
S205003DB211FA
S205003DB3000A
S205003DB423E6
S205003DB524E4
S205003DB68186
S205003DB70006
S205003DB823E2
S205003DB922E2
S205003DBA9172
S205003DBB0002
S205003DBC639E
S205003DBD08F8
S205003DBE05FA
S205003DBF04FA
S205003DC013EA
S205003DC157A5
S205003DC2F506
S205003DC341B9
S205003DC433C6
S205003DC544B4
S205003DC6A750
S205003DC700F6
S205003DC833C2
S205003DC904F0
S205003DCAE40F
S205003DCB40B2
S205003DCC935E
S205003DCD07E9
S205003DCE05EA
S205003DCF00EE
S205003DD013DA
S205003DD105E7
S205003DD204E7
S205003DD300EA
S205003DD49356
S205003DD5D414
S205003DD6F7F0
S205003DD701E5
S205003DD8EFF6
S205003DD900E4
S205003DDAC023
S205003DDB2BB7
S205003DDC934E
S205003DDD07D9
S205003DDEE0FF
S205003DDF09D5
S205003DE0B32A
S205003DE18755
S205003DE2A734
S205003DE3409A
S205003DE413C6
S205003DE507D1
S205003DE66077
S205003DE709CD
S205003DE86372
S205003DE94A8A
S205003DEAF7DC
S205003DEB04CE
S205003DEC13BE
S205003DED07C9
S205003DEE804F
S205003DEF00CE
S205003DF0636A
S205003DF102CA
S205003DF2E5E6
S205003DF30CBE
S205003DF413B6
S205003DF505C3
S205003DF68542
S205003DF7FFC7
S205003DF83392
S205003DF914B0
S205003DFAA41F
S205003DFB00C2
S205003DFC13AE
S205003DFD14AC
S205003DFE942B
S205003DFF00BE
S205003E0013A9
S205003E015467
S205003E029426
S205003E0300B9
S205003E049325
S205003E05F7C0
S205003E06F7BF
S205003E070FA6
S205003E086F45
S205003E0900B3
S205003E0A00B2
S205003E0B01B0
S205003E0C931D
S205003E0D04AB
S205003E0E00AE
S205003E0F00AD
S205003E109319
S205003E1107A4
S205003E1200AA
S205003E1300A9
S205003E141395
S205003E1504A3
S205003E1600A6
S205003E1700A5
S205003E189311
S205003E19970C
S205003E1A772B
S205003E1B01A0
S205003E1C831D
S205003E1D207F
S205003E1EC1DD
S205003E1F009D
S205003E20B3E9
S205003E21E7B4
S205003E228713
S205003E230099
S205003E240395
S205003E252473
S205003E268115
S205003E270095
S205003E281381
S205003E2995FE
S205003E2AF49E
S205003E2B0190
S205003E2C335D
S205003E2DE5AA
S205003E2EA7E7
S205003E2F008D
S205003E308309
S205003E312467
S205003E324149
S205003E330089
S205003E341375
S205003E350186
S205003E360185
S205003E370184
S205003E38671D
S205003E398003
S205003E3A0082
S205003E3B0081
S205003E3C136D
S205003E3D0778
S205003E3E90EE
S205003E3F0974
S205003E406319
S205003E414A31
S205003E42F783
S205003E430475
S205003E441365
S205003E450770
S205003E46B5C1
S205003E47FF76
S205003E483341
S205003E49175C
S205003E4AE48E
S205003E4B0071
S205003E4CB7B9
S205003E4D0669
S205003E4E006E
S205003E4FFC71
S205003E5093D9
S205003E5186E5
S205003E52F674
S205003E53FF6A
S205003E541355
S205003E5576F1
S205003E5677EF
S205003E570065
S205003E583331
S205003E5974EF
S205003E5AD78B
S205003E5B0061
S205003E5C63FD
S205003E5D045B
S205003E5E0658
S205003E5F025B
S205003E601349
S205003E6177E4
S205003E62F763
S205003E630059
S205003E641345
S205003E650651
S205003E664016
S205003E670055
S205003E6863F1
S205003E690E45
S205003E6AC78B
S205003E6B0051
S205003E6C133D
S205003E6D044B
S205003E6E440A
S205003E6F004D
S205003E701339
S205003E711734
S205003E7254F6
S205003E730049
S205003E7463E5
S205003E7558EF
S205003E76073F
S205003E770045
S205003E7893B1
S205003E79073C
S205003E7AF052
S205003E7B0938
S205003E7C330D
S205003E7D74CB
S205003E7ED46A
S205003E7F003D
S205003E80B389
S205003E8187B4
S205003E82A793
S205003E8340F9
S205003E841325
S205003E851423
S205003E8664D2
S205003E870035
S205003E881321
S205003E8954DF
S205003E8A949E
S205003E8B0031
S205003E8C939D
S205003E8DF738
S205003E8EF737
S205003E8F0F1E
S205003E906FBD
S205003E91F03B
S205003E929F8B
S205003E93F831
S205003E941315
S205003E950720
S205003E96B571
S205003E970124
S205003E989391
S205003E99061D
S205003E9A50D2
S205003E9B0021
S205003E9C33ED
S205003E9D1708
S205003E9EE43A
S205003E9F001D
S205003EA0B369
S205003EA18695
S205003EA2A674
S205003EA340D9
S205003EA433E5
S205003EA554C3
S205003EA6D442
S205003EA70015
S205003EA833E1
S205003EA937DC
S205003EAAE032
S205003EAB0011
S205003EAC33DD
S205003EAD67A8
S205003EAEE42A
S205003EAF000D
S205003EB06F9D
S205003EB1F01B
S205003EB2DF2B
S205003EB3F910
S205003EB413F5
S205003EB514F3
S205003EB69472
S205003EB70005
S205003EB813F1
S205003EB954AF
S205003EBA946E
S205003EBB0001
S205003EBC936D
S205003EBD07F8
S205003EBE609E
S205003EBF09F4
S205003EC06F8D
S205003EC1F00B
S205003EC29F5B
S205003EC3F504
S205003EC49365
S205003EC557A0
S205003EC67581
S205003EC701F4
S205003EC89361
S205003EC9F7FC
S205003ECAF7FB
S205003ECB0FE2
S205003ECC13DD
S205003ECD01EE
S205003ECE01ED
S205003ECFFFEE
S205003ED013D9
S205003ED18764
S205003ED217D3
S205003ED300E9
S205003ED423C5
S205003ED524C3
S205003ED68165
S205003ED700E5
S205003ED823C1
S205003ED922C1
S205003EDA9151
S205003EDB00E1
S205003EDC23BD
S205003EDD26B9
S205003EDE11CD
S205003EDF00DD
S205003EE09349
S205003EE114C7
S205003EE29545
S205003EE300D9
S205003EE413C5
S205003EE57760
S205003EE6E7EF
S205003EE70FC6
S205003EE89341
S205003EE9D4FF
S205003EEA943E
S205003EEB00D1
S205003EEC13BD
S205003EED547B
S205003EEEF5D9
S205003EEF01CC
S205003EF06369
S205003EF10EBD
S205003EF207C3
S205003EF302C7
S205003EF413B5
S205003EF5D7F0
S205003EF63492
S205003EF700C5
S205003EF89331
S205003EF9873C
S205003EFA07BB
S205003EFB3889
S205003EFC932D
S205003EFD942B
S205003EFED4EA
S205003EFF01BC
S205003F0013A8
S205003F0115A5
S205003F02F4C5
S205003F0301B7
S205003F048334
S205003F052096
S205003F06C1F4
S205003F0700B4
S205003F0803B0
S205003F09248E
S205003F0A8130
S205003F0B00B0
S205003F0C931C
S205003F0D9717
S205003F0E4766
S205003F0F01AB
S205003F10B3F8
S205003F11E7C3
S205003F12E7C2
S205003F1300A8
S205003F14B3F4
S205003F15E7BF
S205003F16A7FE
S205003F1700A4
S205003F189310
S205003F19851D
S205003F1A079A
S205003F1B00A0
S205003F1C138C
S205003F1D8519
S205003F1E0499
S205003F1F009C
S205003F208318
S205003F212476
S205003F224158
S205003F230098
S205003F241384
S205003F250195
S205003F260194
S205003F270193
S205003F28672C
S205003F298012
S205003F2A0091
S205003F2B0090
S205003F2C632C
S205003F2D92FC
S205003F2E0786
S205003F2F0488
S205003F306328
S205003F318208
S205003F320485
S205003F330682
S205003F341374
S205003F358501
S205003F360481
S205003F370084
S205003F38EF94
S205003F390082
S205003F3AC0C1
S205003F3B156B
S205003F3C93EC
S205003F3D0777
S205003F3EA0DD
S205003F3F007C
S205003F406318
S205003F41C6B4
S205003F42A7D2
S205003F430672
S205003F441364
S205003F45076F
S205003F46B0C5
S205003F470074
S205003F483340
S205003F49076B
S205003F4AA7CA
S205003F4B4030
S205003F4C93DC
S205003F4D0767
S205003F4E5518
S205003F4F016B
S205003F503338
S205003F51D793
S205003F52E485
S205003F530068
S205003F54B3B4
S205003F5594D2
S205003F56F471
S205003F570064
S205003F5893D0
S205003F59075B
S205003F5A90D1
S205003F5B3828
S205003F5C134C
S205003F5D1747
S205003F5EC796
S205003F5F005C
S205003F60B3A8
S205003F6187D3
S205003F62A7B2
S205003F634018
S205003F641344
S205003F6557FF
S205003F66C78E
S205003F670054
S205003F6893C0
S205003F69F75B
S205003F6AF75A
S205003F6B7FD1
S205003F6C6FE0
S205003F6DF05E
S205003F6E5FEE
S205003F6FF953
S205003F7063E8
S205003F7188C2
S205003F720445
S205003F730246
S205003F741334
S205003F75D76F
S205003F763411
S205003F770044
S205003F78B78C
S205003F79073B
S205003F7A0839
S205003F7B0040
S205003F7C330C
S205003F7D67D7
S205003F7EF746
S205003F7F003C
S205003F801328
S205003F811723
S205003F82C772
S205003F830038
S205003F8493A4
S205003F8594A2
S205003F86D461
S205003F870133
S205003F881320
S205003F8957DB
S205003F8AC76A
S205003F8B0030
S205003F8C939C
S205003F8D0727
S205003F8EF03D
S205003F8F7FAD
S205003F906FBC
S205003F91F03A
S205003F921F0A
S205003F93F731
S205003F949394
S205003F95071F
S205003F960025
S205003F970024
S205003F981310
S205003F99071B
S205003F9A0021
S205003F9B0020
S205003F9C6FB0
S205003F9DF02E
S205003F9E5FBE
S205003F9FF626
S205003FA09388
S205003FA10713
S205003FA2F029
S205003FA37F99
S205003FA41304
S205003FA5070F
S205003FA60015
S205003FA70014
S205003FA86FA4
S205003FA9F022
S205003FAA9F72
S205003FABF51B
S205003FAC13FC
S205003FAD0707
S205003FAE55B8
S205003FAFFF0D
S205003FB033D8
S205003FB19773
S205003FB2E425
S205003FB30008
S205003FB49374
S205003FB50402
S205003FB60005
S205003FB70004
S205003FB86F94
S205003FB9F012
S205003FBA1FE2
S205003FBBFA06
S205003FBC13EC
S205003FBD06F8
S205003FBE05F8
S205003FBF00FC
S205003FC013E8
S205003FC105F5
S205003FC200F9
S205003FC300F8
S205003FC49364
S205003FC5F600
S205003FC615E0
S205003FC700F4
S205003FC86390
S205003FC9846E
S205003FCA06EB
S205003FCB00F0
S205003FCC33BC
S205003FCD05E9
S205003FCEC528
S205003FCF00EC
S205003FD09358
S205003FD1D515
S205003FD215D4
S205003FD300E8
S205003FD413D4
S205003FD516D0
S205003FD616CF
S205003FD700E4
S205003FD8E300
S205003FD9964C
S205003FDA05DC
S205003FDBFEE2
S205003FDC6778
S205003FDD805E
S205003FDE00DD
S205003FDF00DC
S205003FE06378
S205003FE1409A
S205003FE205D4
S205003FE306D2
S205003FE46374
S205003FE5C610
S205003FE605D0
S205003FE706CE
S205003FE813C0
S205003FE9864C
S205003FEA05CC
S205003FEB00D0
S205003FEC933C
S205003FED05C9
S205003FEE05C8
S205003FEF00CC
S205003FF013B8
S205003FF105C5
S205003FF2F0D9
S205003FF3FFC9
S205003FF46364
S205003FF50CBA
S205003FF606BF
S205003FF702C2
S205003FF89330
S205003FF906BC
S205003FFA10B1
S205003FFB00C0
S205003FFC635C
S205003FFD7A44
S205003FFEB607
S205003FFF00BC
S2050040006357
S2050040015861
S205004002C0F8
S20500400300B7
S20500400413A3
S205004005169F
S205004006169E
S20500400700B3
S205004008931F
S205004009961B
S20500400A169A
S20500400B00AF
S20500400CE3CB
S20500400D6A43
S20500400EB6F6
S20500400FFEAD
S2050040101397
S20500401105A4
S20500401200A8
S20500401300A7
S2050040146343
S205004015E6BF
S205004016C5DF
S20500401700A3
S205004018B3EF
S205004019851C
S20500401AC5DB
S20500401B405F
S20500401C336B
S20500401D6538
S20500401ED5C7
S20500401F009B
S2050040209307
S205004021D6C3
S2050040221682
S2050040230097
S2050040241383
S205004025563F
S205004026167E
S2050040270093
S205004028E3AF
S20500402996FB
S20500402A068A
S20500402BFE91
S20500402C6727
S20500402D800D
S20500402E008C
S20500402F008B
S20500403093F7
S2050040318207
S2050040320088
S2050040330087
S205004034EF97
S205004035F095
S2050040365F25
S205004037FB88
S205004038136F
S20500403985FC
S20500403A057B
S20500403B007F
S20500403C6717
S20500403D80FD
S20500403E027A
S20500403F007B
S2050040403347
S2050040410574
S205004042A0D8
S2050040434037
S2050040446313
S205004045482D
S205004046B0C4
S2050040470073
S205004048B3BF
S205004049056C
S20500404AB0C0
S20500404B402F
S20500404C6FFF
S20500404DF07D
S20500404EDF8D
S20500404FF972
S205004050B3B7
S2050040510564
S205004052B0B8
S2050040534027
S20500405493D3
S20500405582E3
S2050040560064
S2050040570063
S205004058EF73
S205004059F071
S20500405A1F41
S20500405BF966
S20500405C332B
S20500405D0558
S20500405EA0BC
S20500405F401B
S20500406067F3
S20500406180D9
S2050040620256
S2050040630057
S20500406493C3
S20500406582D3
S2050040660054
S2050040670053
S20500406863EF
S205004069CA87
S20500406A054B
S20500406B004F
S20500406C63EB
S20500406D4C01
S20500406E0547
S20500406F004B
S205004070EF5B
S205004071F059
S2050040729FA9
S205004073F750
S2050040741333
S20500407585C0
S205004076053F
S2050040770043
S20500407867DB
S20500407980C1
S20500407A023E
S20500407B003F
S20500407CB38B
S20500407D0538
S20500407EB08C
S20500407F40FB
S205004080E357
S20500408158E1
S2050040820533
S205004083FE39
S2050040843303
S2050040850530
S205004086A094
S20500408740F3
S205004088EF43
S205004089F041
S20500408A1F11
S20500408BF639
S20500408C33FB
S20500408D0528
S20500408EB07C
S20500408F40EB
S20500409067C3
S20500409180A9
S2050040920226
S2050040930027
S205004094B76F
S205004095071E
S2050040960123
S2050040970023
S20500409863BF
S2050040997AA7
S20500409AF52B
S20500409B021D
S20500409C130B
S20500409D37E6
S20500409E0517
S20500409F100B
S2050040A01307
S2050040A137E2
S2050040A21701
S2050040A30017
S2050040A41303
S2050040A517FE
S2050040A637DD
S2050040A70013
S2050040A8B75B
S2050040A9070A
S2050040AA1000
S2050040AB000F
S2050040AC33DB
S2050040AD55B8
S2050040AEE527
S2050040AF000B
S2050040B09377
S2050040B18782
S2050040B28781
S2050040B30EF9
S2050040B4B353
S2050040B5877E
S2050040B6A75D
S2050040B70003
S2050040B803FF
S2050040B9C53C
S2050040BA07F9
S2050040BB00FF
S2050040BC936B
S2050040BD06F7
S2050040BE00FC
S2050040BF02F9
S2050040C0B347
S2050040C18673
S2050040C2E612
S2050040C340B7
S2050040C433C3
S2050040C58570
S2050040C6A64E
S2050040C740B3
S2050040C8678B
S2050040C98071
S2050040CA00F0
S2050040CB00EF
S2050040CCB737
S2050040CD07E6
S2050040CE00EC
S2050040CF01EA
S2050040D06387
S2050040D17475
S2050040D2F5F3
S2050040D302E5
S2050040D413D3
S2050040D507DE
S2050040D600E4
S2050040D701E2
S2050040D8B72B
S2050040D907DA
S2050040DA10D0
S2050040DB00DF
S2050040DC33AB
S2050040DD5588
S2050040DEE5F7
S2050040DF00DB
S2050040E09347
S2050040E18752
S2050040E28751
S2050040E30EC9
S2050040E4B323
S2050040E5874E
S2050040E6A72D
S2050040E700D3
S2050040E803CF
S2050040E9C50C
S2050040EA07C9
S2050040EB00CF
S2050040EC933B
S2050040ED06C7
S2050040EE00CC
S2050040EF01CA
S2050040F03397
S2050040F18544
S2050040F2A622
S2050040F34087
S2050040F4675F
S2050040F58045
S2050040F600C4
S2050040F700C3
S2050040F813AF
S2050040F907BA
S2050040FA8040
S2050040FB01BE
S2050040FCB707
S2050040FD07B6
S2050040FE10AC
S2050040FF00BB
S2050041003386
S2050041015563
S205004102E5D2
S20500410300B6
S2050041049322
S205004105872D
S205004106872C
S2050041070EA4
S205004108B3FE
S2050041098729
S20500410AA708
S20500410B00AE
S20500410C03AA
S20500410DC5E7
S20500410E07A4
S20500410F00AA
S2050041109316
S20500411106A2
S2050041128027
S20500411300A6
S2050041143372
S205004115851F
S205004116A6FD
S2050041174062
S205004118673A
S2050041198020
S20500411A009F
S20500411B009E
S20500411C138A
S20500411D019B
S20500411E019A
S20500411FFF9B
S2050041202376
S2050041212474
S2050041228116
S2050041230096
S2050041242372
S2050041252074
S2050041262172
S2050041270191
S20500412897FA
S205004129C7C9
S20500412A0F80
S20500412B008E
S20500412C93FA
S20500412D8705
S20500412E8704
S20500412FED9D
S2050041301772
S205004131C4C4
S2050041320F78
S2050041330086
S2050041341372
S2050041350480
S205004136047F
S205004137ED95
S205004138235E
S205004139265A
S20500413A116E
S20500413B007E
S20500413C235A
S20500413D225A
S20500413E91EA
S20500413F007A
S2050041403346
S20500414189EF
S20500414287F0
S2050041434036
S2050041446312
S20500414580F4
S20500414687EC
S2050041470270
S205004148135E
S2050041495917
S20500414A2946
S20500414B402E
S20500414C93DA
S20500414D0468
S20500414E006B
S20500414F006A
S20500415083E6
S2050041512741
S2050041520463
S2050041530066
S20500415493D2
S20500415584E0
S205004156144F
S2050041570062
S205004158134E
S205004159045C
S20500415A441B
S20500415B005E
S20500415CE776
S20500415D80DC
S20500415E0754
S20500415F005A
S205004160E376
S205004161E870
S2050041622433
S205004163FF57
S20500416497BE
S205004165C78D
S2050041660F44
S2050041670052
S20500416893BE
S20500416987C9
S20500416AC788
S20500416BE965
S20500416C1736
S20500416DC488
S20500416E0F3C
S20500416F004A
S2050041701336
S2050041710444
S2050041724403
S205004173E95D
S2050041743312
S20500417589BB
S20500417687BC
S2050041774002
S205004178132E
S20500417959E7
S20500417A2916
S20500417B40FE
S20500417C63DA
S20500417D8EAE
S20500417E87B4
S20500417F003A
S20500418093A6
S2050041810434
S2050041820037
S2050041830036
S20500418483B2
S205004185270D
S205004186042F
S2050041870032
S205004188939E
S20500418984AC
S20500418A141B
S20500418B002E
S20500418C131A
S20500418D0428
S20500418E44E7
S20500418F002A
S205004190E742
S20500419180A8
S2050041920720
S2050041930026
S205004194E342
S205004195E83C
S20500419624FF
S205004197FF23
S205004198839E
S2050041992000
S20500419AC15E
S20500419B001E
S20500419C031A
S20500419D24F8
S20500419E819A
S20500419F001A
S2050041A08396
S2050041A124F4
S2050041A241D6
S2050041A30016
S2050041A40312
S2050041A529EB
S2050041A60112
S2050041A70012
S2050041A813FE
S2050041A9010F
S2050041AA010E
S2050041AB010D
S2050041AC67A6
S2050041AD808C
S2050041AE000B
S2050041AF000A
S2050041B063A6
S2050041B1F612
S2050041B2A562
S2050041B30204
S2050041B433D2
S2050041B5877D
S2050041B6C53E
S2050041B70002
S2050041B8639E
S2050041B9728E
S2050041BAE51A
S2050041BB02FC
S2050041BCB34A
S2050041BD07F5
S2050041BEC536
S2050041BF00FA
S2050041C06396
S2050041C106F2
S2050041C206F1
S2050041C304F2
S2050041C48372
S2050041C546AE
S2050041C6F7FC
S2050041C7FFF3
S2050041C8935E
S2050041C98769
S2050041CAF7F8
S2050041CBFFEF
S2050041CC13DA
S2050041CD07E5
S2050041CEF7F4
S2050041CFFFEB
S2050041D023C6
S2050041D18068
S2050041D2D710
S2050041D300E6
S2050041D4E302
S2050041D518CC
S2050041D6F5EE
S2050041D7FEE4
S2050041D8677A
S2050041D98060
S2050041DA00DF
S2050041DB00DE
S2050041DC934A
S2050041DD07D5
S2050041DEF0EB
S2050041DF00DA
S2050041E06376
S2050041E1E8F0
S2050041E2C710
S2050041E302D4
S2050041E49342
S2050041E507CD
S2050041E605CE
S2050041E700D2
S2050041E8933E
S2050041E906CA
S2050041EAF6D9
S2050041EBFFCF
S2050041EC636A
S2050041ED02CA
S2050041EE06C5
S2050041EF0CBE
S2050041F09336
S2050041F18642
S2050041F216B1
S2050041F300C6
S2050041F4B312
S2050041F5863E
S2050041F6D7EC
S2050041F700C2
S2050041F803BE
S2050041F9C7F9
S2050041FA05BA
S2050041FB00BE
S2050041FC932A
S2050041FD8735
S2050041FE17A4
S2050041FF00BA
S2050042009325
S2050042018532
S20500420215A1
S20500420300B5
S205004204A311
S2050042058F24
S205004206E7CB
S205004207FEB3
S205004208E3CD
S2050042099817
S20500420AD7D7
S20500420BFEAF
S20500420C6745
S20500420D802B
S20500420E00AA
S20500420F00A9
S205004210B3F5
S2050042116740
S205004212B5F1
S20500421300A5
S2050042149311
S205004215F7AC
S205004216376B
S20500421700A1
S205004218633D
S2050042199609
S20500421A0797
S20500421B0895
S20500421C9309
S20500421D0893
S20500421E0694
S20500421FFF9A
S2050042209305
S205004221F89F
S205004222088E
S205004223FF96
S2050042249301
S205004225880B
S205004226088A
S2050042270190
S205004228B3DD
S2050042290689
S20500422A1579
S20500422B018C
S20500422C1379
S20500422D8704
S20500422E0585
S20500422F0089
S20500423093F5
S2050042310780
S2050042320581
S2050042330085
S2050042340381
S205004235285B
S205004236077B
S2050042370081
S205004238136D
S2050042390778
S20500423A0777
S20500423B017C
S20500423C93E9
S20500423D87F4
S20500423E0773
S20500423F0178
S2050042402355
S205004241A8CF
S205004242076F
S205004243FF76
S2050042440371
S205004245284B
S205004246472B
S205004247FF72
S205004248234D
S205004249AAC5
S20500424A0767
S20500424BFF6E
S20500424C0369
S20500424D2843
S20500424E87E3
S20500424FFF6A
S2050042502345
S205004251ACBB
S205004252075F
S205004253FF66
S2050042540361
S205004255283B
S205004256C79B
S205004257FF62
S205004258233D
S205004259AEB1
S20500425A0757
S20500425BFF5E
S20500425CE379
S20500425D9CBF
S20500425ED783
S20500425FFC5D
S2050042601345
S20500426178DF
S205004262C690
S2050042630055
S205004264B3A1
S20500426585CE
S205004266153D
S2050042670150
S205004268133D
S20500426977D8
S20500426AF658
S20500426B004D
S20500426C63E9
S20500426D0447
S20500426E0842
S20500426F0445
S2050042701335
S205004271083F
S205004272C77F
S205004273FF46
S2050042741331
S20500427578CB
S205004276C87A
S205004277FF42
S205004278132D
S2050042790837
S20500427A48F6
S20500427B003D
S20500427CB389
S20500427D87B4
S20500427E0634
S20500427F0138
S2050042801325
S20500428187B0
S2050042820531
S2050042830035
S20500428483B1
S205004285280B
S205004286072B
S2050042870031
S205004288939D
S20500428986A9
S20500428A46E8
S20500428B002D
S20500428C1319
S20500428D0724
S20500428E47E3
S20500428F0029
S2050042902305
S205004291AE79
S2050042921610
S205004293FF26
S205004294E341
S205004295988B
S205004296F62C
S205004297FE23
S205004298130D
S20500429976A9
S20500429A36E8
S20500429B001D
S20500429CB369
S20500429D8596
S20500429E0515
S20500429F0118
S2050042A06FA9
S2050042A1F027
S2050042A29F77
S2050042A3F421
S2050042A49381
S2050042A5060D
S2050042A6F61C
S2050042A7FF12
S2050042A8937D
S2050042A90708
S2050042AA0509
S2050042AB000D
S2050042AC6F9D
S2050042ADF01B
S2050042AE5FAB
S2050042AFF415
S2050042B067A1
S2050042B18087
S2050042B20006
S2050042B30005
S2050042B413F1
S2050042B506FD
S2050042B607FB
S2050042B70001
S2050042B86F91
S2050042B9F00F
S2050042BA1FDF
S2050042BBF30A
S2050042BC13E9
S2050042BD03F8
S2050042BEF00A
S2050042BF00F9
S2050042C013E5
S2050042C107F0
S2050042C205F1
S2050042C300F5
S2050042C46391
S2050042C57E75
S2050042C6C32F
S2050042C702EF
S2050042C8935D
S2050042C97778
S2050042CAF7F7
S2050042CB00ED
S2050042CC6389
S2050042CD905B
S2050042CE07E3
S2050042CF0ADF
S2050042D06385
S2050042D19255
S2050042D205E1
S2050042D308DD
S2050042D49351
S2050042D5766D
S2050042D606DC
S2050042D7FFE2
S2050042D813CD
S2050042D97669
S2050042DAF6E8
S2050042DB00DD
S2050042DCB329
S2050042DD8655
S2050042DEE6F4
S2050042DF00D9
S2050042E023B5
S2050042E120B7
S2050042E2B71F
S2050042E300D5
S2050042E423B1
S2050042E522B1
S2050042E6B71B
S2050042E700D1
S2050042E823AD
S2050042E924AB
S2050042EAB717
S2050042EB00CD
S2050042EC23A9
S2050042ED26A5
S2050042EEB713
S2050042EF00C9
S2050042F013B5
S2050042F107C0
S2050042F207BF
S2050042F301C4
S2050042F4E3E1
S2050042F5665D
S2050042F6D7EB
S2050042F7FEC3
S2050042F8635D
S2050042F914AB
S2050042FA06B8
S2050042FB00BD
S2050042FC6755
S2050042FD803B
S2050042FE00BA
S2050042FF00B9
S205004300B304
S20500430106B0
S205004302C3F2
S2050043034074
S2050043049320
S205004305961C
S205004306268B
S20500430700B0
S2050043089718
S20500430902AC
S20500430A00AD
S20500430B00AC
S20500430CB3F8
S20500430D8624
S20500430E5653
S20500430F00A8
S2050043106740
S2050043118026
S205004312C6DF
S20500431300A4
S2050043142380
S205004315079B
S205004316B7EA
S20500431700A0
S205004318A3FC
S2050043190698
S20500431AB7E6
S20500431B009C
S20500431C2378
S20500431D0694
S20500431EB7E2
S20500431F0098
S205004320A3F4
S2050043210591
S205004322B7DE
S2050043230094
S2050043242370
S205004325058D
S205004326B7DA
S2050043270090
S205004328A3EC
S205004329048A
S20500432AB7D6
S20500432B008C
S20500432C2368
S20500432D0486
S20500432EB7D2
S20500432F0088
S205004330A3E4
S2050043310383
S205004332B7CE
S2050043330084
S2050043342360
S205004335037F
S205004336B7CA
S2050043370080
S205004338A3DC
S205004339027C
S20500433AB7C6
S20500433B007C
S20500433C2358
S20500433D0278
S20500433EB7C2
S20500433F0078
S205004340A3D4
S2050043410175
S205004342B7BE
S2050043430074
S2050043442350
S2050043450171
S205004346B7BA
S2050043470070
S205004348A3CC
S205004349006E
S20500434AB7B6
S20500434B006C
S20500434C2348
S20500434D006A
S20500434EB7B2
S20500434F0068
S2050043506700
S20500435180E6
S2050043520065
S2050043530064
S20500435493D0
S205004355F56D
S205004356F56C
S2050043570F51
S20500435893CC
S20500435996C8
S20500435A85D8
S20500435B005C
S20500435CB3A8
S20500435DE575
S20500435ED584
S20500435F0058
S20500436093C4
S20500436196C0
S2050043620550
S2050043630153
S205004364B3A0
S205004365E56D
S205004366D57C
S2050043670050
S2050043686FE0
S205004369F05E
S20500436ADF6E
S20500436BF656
S20500436C93B8
S20500436D96B4
S20500436E2722
S20500436F0048
S20500437097B0
S2050043710244
S2050043720045
S2050043730044
S205004374B390
S20500437586BC
S20500437656EB
S2050043770040
S20500437893AC
S20500437982BC
S20500437A003D
S20500437B003C
S20500437CE754
S20500437D80BA
S20500437E0633
S20500437FFA3E
S20500438093A4
S20500438180B6
S2050043820233
S2050043830034
S20500438493A0
S20500438587AB
S205004386072A
S205004387FF31
S20500438833FC
S2050043890727
S20500438AF736
S20500438B40EC
S20500438C33F8
S20500438D0624
S20500438EF633
S20500438F0028
S205004390E344
S20500439178AE
S205004392C362
S205004393F62E
S2050043946FB4
S205004395F032
S205004396DF42
S205004397F32D
S205004398B36C
S205004399C757
S20500439AA578
S20500439B001C
S20500439C9388
S20500439DF723
S20500439E37E2
S20500439F0018
S2050043A0B364
S2050043A1080E
S2050043A2C550
S2050043A30014
S2050043A463B0
S2050043A5947E
S2050043A6070A
S2050043A7060A
S2050043A8937C
S2050043A90707
S2050043AA30DD
S2050043AB000C
S2050043AC63A8
S2050043ADF01A
S2050043AEC742
S2050043AF0602
S2050043B09374
S2050043B1778F
S2050043B235D0
S2050043B30004
S2050043B413F0
S2050043B507FB
S2050043B605FC
S2050043B70000
S2050043B8639C
S2050043B99A64
S2050043BA07F6
S2050043BB06F6
S2050043BC13E8
S2050043BDF604
S2050043BEC831
S2050043BFFFF9
S2050043C0B344
S2050043C106F0
S2050043C2E60F
S2050043C340B4
S2050043C49360
S2050043C507EB
S2050043C600F1
S2050043C702EE
S2050043C8638C
S2050043C9CE20
S2050043CAD716
S2050043CB08E4
S2050043CC9358
S2050043CD8664
S2050043CE05E4
S2050043CF00E8
S2050043D09354
S2050043D107DF
S2050043D207DE
S2050043D300E4
S2050043D46380
S2050043D5786A
S2050043D6C71A
S2050043D702DE
S2050043D803DC
S2050043D9A836
S2050043DA06D7
S2050043DB00DC
S2050043DC9348
S2050043DD8753
S2050043DE4792
S2050043DF00D8
S2050043E09344
S2050043E18650
S2050043E2468F
S2050043E300D4
S2050043E423B0
S2050043E5AE24
S2050043E607CA
S2050043E7FFD1
S2050043E8E3EC
S2050043E9E8E6
S2050043EAC706
S2050043EBFECE
S2050043EC9338
S2050043ED07C3
S2050043EEF6D3
S2050043EFFFC9
S2050043F0B314
S2050043F1873F
S2050043F2E7DE
S2050043F34084
S2050043F49330
S2050043F5F7CB
S2050043F6C7FA
S2050043F7FFC1
S2050043F8932C
S2050043F98737
S2050043FA4776
S2050043FB00BC
S2050043FC3388
S2050043FD07B3
S2050043FEF7C2
S2050043FF00B8
S205004400B303
S2050044018530
S205004402F5BF
S20500440300B3
S205004404634F
S2050044056849
S2050044061799
S20500440701AE
S2050044086747
S205004409802D
S20500440A00AC
S20500440B00AB
S20500440C1397
S20500440D07A2
S20500440E05A3
S20500440F00A7
S2050044106343
S205004411782D
S205004412158F
S205004413059E
S205004414831F
S205004415C7DA
S205004416059B
S205004417009F
S205004418138B
S2050044190796
S20500441A1785
S20500441B009B
S20500441C9307
S20500441D8514
S20500441E1583
S20500441F0097
S205004420A3F3
S2050044210F86
S205004422F79D
S205004423FE95
S205004424E3AF
S20500442598F9
S205004426E8A8
S205004427FE91
S2050044286727
S205004429800D
S20500442A008C
S20500442B008B
S20500442C8307
S20500442DC6C3
S20500442E0583
S20500442F0087
S2050044301373
S205004431077E
S205004432176D
S2050044330083
S20500443493EF
S205004435770A
S2050044363749
S205004437007F
S205004438A3DB
S2050044390F6E
S20500443AD7A5
S20500443BFE7D
S20500443C93E7
S20500443D85F4
S20500443E1563
S20500443F0077
S205004440E393
S2050044418EE7
S205004442076D
S205004443F67D
S20500444483EF
S205004445C6AB
S205004446056B
S205004447006F
S205004448135B
S2050044490766
S20500444A1755
S20500444B006B
S20500444C93D7
S20500444D77F2
S20500444E3731
S20500444F0067
S205004450A3C3
S2050044510F56
S205004452D78D
S205004453FE65
S20500445493CF
S20500445585DC
S205004456154B
S205004457005F
S205004458E37B
S2050044599AC3
S20500445A0755
S20500445BFC5F
S20500445C6FEB
S20500445DF069
S20500445E1F39
S20500445FF661
S20500446067EF
S20500446180D5
S2050044620054
S2050044630053
S205004464133F
S2050044650150
S205004466014F
S205004467FF50
S205004468232B
S2050044692627
S20500446A81CB
S20500446B004B
S20500446C1337
S20500446D0445
S20500446E0048
S20500446F0245
S20500447083C3
S205004471A3A2
S205004472053F
S2050044730043
S20500447483BF
S205004475A29F
S20500447645FB
S205004477003F
S20500447883BB
S205004479AF8E
S20500447A85B7
S20500447B003B
S20500447C0337
S20500447DAF8A
S20500447EC573
S20500447F0037
S20500448083B3
S205004481AE87
S205004482052F
S2050044830132
S205004484032F
S205004485AE83
S20500448645EB
S205004487012E
S205004488032B
S205004489A38A
S20500448A85A7
S20500448B012A
S20500448C0327
S20500448DA881
S20500448EC563
S20500448F0126
S20500449083A3
S205004491A67F
S205004492051F
S2050044930221
S205004494130F
S205004495071A
S20500449647D9
S205004497021D
S205004498B36B
S2050044990716
S20500449AE636
S20500449B40DB
S20500449C23F7
S20500449D2EEB
S20500449E77A1
S20500449FFC1B
S2050044A023F3
S2050044A120F5
S2050044A257BD
S2050044A3FE15
S2050044A423EF
S2050044A522EF
S2050044A6F719
S2050044A7FF10
S2050044A823EB
S2050044A924E9
S2050044AAE725
S2050044ABFF0C
S2050044AC23E7
S2050044AD26E3
S2050044AED731
S2050044AFFF08
S2050044B023E3
S2050044B128DD
S2050044B2C73D
S2050044B3FF04
S2050044B423DF
S2050044B52AD7
S2050044B66799
S2050044B7FE01
S2050044B823DB
S2050044B92CD1
S2050044BA07F5
S2050044BBFFFC
S2050044BC23D7
S2050044BD2ECB
S2050044BED721
S2050044BFFEF9
S2050044C09363
S2050044C18570
S2050044C245AF
S2050044C302F1
S2050044C4E30F
S2050044C546AB
S2050044C6F4FC
S2050044C7FAF5
S2050044C8935B
S2050044C98667
S2050044CA05E7
S2050044CB00EB
S2050044CC9357
S2050044CD07E2
S2050044CE07E1
S2050044CF00E7
S2050044D06383
S2050044D1786D
S2050044D2C71D
S2050044D302E1
S2050044D403DF
S2050044D5A839
S2050044D606DA
S2050044D700DF
S2050044D8934B
S2050044D98756
S2050044DA4795
S2050044DB00DB
S2050044DC9347
S2050044DD8653
S2050044DE4692
S2050044DF00D7
S2050044E023B3
S2050044E1AE27
S2050044E207CD
S2050044E3FFD4
S2050044E4E3EF
S2050044E5E8E9
S2050044E6C709
S2050044E7FED1
S2050044E8933B
S2050044E907C6
S2050044EAF6D6
S2050044EBFFCC
S2050044ECB317
S2050044ED8742
S2050044EEE7E1
S2050044EF4087
S2050044F09333
S2050044F1F7CE
S2050044F2C7FD
S2050044F3FFC4
S2050044F4932F
S2050044F5873A
S2050044F64779
S2050044F700BF
S2050044F8338B
S2050044F907B6
S2050044FAF7C5
S2050044FB00BB
S2050044FCB307
S2050044FD8534
S2050044FEF5C3
S2050044FF00B7
S2050045006352
S205004501684C
S205004502179C
S20500450301B1
S20500450403AE
S205004505248C
S205004506C1EE
S20500450700AE
S205004508139A
S20500450901AB
S20500450A01AA
S20500450B01A9
S20500450C6742
S20500450D8028
S20500450E00A7
S20500450F00A6
S2050045108322
S205004511C7DD
S205004512059E
S20500451300A2
S205004514138E
S2050045150799
S2050045161788
S205004517009E
S205004518930A
S2050045198517
S20500451A1586
S20500451B009A
S20500451CA3F6
S20500451D0F89
S20500451EF7A0
S20500451FFE98
S205004520E3B2
S2050045218212
S205004522E8AB
S205004523FE94
S205004524830E
S205004525C7C9
S205004526058A
S205004527008E
S205004528137A
S2050045290785
S20500452A1774
S20500452B008A
S20500452C93F6
S20500452D8503
S20500452E1572
S20500452F0086
S205004530A3E2
S2050045310F75
S205004532F78C
S205004533FE84
S205004534E39E
S2050045359EE2
S205004536E897
S205004537FC82
S2050045386F0E
S205004539F08C
S20500453ADF9C
S20500453BFC7E
S20500453C3346
S20500453D6711
S20500453EB5C2
S20500453F0076
S20500454093E2
S2050045410371
S205004542F083
S205004543FF73
S205004544135E
S20500454577F9
S2050045463738
S205004547006E
S205004548630A
S205004549105C
S20500454A0764
S20500454B105A
S20500454CB7B2
S20500454D87E1
S20500454E7FE8
S20500454F7FE7
S20500455093D2
S20500455187DD
S205004552F76C
S205004553F76B
S205004554035E
S205004555263A
S205004556055A
S205004557005E
S20500455883DA
S205004559A6B6
S20500455A0556
S20500455B005A
S20500455CB3A6
S20500455D72E6
S20500455EF661
S20500455F0056
S2050045603322
S20500456163F1
S205004562F65D
S2050045630052
S205004564B39E
S20500456582CE
S205004566F25D
S205004567004E
S205004568B39A
S205004569E26A
S20500456A62E9
S20500456B004A
S20500456C63E6
S20500456D92B6
S20500456E72D5
S20500456F1036
S20500457063E2
S205004571162E
S205004572D66D
S205004573083A
S205004574033E
S205004575261A
S20500457645FA
S205004577003E
S20500457883BA
S205004579A696
S20500457A45F6
S20500457B003A
S20500457CB386
S20500457D72C6
S20500457EF641
S20500457F0036
S2050045803302
S20500458163D1
S205004582F63D
S2050045830032
S205004584B37E
S20500458582AE
S205004586F23D
S205004587002E
S205004588B37A
S205004589E24A
S20500458A62C9
S20500458B002A
S20500458C63C6
S20500458D9E8A
S20500458E72B5
S20500458F0C1A
S20500459063C2
S205004591160E
S205004592D64D
S205004593061C
S205004594031E
S20500459526FA
S205004596859A
S205004597001E
S205004598839A
S205004599A676
S20500459A8596
S20500459B001A
S20500459CB366
S20500459D72A6
S20500459EF621
S20500459F0016
S2050045A033E2
S2050045A163B1
S2050045A2F61D
S2050045A30012
S2050045A4B35E
S2050045A5828E
S2050045A6F21D
S2050045A7000E
S2050045A8B35A
S2050045A9E22A
S2050045AA62A9
S2050045AB000A
S2050045AC63A6
S2050045AD9870
S2050045AE7295
S2050045AF0CFA
S2050045B063A2
S2050045B116EE
S2050045B2D62D
S2050045B304FE
S2050045B403FE
S2050045B526DA
S2050045B6C53A
S2050045B700FE
S2050045B8837A
S2050045B9A656
S2050045BAC536
S2050045BB00FA
S2050045BCB346
S2050045BD7286
S2050045BEF601
S2050045BF00F6
S2050045C033C2
S2050045C16391
S2050045C2F6FD
S2050045C300F2
S2050045C4B33E
S2050045C5826E
S2050045C6F2FD
S2050045C700EE
S2050045C8B33A
S2050045C9E20A
S2050045CA6289
S2050045CB00EA
S2050045CC6386
S2050045CD9256
S2050045CE7275
S2050045CF0CDA
S2050045D06382
S2050045D116CE
S2050045D2D60D
S2050045D302E0
S2050045D403DE
S2050045D526BA
S2050045D605DA
S2050045D701DD
S2050045D8835A
S2050045D9A636
S2050045DA05D6
S2050045DB01D9
S2050045DCB326
S2050045DD7266
S2050045DEF6E1
S2050045DF00D6
S2050045E033A2
S2050045E16371
S2050045E2F6DD
S2050045E300D2
S2050045E4B31E
S2050045E5824E
S2050045E6F2DD
S2050045E700CE
S2050045E8B31A
S2050045E9E2EA
S2050045EA6269
S2050045EB00CA
S2050045EC6366
S2050045ED9C2C
S2050045EE7255
S2050045EF0ABC
S2050045F013B2
S2050045F105BF
S2050045F2457E
S2050045F301C1
S2050045F4932E
S2050045F5853B
S2050045F6457A
S2050045F701BD
S2050045F8E3DA
S2050045F90EAE
S2050045FAD6E5
S2050045FBF4C6
S2050045FC13A6
S2050045FD17A1
S2050045FE06B1
S2050045FF01B5
S2050046009321
S205004601971C
S20500460206AC
S20500460301B0
S205004604634D
S2050046051E91
S205004606F7B7
S20500460700AD
S2050046081399
S2050046095754
S20500460A06A4
S20500460B01A8
S20500460C9315
S20500460DD7D0
S20500460E06A0
S20500460F01A4
S2050046103371
S205004611059E
S205004612F7AB
S2050046134061
S205004614930D
S205004615752A
S205004616F5A9
S2050046170F8E
S2050046186339
S205004619900B
S20500461A0595
S20500461B0297
S20500461C6731
S20500461D8017
S20500461E0096
S20500461F0095
S2050046201381
S205004621573C
S205004622078B
S2050046230190
S20500462493FD
S205004625D7B8
S2050046260787
S205004627018C
S2050046283359
S2050046290586
S20500462AF793
S20500462B4049
S20500462C93F5
S20500462D7512
S20500462EF591
S20500462F0F76
S2050046306321
S20500463194EF
S205004632057D
S2050046330081
S2050046346719
S20500463580FF
S205004636007E
S205004637007D
S2050046381369
S2050046397704
S20500463AF783
S20500463B0F6A
S20500463C93E5
S20500463DF780
S20500463EF77F
S20500463F0F66
S2050046403341
S205004641056E
S205004642F77B
S2050046434031
S2050046446709
S20500464580EF
S205004646006E
S205004647006D
S2050046480369
S2050046494625
S20500464A0565
S20500464B0069
S20500464C83E5
S20500464DC6A1
S20500464E0561
S20500464F0065
S2050046501351
S205004651055E
S205004652154D
S2050046530061
S20500465493CD
S20500465585DA
S2050046561549
S205004657005D
S20500465863F9
S2050046591447
S20500465AD684
S20500465B0059
S20500465CE375
S20500465D1641
S20500465E0650
S20500465FFE57
S2050046603321
S205004661054E
S205004662D67C
S2050046634011
S20500466467E9
S20500466580CF
S205004666004E
S205004667004D
S2050046681339
S2050046690546
S20500466A4505
S20500466B0049
S20500466C93B5
S20500466D85C2
S20500466E4501
S20500466F0045
S205004670E361
S2050046711C27
S205004672D66C
S205004673FC45
S205004674132D
S205004675053A
S205004676003E
S205004677003D
S20500467867D5
S20500467980BB
S20500467A003A
S20500467B0039
S20500467C1325
S20500467D0532
S20500467E85B1
S20500467F0035
S20500468093A1
S20500468185AE
S20500468285AD
S2050046830031
S205004684E34D
S205004685121D
S205004686D658
S205004687FC31
S2050046881319
S2050046890526
S20500468A002A
S20500468B0029
S20500468C67C1
S20500468D80A7
S20500468E0026
S20500468F0025
S2050046901311
S205004691051E
S205004692C55D
S2050046930021
S205004694938D
S205004695859A
S205004696C559
S205004697001D
S205004698E339
S2050046991803
S20500469AD644
S20500469BFA1F
S20500469C1305
S20500469D0512
S20500469E0016
S20500469F0015
S2050046A067AD
S2050046A18093
S2050046A20012
S2050046A30011
S2050046A413FD
S2050046A5050A
S2050046A60509
S2050046A7010C
S2050046A89379
S2050046A98586
S2050046AA0505
S2050046AB0108
S2050046ACE325
S2050046AD1EE9
S2050046AED630
S2050046AFF80D
S2050046B013F1
S2050046B105FE
S2050046B20002
S2050046B30001
S2050046B46799
S2050046B5807F
S2050046B600FE
S2050046B700FD
S2050046B800FC
S2050046B900FB
S2050046BA00FA
S2050046BB00F9
S2050046BC00F8
S2050046BD00F7
S2050046BE00F6
S2050046BF00F5
S2050046C000F4
S2050046C100F3
S2050046C200F2
S2050046C300F1
S2050046C400F0
S2050046C500EF
S2050046C600EE
S2050046C700ED
S2050046C837B5
S2050046C90EDD
S2050046CA02E8
S2050046CB40A9
S2050046CC23C5
S2050046CD24C3
S2050046CEDE08
S2050046CFFCE9
S2050046D037AD
S2050046D103E0
S2050046D202E0
S2050046D340A1
S2050046D423BD
S2050046D528B7
S2050046D6E3FB
S2050046D7FCE1
S2050046D8B725
S2050046D908D3
S2050046DA02D8
S2050046DB4099
S2050046DC23B5
S2050046DDAA2D
S2050046DEB81E
S2050046DFFCD9
S2050046E0379D
S2050046E108CB
S2050046E202D0
S2050046E34091
S2050046E423AD
S2050046E52CA3
S2050046E6A826
S2050046E7FCD1
S2050046E8B715
S2050046E905C6
S2050046EA02C8
S2050046EB4089
S2050046EC23A5
S2050046EDAE19
S2050046EEC501
S2050046EFFCC9
S2050046F0B70D
S2050046F106BD
S2050046F202C0
S2050046F34081
S2050046F4B709
S2050046F507B8
S2050046F602BC
S2050046F7407D
S2050046F83785
S2050046F907B4
S2050046FA02B8
S2050046FB4079
S2050046FC2395
S2050046FDA215
S2050046FE06B0
S2050046FFFEB7
S2050047002390
S205004701A012
S20500470207AA
S205004703FCB4
S205004704139C
S20500470507A7
S2050047064766
S205004707FCB0
S2050047088328
S2050047092783
S20500470A07A2
S20500470B00A8
S20500470CE3C4
S20500470D8E18
S20500470E079E
S20500470FFEA6
S205004710673C
S2050047118022
S20500471200A1
S20500471300A0
S2050047143768
S2050047150E90
S205004716029B
S205004717405C
S2050047182378
S2050047192C6E
S20500471AAEEB
S20500471BFC9C
S20500471C3760
S20500471D0393
S20500471E0293
S20500471F4054
S2050047202370
S2050047212A68
S205004722B3DE
S205004723FC94
S205004724B7D8
S2050047250886
S205004726028B
S205004727404C
S2050047282368
S205004729AEDC
S20500472AC8C1
S20500472BFC8C
S20500472C3750
S20500472D087E
S20500472E0283
S20500472F4044
S2050047302360
S2050047312062
S205004732D8A9
S205004733FE82
S2050047343748
S2050047350579
S205004736027B
S205004737403C
S2050047382358
S2050047392456
S20500473AE594
S20500473BFC7C
S20500473CB7C0
S20500473D0571
S20500473E0273
S20500473F4034
S2050047402350
S205004741A6CC
S205004742F57C
S205004743FC74
S2050047443738
S2050047450668
S205004746026B
S205004747402C
S2050047483734
S2050047490763
S20500474A0267
S20500474B4028
S20500474C93D4
S20500474D075F
S20500474E4025
S20500474F0064
S2050047502340
S2050047512042
S205004752F66B
S205004753FC64
S205004754134C
S2050047550757
S2050047564716
S205004757FC60
S20500475883D8
S2050047592733
S20500475A0752
S20500475B0058
S20500475CE374
S20500475D8EC8
S20500475E074E
S20500475FFE56
S20500476063F0
S2050047615EF4
S205004762D081
S205004763024E
S2050047643718
S2050047650549
S205004766024B
S205004767400C
S205004768B794
S2050047690545
S20500476A0247
S20500476B4008
S20500476C3710
S20500476D073F
S20500476E0243
S20500476F4004
S2050047701330
S205004771063C
S2050047720041
S2050047730040
S205004774132C
S2050047750539
S20500477685B8
S205004777FE3E
S20500477893A8
S20500477985B5
S20500477A0534
S20500477BFC3C
S20500477C1324
S20500477D082E
S20500477E50E5
S20500477F0034
S2050047801320
S205004781072B
S20500478247EA
S205004783FC34
S205004784230C
S205004785200E
S205004786C568
S205004787002C
S2050047882308
S205004789A08A
S20500478A0524
S20500478B0127
S20500478C83A4
S20500478D27FF
S20500478E071E
S20500478F0024
S205004790E340
S2050047918E94
S205004792071A
S205004793FE22
S205004794130C
S2050047950618
S2050047961607
S205004797001C
S205004798E338
S2050047999684
S20500479AC653
S20500479BFE1A
S20500479C67B0
S20500479D8096
S20500479E0015
S20500479F0014
S2050047A0B75C
S2050047A1080A
S2050047A2020F
S2050047A340D0
S2050047A423EC
S2050047A5AA64
S2050047A6B855
S2050047A7FC10
S2050047A837D4
S2050047A90802
S2050047AA0207
S2050047AB40C8
S2050047ACB750
S2050047AD0600
S2050047AE0203
S2050047AF40C4
S2050047B023E0
S2050047B12CD6
S2050047B2A859
S2050047B3FC04
S2050047B4936C
S2050047B555A9
S2050047B6F607
S2050047B701FB
S2050047B823D8
S2050047B9AE4C
S2050047BAC633
S2050047BBFCFC
S2050047BCB740
S2050047BD07EF
S2050047BE02F3
S2050047BF40B4
S2050047C0B340
S2050047C1856D
S2050047C2C52C
S2050047C300F0
S2050047C437B8
S2050047C507E7
S2050047C602EB
S2050047C740AC
S2050047C89358
S2050047C906E4
S2050047CA20C9
S2050047CB00E8
S2050047CC9354
S2050047CDD511
S2050047CE15D0
S2050047CF40A4
S2050047D023C0
S2050047D1A042
S2050047D2D70A
S2050047D3FCE4
S2050047D413CC
S2050047D507D7
S2050047D64796
S2050047D7FCE0
S2050047D88358
S2050047D927B3
S2050047DA07D2
S2050047DB00D8
S2050047DCE3F4
S2050047DD8E48
S2050047DE07CE
S2050047DFFED6
S2050047E09340
S2050047E107CB
S2050047E210C1
S2050047E300D0
S2050047E4636C
S2050047E5DEF0
S2050047E6C706
S2050047E702CA
S2050047E83794
S2050047E905C5
S2050047EA02C7
S2050047EB4088
S2050047EC3790
S2050047ED06C0
S2050047EE02C3
S2050047EF4084
S2050047F0378C
S2050047F107BB
S2050047F202BF
S2050047F34080
S2050047F4932C
S2050047F506B8
S2050047F600BD
S2050047F700BC
S2050047F813A8
S2050047F905B5
S2050047FA4574
S2050047FBFEBA
S2050047FC13A4
S2050047FD06B0
S2050047FE06AF
S2050047FFFCB8
S205004800139F
S20500480108A9
S2050048023080
S20500480300AF
S205004804139B
S20500480507A6
S2050048064765
S205004807FCAF
S2050048082387
S2050048092089
S20500480AD5D3
S20500480B00A7
S20500480C2383
S20500480D2085
S20500480E069E
S20500480F01A2
S205004810831F
S205004811277A
S2050048120799
S205004813009F
S205004814E3BB
S2050048158E0F
S2050048160795
S205004817FE9D
S2050048189307
S2050048198613
S20500481A1682
S20500481B0097
S20500481CE3B3
S20500481DC6CF
S20500481EB6DE
S20500481FFE95
S205004820672B
S2050048218011
S2050048220090
S205004823008F
S205004824137B
S205004825018C
S205004826018B
S205004827FB90
S2050048282367
S2050048292465
S20500482A8107
S20500482B0483
S20500482C2363
S20500482D2263
S20500482E91F3
S20500482F047F
S205004830235F
S2050048312061
S205004832215F
S205004833057A
S205004834235B
S2050048352E4F
S205004836314B
S2050048370378
S2050048382357
S2050048392653
S20500483A1167
S20500483B0473
S20500483C2353
S20500483D2C49
S20500483E4133
S20500483F0370
S20500484093DF
S20500484189E8
S205004842066A
S205004843006F
S205004844135B
S2050048450469
S2050048460567
S205004847006B
S2050048481357
S20500484989E0
S20500484A0563
S20500484B0067
S20500484C93D3
S20500484D0461
S20500484E065E
S20500484F0063
S20500485063FF
S20500485190D1
S205004852065A
S2050048531E41
S205004854035B
S205004855A7B6
S205004856C597
S205004857015A
S20500485893C7
S20500485986D3
S20500485A0553
S20500485B0057
S20500485C1343
S20500485D064F
S20500485E0054
S20500485F0251
S20500486093BF
S205004861054C
S205004862054B
S205004863004F
S205004864133B
S20500486585C8
S2050048660448
S205004867004B
S205004868EF5B
S205004869F059
S20500486A1F29
S20500486BE661
S20500486C1333
S20500486D84C1
S20500486E0440
S20500486F3112
S205004870132F
S205004871053C
S205004872043C
S205004873003F
S205004874132B
S2050048750637
S205004876C07C
S205004877013A
S20500487893A7
S20500487985B4
S20500487A0434
S20500487B0037
S20500487CEF47
S20500487DF045
S20500487E5FD5
S20500487FF241
S205004880032F
S205004881270A
S205004882C967
S205004883032C
S205004884131B
S2050048858AA3
S20500488644E8
S2050048873DEE
S2050048889397
S2050048890623
S20500488A091F
S20500488B0225
S20500488C9393
S20500488D0520
S20500488E0420
S20500488F0023
S205004890130F
S205004891051C
S2050048920A16
S205004893001F
S205004894130B
S2050048950617
S205004896E03C
S205004897001B
S205004898EF2B
S205004899F029
S20500489A1FF9
S20500489BE334
S20500489C1303
S20500489D8491
S20500489EC450
S20500489F4EC5
S2050048A0937F
S2050048A1050C
S2050048A20A06
S2050048A3000F
S2050048A413FB
S2050048A50508
S2050048A60408
S2050048A7000B
S2050048A813F7
S2050048A90603
S2050048AAA068
S2050048AB0007
S2050048ACEF17
S2050048ADF015
S2050048AE5FA5
S2050048AFEF14
S2050048B013EF
S2050048B18A77
S2050048B224DC
S2050048B353AC
S2050048B4936B
S2050048B505F8
S2050048B604F8
S2050048B700FB
S2050048B89367
S2050048B907F2
S2050048BA09EF
S2050048BB36C1
S2050048BC13E3
S2050048BD07EE
S2050048BE09EB
S2050048BF04EF
S2050048C0935F
S2050048C106EB
S2050048C200F0
S2050048C302ED
S2050048C413DB
S2050048C506E7
S2050048C6905C
S2050048C701EA
S2050048C813D7
S2050048C905E4
S2050048CA0ADE
S2050048CB00E7
S2050048CCEFF7
S2050048CDF0F5
S2050048CE9F45
S2050048CFE4FF
S2050048D013CF
S2050048D1845D
S2050048D224BC
S2050048D3558A
S2050048D4934B
S2050048D507D6
S2050048D609D3
S2050048D77467
S2050048D813C7
S2050048D907D2
S2050048DA09CF
S2050048DB3E99
S2050048DC9343
S2050048DD06CF
S2050048DEB024
S2050048DF01D2
S2050048E013BF
S2050048E106CB
S2050048E200D0
S2050048E302CD
S2050048E4933B
S2050048E505C8
S2050048E60AC2
S2050048E700CB
S2050048E813B7
S2050048E905C4
S2050048EA04C4
S2050048EB00C7
S2050048ECEFD7
S2050048EDF0D5
S2050048EE9F25
S2050048EFE2E1
S2050048F003BF
S2050048F1C7FA
S2050048F2249C
S2050048F3556A
S2050048F413AB
S2050048F505B8
S2050048F614A8
S2050048F700BB
S2050048F89327
S2050048F907B2
S2050048FA10A8
S2050048FB00B7
S2050048FC13A3
S2050048FD179E
S2050048FE872D
S2050048FF01B2
S205004900139E
S20500490104AC
S20500490200AF
S20500490300AE
S205004904139A
S2050049055755
S2050049068724
S2050049074169
S2050049089316
S20500490905A3
S20500490AB0F7
S20500490B01A5
S20500490C03A2
S20500490D465E
S20500490E059E
S20500490F00A2
S205004910633E
S2050049115A46
S205004912C7D8
S205004913009E
S205004914039A
S2050049154755
S2050049160596
S205004917009A
S2050049181386
S2050049198414
S20500491A0790
S20500491B0096
S20500491C1382
S20500491D177D
S20500491E870C
S20500491F0191
S205004920137E
S2050049215739
S2050049228708
S205004923414D
S20500492493FA
S2050049258705
S2050049261774
S205004927008A
S2050049281376
S2050049290583
S20500492A1572
S20500492B0086
S20500492CE3A2
S20500492D90F4
S20500492EB7CC
S20500492FFE84
S205004930631E
S2050049318EF2
S2050049320976
S205004933007E
S2050049343746
S2050049351963
S205004936106B
S205004937007A
S20500493883F6
S205004939492F
S20500493A096E
S20500493B9CDA
S20500493C6312
S20500493D8AEA
S20500493E096A
S20500493F0270
S205004940373A
S205004941056B
S205004942105F
S205004943006E
S205004944135A
S2050049450567
S205004946C5A6
S2050049472842
S205004948EF7A
S2050049491058
S20500494A5017
S20500494B5610
S20500494C83E2
S20500494D2044
S20500494EC1A2
S20500494F045E
S205004950134E
S205004951055B
S205004952045B
S205004953005E
S205004954035A
S2050049552438
S20500495681DA
S2050049570456
S20500495883D6
S2050049592434
S20500495A4116
S20500495B0452
S20500495C0352
S20500495D292B
S20500495E0152
S20500495F044E
S20500496083CE
S2050049612927
S205004962C18E
S205004963034B
S205004964034A
S2050049652A22
S20500496681CA
S2050049670347
S2050049681336
S2050049690147
S20500496A0146
S20500496B0541
S20500496C67DE
S20500496D80C4
S20500496E0043
S20500496F0042
S205004970231E
S2050049712A16
S20500497251EE
S205004973033B
S205004974F34A
S2050049752715
S205004976003B
S20500497778C2
S2050049783702
S2050049791721
S20500497A1027
S20500497B0036
S20500497C93A2
S20500497D87AD
S20500497EE74C
S20500497FFF33
S205004980230E
S2050049812A06
S205004982F738
S2050049839C92
S205004984B776
S2050049851A12
S205004986101B
S205004987002A
S20500498837F2
S2050049891810
S20500498A1017
S20500498B0026
S20500498C0322
S20500498DA67E
S20500498E8A99
S20500498F9D85
S205004990031E
S20500499125FB
S20500499247D8
S2050049939D81
S205004994839A
S20500499526F6
S2050049960813
S2050049979D7D
S205004998B762
S2050049991404
S20500499A1007
S20500499B0016
S20500499C8392
S20500499DA76D
S20500499E848F
S20500499F9C76
S2050049A0030E
S2050049A1A769
S2050049A2C44B
S2050049A39C72
S2050049A433DA
S2050049A50507
S2050049A6C546
S2050049A740CA
S2050049A833D6
S2050049A90503
S2050049AAD532
S2050049AB40C6
S2050049ACB352
S2050049AD867E
S2050049AEA75C
S2050049AF0002
S2050049B0936E
S2050049B155AB
S2050049B2F50A
S2050049B341BD
S2050049B433CA
S2050049B507F5
S2050049B6B744
S2050049B700FA
S2050049B8B346
S2050049B9B741
S2050049BAF601
S2050049BB00F6
S2050049BCB342
S2050049BD876D
S2050049BEE70C
S2050049BF00F2
S2050049C013DE
S2050049C106EA
S2050049C2816E
S2050049C300EE
S2050049C423CA
S2050049C528C4
S2050049C608E3
S2050049C79C4E
S2050049C823C6
S2050049C9A444
S2050049CAD413
S2050049CB9C4A
S2050049CC23C2
S2050049CDA63E
S2050049CEF4EF
S2050049CF9C46
S2050049D0EFF2
S2050049D110D0
S2050049D2D00F
S2050049D3607E
S2050049D437A6
S2050049D50AD2
S2050049D610CB
S2050049D700DA
S2050049D8B722
S2050049D905D3
S2050049DA10C7
S2050049DB00D6
S2050049DC13C2
S2050049DD06CE
S2050049DE8152
S2050049DF00D2
S2050049E0933E
S2050049E1854B
S2050049E205CA
S2050049E325A9
S2050049E413BA
S2050049E505C7
S2050049E64A81
S2050049E721A9
S2050049E8EFDA
S2050049E910B8
S2050049EA5077
S2050049EB4C7A
S2050049EC7352
S2050049ED9034
S2050049EE09BA
S2050049EF784A
S2050049F0F3CE
S2050049F12799
S2050049F200BF
S2050049F37846
S2050049F4932A
S2050049F58735
S2050049F63784
S2050049F700BA
S2050049F82396
S2050049F9AC0C
S2050049FAFABD
S2050049FB9C1A
S2050049FC8332
S2050049FD476D
S2050049FE09AA
S2050049FF9C16
S205004A00634D
S205004A019C13
S205004A0207A7
S205004A034A63
S205004A0403A9
S205004A05A506
S205004A068426
S205004A079C0D
S205004A088325
S205004A09A502
S205004A0AC4E2
S205004A0B9C09
S205004A0C1391
S205004A0D069D
S205004A0E8121
S205004A0F00A1
S205004A10EFB1
S205004A11108F
S205004A12D0CE
S205004A135C41
S205004A14B7E5
S205004A150596
S205004A16108A
S205004A170099
S205004A181385
S205004A190691
S205004A1A8115
S205004A1B0095
S205004A1C9301
S205004A1D850E
S205004A1E850D
S205004A1F256C
S205004A20137D
S205004A21058A
S205004A224A44
S205004A23216C
S205004A24EF9D
S205004A25107B
S205004A2690FA
S205004A274841
S205004A288305
S205004A292A5D
S205004A2A4145
S205004A2B0382
S205004A2C6F15
S205004A2DF093
S205004A2E5F23
S205004A2FF190
S205004A303749
S205004A311A65
S205004A32106E
S205004A33007D
S205004A342359
S205004A352A51
S205004A365129
S205004A370376
S205004A3883F5
S205004A394A2D
S205004A3A0A6C
S205004A3B9CD9
S205004A3C2351
S205004A3D284B
S205004A3E6111
S205004A3F036E
S205004A40630D
S205004A4186E9
S205004A420A64
S205004A43402D
S205004A440369
S205004A45A7C4
S205004A46C5A5
S205004A470168
S205004A4893D5
S205004A4986E1
S205004A4A0561
S205004A4B0065
S205004A4C1351
S205004A4D065D
S205004A4E0062
S205004A4F025F
S205004A5093CD
S205004A51055A
S205004A520559
S205004A53005D
S205004A541349
S205004A5585D6
S205004A560456
S205004A570059
S205004A58EF69
S205004A59F067
S205004A5A1F37
S205004A5BC78E
S205004A5C0351
S205004A5D440F
S205004A5E0A48
S205004A5F9CB5
S205004A6063ED
S205004A611639
S205004A62044A
S205004A630845
S205004A64F359
S205004A652724
S205004A66004A
S205004A6778D1
S205004A683711
S205004A691730
S205004A6A1036
S205004A6B0045
S205004A6C93B1
S205004A6D87BC
S205004A6EE75B
S205004A6FFF42
S205004A70231D
S205004A712A15
S205004A72F747
S205004A739CA1
S205004A74B785
S205004A751A21
S205004A76102A
S205004A770039
S205004A78B781
S205004A79181F
S205004A7A1026
S205004A7B0035
S205004A7C83B1
S205004A7DA58E
S205004A7E8AA8
S205004A7F9D94
S205004A80032D
S205004A81250A
S205004A8247E7
S205004A839D90
S205004A840329
S205004A85A685
S205004A860822
S205004A879D8C
S205004A8837F1
S205004A891710
S205004A8A1016
S205004A8B0025
S205004A8C83A1
S205004A8D27FC
S205004A8E879B
S205004A8F9C85
S205004A90839D
S205004A9126F9
S205004A92C757
S205004A939C81
S205004A9433E9
S205004A950516
S205004A96B565
S205004A9740D9
S205004A9833E5
S205004A990512
S205004A9AC551
S205004A9B40D5
S205004A9C33E1
S205004A9D888B
S205004A9EA76B
S205004A9F0011
S205004AA0937D
S205004AA155BA
S205004AA2F519
S205004AA341CC
S205004AA4B359
S205004AA58685
S205004AA6B654
S205004AA70009
S205004AA8B355
S205004AA937D0
S205004AAAF80E
S205004AAB0005
S205004AACB351
S205004AAD877C
S205004AAED72B
S205004AAF0001
S205004AB013ED
S205004AB106F9
S205004AB2817D
S205004AB300FD
S205004AB423D9
S205004AB5A853
S205004AB608F2
S205004AB79C5D
S205004AB823D5
S205004AB924D3
S205004ABA07EF
S205004ABB9D58
S205004ABC23D1
S205004ABD26CD
S205004ABEF7FB
S205004ABF9C55
S205004AC0EF01
S205004AC110DF
S205004AC2D01E
S205004AC3519C
S205004AC4B735
S205004AC505E6
S205004AC610DA
S205004AC700E9
S205004AC837B1
S205004AC905E2
S205004ACA10D6
S205004ACB00E5
S205004ACC13D1
S205004ACD06DD
S205004ACE8161
S205004ACF00E1
S205004AD0934D
S205004AD1855A
S205004AD2C519
S205004AD320BD
S205004AD413C9
S205004AD505D6
S205004AD64595
S205004AD721B8
S205004AD8EFE9
S205004AD910C7
S205004ADA5086
S205004ADB3D98
S205004ADC7361
S205004ADD10C3
S205004ADE04CE
S205004ADF7859
S205004AE0F3DD
S205004AE127A8
S205004AE200CE
S205004AE37855
S205004AE49339
S205004AE58744
S205004AE63793
S205004AE700C9
S205004AE823A5
S205004AE9AC1B
S205004AEAFACC
S205004AEB9C29
S205004AEC13B1
S205004AED843F
S205004AEE04BE
S205004AEF3190
S205004AF013AD
S205004AF106B9
S205004AF2C0FE
S205004AF301BC
S205004AF49329
S205004AF58536
S205004AF604B6
S205004AF700B9
S205004AF813A5
S205004AF905B2
S205004AFA04B2
S205004AFB00B5
S205004AFCEFC5
S205004AFDF0C3
S205004AFE5F53
S205004AFFCAE7
S205004B00832C
S205004B014A64
S205004B020AA3
S205004B039C10
S205004B046348
S205004B059614
S205004B060A9F
S205004B0708A0
S205004B08F3B4
S205004B09277F
S205004B0A00A5
S205004B0B782C
S205004B0C376C
S205004B0D178B
S205004B0E1091
S205004B0F00A0
S205004B10930C
S205004B118717
S205004B12E7B6
S205004B13FF9D
S205004B142378
S205004B152A70
S205004B16F7A2
S205004B179CFC
S205004B183760
S205004B191B7B
S205004B1A1085
S205004B1B0094
S205004B1CB7DC
S205004B1D187A
S205004B1E1081
S205004B1F0090
S205004B20830C
S205004B212569
S205004B228B02
S205004B239DEF
S205004B240388
S205004B252565
S205004B264742
S205004B279DEB
S205004B280384
S205004B29A6E0
S205004B2A087D
S205004B2B9DE7
S205004B2C374C
S205004B2D176B
S205004B2E1071
S205004B2F0080
S205004B3083FC
S205004B312757
S205004B3287F6
S205004B339CE0
S205004B3483F8
S205004B352654
S205004B36C7B2
S205004B379CDC
S205004B383344
S205004B390571
S205004B3AB5C0
S205004B3B4034
S205004B3C3340
S205004B3D056D
S205004B3EC5AC
S205004B3F4030
S205004B40333C
S205004B4188E6
S205004B42A7C6
S205004B43006C
S205004B4493D8
S205004B455515
S205004B46F574
S205004B474127
S205004B48B3B4
S205004B4986E0
S205004B4AB6AF
S205004B4B0064
S205004B4CB3B0
S205004B4D372B
S205004B4EF869
S205004B4F0060
S205004B50B3AC
S205004B5187D7
S205004B52D786
S205004B53005C
S205004B541348
S205004B550654
S205004B5681D8
S205004B570058
S205004B582334
S205004B59A8AE
S205004B5A084D
S205004B5B9CB8
S205004B5C2330
S205004B5D242E
S205004B5E074A
S205004B5F9DB3
S205004B60232C
S205004B612628
S205004B62F756
S205004B639CB0
S205004B64EF5C
S205004B65103A
S205004B6690B9
S205004B674701
S205004B68B790
S205004B690541
S205004B6A1035
S205004B6B0044
S205004B6C370C
S205004B6D053D
S205004B6E1031
S205004B6F0040
S205004B70132C
S205004B710638
S205004B7281BC
S205004B73003C
S205004B7493A8
S205004B7585B5
S205004B7685B4
S205004B772216
S205004B781324
S205004B790531
S205004B7A45F0
S205004B7B2113
S205004B7CEF44
S205004B7D1022
S205004B7E1021
S205004B7F33FD
S205004B8073BC
S205004B81909E
S205004B820A23
S205004B8378B4
S205004B84F338
S205004B852703
S205004B860029
S205004B8778B0
S205004B889394
S205004B89879F
S205004B8A37EE
S205004B8B0024
S205004B8C2300
S205004B8D2CF6
S205004B8EFB26
S205004B8F9C84
S205004B90031C
S205004B9127F7
S205004B92C954
S205004B930319
S205004B949388
S205004B958A90
S205004B9644D5
S205004B973DDB
S205004B989384
S205004B990511
S205004B9A0411
S205004B9B0014
S205004B9C9380
S205004B9D060C
S205004B9E0908
S205004B9F020E
S205004BA013FC
S205004BA10608
S205004BA2E02D
S205004BA3000C
S205004BA413F8
S205004BA58585
S205004BA60AFF
S205004BA70008
S205004BA8EF18
S205004BA9F016
S205004BAA1FE6
S205004BABB252
S205004BAC0300
S205004BAD44BE
S205004BAE0AF7
S205004BAF9C64
S205004BB0639C
S205004BB116E8
S205004BB204F9
S205004BB308F4
S205004BB4F308
S205004BB527D3
S205004BB600F9
S205004BB77880
S205004BB837C0
S205004BB917DF
S205004BBA10E5
S205004BBB00F4
S205004BBC9360
S205004BBD876B
S205004BBEE70A
S205004BBFFFF1
S205004BC023CC
S205004BC12AC4
S205004BC2F7F6
S205004BC39C50
S205004BC437B4
S205004BC51BCF
S205004BC610D9
S205004BC700E8
S205004BC8B730
S205004BC918CE
S205004BCA10D5
S205004BCB00E4
S205004BCC8360
S205004BCD25BD
S205004BCE8B56
S205004BCF9D43
S205004BD003DC
S205004BD125B9
S205004BD24796
S205004BD39D3F
S205004BD403D8
S205004BD5A634
S205004BD608D1
S205004BD79D3B
S205004BD837A0
S205004BD917BF
S205004BDA10C5
S205004BDB00D4
S205004BDC8350
S205004BDD27AB
S205004BDE874A
S205004BDF9C34
S205004BE0834C
S205004BE126A8
S205004BE2C706
S205004BE39C30
S205004BE43398
S205004BE505C5
S205004BE6B514
S205004BE74088
S205004BE83394
S205004BE905C1
S205004BEAC500
S205004BEB4084
S205004BEC3390
S205004BED883A
S205004BEEA71A
S205004BEF00C0
S205004BF0932C
S205004BF15569
S205004BF2F5C8
S205004BF3417B
S205004BF4B308
S205004BF58634
S205004BF6B603
S205004BF700B8
S205004BF8B304
S205004BF9377F
S205004BFAF8BD
S205004BFB00B4
S205004BFCB300
S205004BFD872B
S205004BFED7DA
S205004BFF00B0
S205004C00139B
S205004C0106A7
S205004C02812B
S205004C0300AB
S205004C042387
S205004C05A801
S205004C0608A0
S205004C079C0B
S205004C082383
S205004C092481
S205004C0A079D
S205004C0B9D06
S205004C0C237F
S205004C0D267B
S205004C0EF7A9
S205004C0F9C03
S205004C10EFAF
S205004C11108D
S205004C12D0CC
S205004C133C5F
S205004C14B7E3
S205004C150594
S205004C161088
S205004C170097
S205004C18375F
S205004C190590
S205004C1A1084
S205004C1B0093
S205004C1C137F
S205004C1D068B
S205004C1E810F
S205004C1F008F
S205004C2093FB
S205004C218508
S205004C220587
S205004C232368
S205004C241377
S205004C250584
S205004C264543
S205004C272166
S205004C28EF97
S205004C291075
S205004C2A5034
S205004C2B285B
S205004C2C730F
S205004C2D1071
S205004C2E047C
S205004C2F7807
S205004C30F38B
S205004C312756
S205004C32007C
S205004C337803
S205004C3493E7
S205004C3587F2
S205004C363741
S205004C370077
S205004C382353
S205004C392C49
S205004C3AFB79
S205004C3B9CD7
S205004C3C135F
S205004C3D84ED
S205004C3EC4AC
S205004C3F4E21
S205004C4093DB
S205004C4185E8
S205004C420A62
S205004C43006B
S205004C441357
S205004C450663
S205004C46A0C8
S205004C470067
S205004C481353
S205004C490560
S205004C4A0460
S205004C4B0063
S205004C4CEF73
S205004C4DF071
S205004C4E5F01
S205004C4FB5AA
S205004C5083DB
S205004C514A13
S205004C520A52
S205004C539CBF
S205004C5463F7
S205004C5596C3
S205004C560A4E
S205004C57084F
S205004C58F363
S205004C59272E
S205004C5A0054
S205004C5B78DB
S205004C5C371B
S205004C5D173A
S205004C5E1040
S205004C5F004F
S205004C6093BB
S205004C6187C6
S205004C62E765
S205004C63FF4C
S205004C642327
S205004C652A1F
S205004C66F751
S205004C679CAB
S205004C68370F
S205004C691B2A
S205004C6A1034
S205004C6B0043
S205004C6CB78B
S205004C6D1829
S205004C6E1030
S205004C6F003F
S205004C7083BB
S205004C712518
S205004C728BB1
S205004C739D9E
S205004C740337
S205004C752514
S205004C7647F1
S205004C779D9A
S205004C780333
S205004C79A68F
S205004C7A082C
S205004C7B9D96
S205004C7C37FB
S205004C7D171A
S205004C7E1020
S205004C7F002F
S205004C8083AB
S205004C812706
S205004C8287A5
S205004C839C8F
S205004C8483A7
S205004C852603
S205004C86C761
S205004C879C8B
S205004C8833F3
S205004C890520
S205004C8AB56F
S205004C8B40E3
S205004C8C33EF
S205004C8D051C
S205004C8EC55B
S205004C8F40DF
S205004C9033EB
S205004C918895
S205004C92A775
S205004C93001B
S205004C949387
S205004C9555C4
S205004C96F523
S205004C9741D6
S205004C98B363
S205004C99868F
S205004C9AB65E
S205004C9B0013
S205004C9CB35F
S205004C9D37DA
S205004C9EF818
S205004C9F000F
S205004CA0B35B
S205004CA18786
S205004CA2D735
S205004CA3000B
S205004CA413F7
S205004CA50603
S205004CA68187
S205004CA70007
S205004CA823E3
S205004CA9A85D
S205004CAA08FC
S205004CAB9C67
S205004CAC23DF
S205004CAD24DD
S205004CAE07F9
S205004CAF9D62
S205004CB023DB
S205004CB126D7
S205004CB2F705
S205004CB39C5F
S205004CB4EF0B
S205004CB510E9
S205004CB69068
S205004CB732C5
S205004CB8B73F
S205004CB905F0
S205004CBA10E4
S205004CBB00F3
S205004CBC37BB
S205004CBD05EC
S205004CBE10E0
S205004CBF00EF
S205004CC013DB
S205004CC106E7
S205004CC2816B
S205004CC300EB
S205004CC49357
S205004CC58564
S205004CC68563
S205004CC723C4
S205004CC813D3
S205004CC905E0
S205004CCA459F
S205004CCB21C2
S205004CCCEFF3
S205004CCD10D1
S205004CCE10D0
S205004CCF1EC1
S205004CD0736B
S205004CD1904D
S205004CD20AD2
S205004CD37863
S205004CD4F3E7
S205004CD527B2
S205004CD600D8
S205004CD7785F
S205004CD89343
S205004CD9874E
S205004CDA379D
S205004CDB00D3
S205004CDC23AF
S205004CDD2CA5
S205004CDEFBD5
S205004CDF9C33
S205004CE0933B
S205004CE18A43
S205004CE224A8
S205004CE35378
S205004CE49337
S205004CE505C4
S205004CE604C4
S205004CE700C7
S205004CE89333
S205004CE907BE
S205004CEA09BB
S205004CEB368D
S205004CEC13AF
S205004CED07BA
S205004CEE09B7
S205004CEF04BB
S205004CF0932B
S205004CF106B7
S205004CF200BC
S205004CF302B9
S205004CF413A7
S205004CF506B3
S205004CF69028
S205004CF701B6
S205004CF813A3
S205004CF98530
S205004CFA0AAA
S205004CFB00B3
S205004CFCEFC3
S205004CFDF0C1
S205004CFE9F11
S205004CFFA10E
S205004D0003AA
S205004D014468
S205004D020AA1
S205004D039C0E
S205004D046346
S205004D051692
S205004D0604A3
S205004D07089E
S205004D08F3B2
S205004D09277D
S205004D0A00A3
S205004D0B782A
S205004D0C376A
S205004D0D1789
S205004D0E108F
S205004D0F009E
S205004D10930A
S205004D118715
S205004D12E7B4
S205004D13FF9B
S205004D142376
S205004D152A6E
S205004D16F7A0
S205004D179CFA
S205004D18375E
S205004D191B79
S205004D1A1083
S205004D1B0092
S205004D1CB7DA
S205004D1D1878
S205004D1E107F
S205004D1F008E
S205004D20830A
S205004D212567
S205004D228B00
S205004D239DED
S205004D240386
S205004D252563
S205004D264740
S205004D279DE9
S205004D280382
S205004D29A6DE
S205004D2A087B
S205004D2B9DE5
S205004D2C374A
S205004D2D1769
S205004D2E106F
S205004D2F007E
S205004D3083FA
S205004D312755
S205004D3287F4
S205004D339CDE
S205004D3483F6
S205004D352652
S205004D36C7B0
S205004D379CDA
S205004D383342
S205004D39056F
S205004D3AB5BE
S205004D3B4032
S205004D3C333E
S205004D3D056B
S205004D3EC5AA
S205004D3F402E
S205004D40333A
S205004D4188E4
S205004D42A7C4
S205004D43006A
S205004D4493D6
S205004D455513
S205004D46F572
S205004D474125
S205004D48B3B2
S205004D4986DE
S205004D4AB6AD
S205004D4B0062
S205004D4CB3AE
S205004D4D3729
S205004D4EF867
S205004D4F005E
S205004D50B3AA
S205004D5187D5
S205004D52D784
S205004D53005A
S205004D541346
S205004D550652
S205004D5681D6
S205004D570056
S205004D582332
S205004D59A8AC
S205004D5A084B
S205004D5B9CB6
S205004D5C232E
S205004D5D242C
S205004D5E0748
S205004D5F9DB1
S205004D60232A
S205004D612626
S205004D62F754
S205004D639CAE
S205004D64EF5A
S205004D651038
S205004D6690B7
S205004D67271F
S205004D68B78E
S205004D69053F
S205004D6A1033
S205004D6B0042
S205004D6C370A
S205004D6D053B
S205004D6E102F
S205004D6F003E
S205004D70132A
S205004D710636
S205004D7281BA
S205004D73003A
S205004D7493A6
S205004D7585B3
S205004D760532
S205004D772412
S205004D781322
S205004D79052F
S205004D7A45EE
S205004D7B2111
S205004D7CEF42
S205004D7D1020
S205004D7E101F
S205004D7F131B
S205004D8073BA
S205004D81101C
S205004D820427
S205004D8378B2
S205004D84F336
S205004D852701
S205004D860027
S205004D8778AE
S205004D889392
S205004D89879D
S205004D8A37EC
S205004D8B0022
S205004D8C23FE
S205004D8D2CF4
S205004D8EFB24
S205004D8F9C82
S205004D90130A
S205004D918498
S205004D9224F7
S205004D9355C5
S205004D949386
S205004D950711
S205004D96090E
S205004D9774A2
S205004D981302
S205004D99070D
S205004D9A090A
S205004D9B3ED4
S205004D9C937E
S205004D9D060A
S205004D9EB05F
S205004D9F010D
S205004DA013FA
S205004DA10606
S205004DA2000B
S205004DA30208
S205004DA49376
S205004DA58583
S205004DA60AFD
S205004DA70006
S205004DA813F2
S205004DA905FF
S205004DAA04FF
S205004DAB0002
S205004DACEF12
S205004DADF010
S205004DAE9F60
S205004DAF9668
S205004DB003FA
S205004DB149B3
S205004DB20AF1
S205004DB39C5E
S205004DB46396
S205004DB51CDC
S205004DB609EE
S205004DB70EE8
S205004DB8F302
S205004DB927CD
S205004DBA00F3
S205004DBB787A
S205004DBC37BA
S205004DBD17D9
S205004DBE10DF
S205004DBF00EE
S205004DC0935A
S205004DC18765
S205004DC2E704
S205004DC3FFEB
S205004DC423C6
S205004DC52ABE
S205004DC6F7F0
S205004DC79C4A
S205004DC837AE
S205004DC91ACA
S205004DCA10D3
S205004DCB00E2
S205004DCCB72A
S205004DCD18C8
S205004DCE10CF
S205004DCF00DE
S205004DD0835A
S205004DD125B7
S205004DD28A51
S205004DD39D3D
S205004DD403D6
S205004DD525B3
S205004DD64790
S205004DD79D39
S205004DD803D2
S205004DD9A62E
S205004DDA08CB
S205004DDB9D35
S205004DDC379A
S205004DDD17B9
S205004DDE10BF
S205004DDF00CE
S205004DE0834A
S205004DE127A5
S205004DE28744
S205004DE39C2E
S205004DE48346
S205004DE526A2
S205004DE6C700
S205004DE79C2A
S205004DE83392
S205004DE905BF
S205004DEAB50E
S205004DEB4082
S205004DEC338E
S205004DED05BB
S205004DEEC5FA
S205004DEF407E
S205004DF0338A
S205004DF18834
S205004DF2A714
S205004DF300BA
S205004DF49326
S205004DF55563
S205004DF6F5C2
S205004DF74175
S205004DF8B302
S205004DF9862E
S205004DFAB6FD
S205004DFB00B2
S205004DFCB3FE
S205004DFD3779
S205004DFEF8B7
S205004DFF00AE
S205004E00B3F9
S205004E018724
S205004E02D7D3
S205004E0300A9
S205004E041395
S205004E0506A1
S205004E068125
S205004E0700A5
S205004E082381
S205004E09A8FB
S205004E0A089A
S205004E0B9C05
S205004E0C237D
S205004E0D247B
S205004E0E0797
S205004E0F9D00
S205004E102379
S205004E112675
S205004E12F7A3
S205004E139CFD
S205004E14EFA9
S205004E151087
S205004E169006
S205004E171C79
S205004E18B7DD
S205004E19058E
S205004E1A1082
S205004E1B0091
S205004E1C3759
S205004E1D058A
S205004E1E107E
S205004E1F008D
S205004E201379
S205004E210685
S205004E228109
S205004E230089
S205004E2493F5
S205004E258502
S205004E268501
S205004E272461
S205004E281371
S205004E29057E
S205004E2A453D
S205004E2B2160
S205004E2CEF91
S205004E2D106F
S205004E2E106E
S205004E2F0875
S205004E307309
S205004E31106B
S205004E320971
S205004E337801
S205004E34F385
S205004E352750
S205004E360076
S205004E3778FD
S205004E3893E1
S205004E3987EC
S205004E3A373B
S205004E3B0071
S205004E3C234D
S205004E3D2C43
S205004E3EFA74
S205004E3F9CD1
S205004E4083E9
S205004E412A41
S205004E424129
S205004E430366
S205004E440365
S205004E452B3C
S205004E460165
S205004E470362
S205004E486FF5
S205004E49F073
S205004E4A9FC3
S205004E4BAAB7
S205004E4C3729
S205004E4D055A
S205004E4E104E
S205004E4F005D
S205004E501349
S205004E510556
S205004E5285D5
S205004E531E3B
S205004E54EF69
S205004E551047
S205004E5690C6
S205004E570550
S205004E5893C1
S205004E59074C
S205004E5A1042
S205004E5B0051
S205004E5C73DD
S205004E5D90BF
S205004E5E0747
S205004E5FCC81
S205004E6073D9
S205004E6190BB
S205004E620A40
S205004E6378D1
S205004E64F355
S205004E652720
S205004E660046
S205004E6778CD
S205004E68370D
S205004E69172C
S205004E6A1032
S205004E6B0041
S205004E6C93AD
S205004E6D87B8
S205004E6E3707
S205004E6F003D
S205004E702319
S205004E712C0F
S205004E72F743
S205004E739C9D
S205004E740335
S205004E752710
S205004E76C96D
S205004E770134
S205004E78B77D
S205004E79171C
S205004E7A1022
S205004E7B0031
S205004E7C131D
S205004E7D0827
S205004E7E002E
S205004E7F002D
S205004E809399
S205004E810823
S205004E82002A
S205004E830029
S205004E849395
S205004E850621
S205004E86091D
S205004E870025
S205004E881311
S205004E89061D
S205004E8A0022
S205004E8B021F
S205004E8C938D
S205004E8D051A
S205004E8E041A
S205004E8F001D
S205004E901309
S205004E918596
S205004E920416
S205004E930019
S205004E9423F5
S205004E95A86F
S205004E96070F
S205004E979C79
S205004E98B75D
S205004E9917FC
S205004E9A1002
S205004E9B0011
S205004E9C23ED
S205004E9DA46B
S205004E9E0707
S205004E9F9D70
S205004EA023E9
S205004EA1A665
S205004EA217F3
S205004EA39D6C
S205004EA4EF19
S205004EA5F017
S205004EA65FA7
S205004EA78283
S205004EA86F95
S205004EA9F013
S205004EAA5FA3
S205004EABBB46
S205004EAC837D
S205004EAD2AD5
S205004EAE41BD
S205004EAF03FA
S205004EB003F9
S205004EB12BD0
S205004EB201F9
S205004EB303F6
S205004EB46F89
S205004EB5F007
S205004EB6DF17
S205004EB7A352
S205004EB88371
S205004EB92AC9
S205004EBA41B1
S205004EBB03EE
S205004EBC6F81
S205004EBDF0FF
S205004EBE5F8F
S205004EBFA845
S205004EC037B5
S205004EC105E6
S205004EC210DA
S205004EC300E9
S205004EC413D5
S205004EC501E6
S205004EC601E5
S205004EC7FBEA
S205004EC813D1
S205004EC905DE
S205004ECA05DD
S205004ECB26BB
S205004ECC23BD
S205004ECD26B9
S205004ECE11CD
S205004ECF04D9
S205004ED023B9
S205004ED124B7
S205004ED28159
S205004ED304D5
S205004ED423B5
S205004ED522B5
S205004ED69145
S205004ED704D1
S205004ED823B1
S205004ED920B3
S205004EDA21B1
S205004EDB05CC
S205004EDC23AD
S205004EDD2EA1
S205004EDE319D
S205004EDF03CA
S205004EE023A9
S205004EE12C9F
S205004EE24189
S205004EE303C6
S205004EE4EFD9
S205004EE510B7
S205004EE68046
S205004EE77C49
S205004EE8EFD5
S205004EE920A3
S205004EEAC002
S205004EEB12AF
S205004EECEFD1
S205004EED209F
S205004EEE10AE
S205004EEF17A6
S205004EF013A9
S205004EF109B2
S205004EF205B5
S205004EF300B9
S205004EF43781
S205004EF505B2
S205004EF610A6
S205004EF700B5
S205004EF89321
S205004EF905AE
S205004EFAD0E2
S205004EFB565B
S205004EFC139D
S205004EFD05AA
S205004EFE05A9
S205004EFF2984
S205004F00EFBC
S205004F01109A
S205004F02C0E9
S205004F037A2E
S205004F04B7F0
S205004F05099D
S205004F061095
S205004F0700A4
S205004F089310
S205004F09851D
S205004F0AC9D8
S205004F0B2C74
S205004F0C138C
S205004F0D0599
S205004F0ED0CD
S205004F0F5646
S205004F10EFAC
S205004F11207A
S205004F128019
S205004F132375
S205004F143760
S205004F150A8C
S205004F161085
S205004F170094
S205004F189300
S205004F19058D
S205004F1A8A07
S205004F1B2D63
S205004F1C93FC
S205004F1D048A
S205004F1E0588
S205004F1F008C
S205004F201378
S205004F210585
S205004F224049
S205004F234048
S205004F24EF98
S205004F252066
S205004F264045
S205004F272262
S205004F281370
S205004F29047E
S205004F2A057C
S205004F2B0080
S205004F2C136C
S205004F2D0579
S205004F2E81FC
S205004F2F007C
S205004F30EF8C
S205004F31205A
S205004F321069
S205004F333A3E
S205004F343740
S205004F350571
S205004F361065
S205004F370074
S205004F381360
S205004F39056D
S205004F3A85EC
S205004F3B2050
S205004F3CEF80
S205004F3D105E
S205004F3E006D
S205004F3F77F5
S205004F401358
S205004F410565
S205004F4281E8
S205004F430068
S205004F44EF78
S205004F452046
S205004F461055
S205004F473A2A
S205004F48372C
S205004F49550D
S205004F4A0061
S205004F4B0060
S205004F4C93CC
S205004F4D86D8
S205004F4E0459
S205004F4F005C
S205004F501348
S205004F510654
S205004F520950
S205004F530058
S205004F5493C4
S205004F550551
S205004F560451
S205004F570054
S205004F581340
S205004F59054D
S205004F5A450C
S205004F5B82CE
S205004F5CEF60
S205004F5D202E
S205004F5ED07D
S205004F5F3814
S205004F6063E8
S205004F610446
S205004F620544
S205004F630642
S205004F640344
S205004F652521
S205004F664104
S205004F670044
S205004F68EF54
S205004F690042
S205004F6AC081
S205004F6B1F21
S205004F6CB788
S205004F6D0539
S205004F6E102D
S205004F6F003C
S205004F701328
S205004F710535
S205004F720930
S205004F730038
S205004F7493A4
S205004F7585B1
S205004F7645F0
S205004F772E06
S205004F78EF44
S205004F792012
S205004F7AC071
S205004F7B58D8
S205004F7C939C
S205004F7D0529
S205004F7E8AA3
S205004F7F2DFF
S205004F801318
S205004F810525
S205004F820425
S205004F830028
S205004F84EF38
S205004F852006
S205004F860025
S205004F8758CC
S205004F889390
S205004F89859D
S205004F8AC958
S205004F8B2CF4
S205004F8C130C
S205004F8D8599
S205004F8E0419
S205004F8F001C
S205004F90EF2C
S205004F9120FA
S205004F9240D9
S205004F9357C1
S205004F9437E0
S205004F950511
S205004F961005
S205004F970014
S205004F981300
S205004F99050D
S205004F9A45CC
S205004F9B2FE1
S205004F9CEF20
S205004F9D10FE
S205004F9E000D
S205004F9F719B
S205004FA0EF1C
S205004FA1000A
S205004FA2C049
S205004FA32EDA
S205004FA48384
S205004FA520E6
S205004FA6C144
S205004FA70400
S205004FA80300
S205004FA924DE
S205004FAA8180
S205004FAB04FC
S205004FAC837C
S205004FAD24DA
S205004FAE41BC
S205004FAF04F8
S205004FB003F8
S205004FB129D1
S205004FB201F8
S205004FB304F4
S205004FB48374
S205004FB529CD
S205004FB6C134
S205004FB703F1
S205004FB803F0
S205004FB92AC8
S205004FBA8170
S205004FBB03ED
S205004FBC13DC
S205004FBD05E9
S205004FBE00ED
S205004FBF00EC
S205004FC013D8
S205004FC101E9
S205004FC201E8
S205004FC305E3
S205004FC46780
S205004FC58066
S205004FC600E5
S205004FC700E4
S205004FC813D0
S205004FC907DB
S205004FCA00E1
S205004FCB00E0
S205004FCC934C
S205004FCD06D8
S205004FCE409D
S205004FCF409C
S205004FD013C8
S205004FD106D4
S205004FD204D5
S205004FD300D8
S205004FD49344
S205004FD505D1
S205004FD64194
S205004FD700D4
S205004FD813C0
S205004FD905CD
S205004FDA8150
S205004FDB00D0
S205004FDC23AC
S205004FDD2AA4
S205004FDE517C
S205004FDF03C9
S205004FE0EFDC
S205004FE110BA
S205004FE210B9
S205004FE37256
S205004FE48344
S205004FE54A7C
S205004FE63491
S205004FE700C4
S205004FE813B0
S205004FE907BB
S205004FEA00C1
S205004FEB00C0
S205004FEC932C
S205004FED06B8
S205004FEE10AD
S205004FEF00BC
S205004FF013A8
S205004FF18634
S205004FF204B5
S205004FF300B8
S205004FF49324
S205004FF505B1
S205004FF609AC
S205004FF700B4
S205004FF813A0
S205004FF905AD
S205004FFA446D
S205004FFB00B0
S205004FFCEFC0
S205004FFDF0BE
S205004FFE9F0E
S205004FFF822A
S2050050009317
S2050050018524
S2050050020A9E
S20500500300A7
S2050050041393
S205005005079E
S2050050061094
S20500500700A3
S205005008930F
S205005009069B
S20500500A1090
S20500500B009F
S20500500C138B
S20500500D0697
S20500500E009C
S20500500F009B
S205005010EFAB
S2050050112079
S2050050129008
S2050050130B8C
S2050050148313
S2050050152A6B
S2050050164153
S2050050170390
S2050050186F23
S205005019F0A1
S20500501ADFB1
S20500501BF49B
S20500501CB7D7
S20500501D1776
S20500501E107C
S20500501F008B
S2050050203753
S2050050211F6A
S2050050221078
S2050050230087
S2050050248303
S205005025AED7
S205005026C7BD
S2050050278AF9
S205005028037F
S205005029235E
S20500502ACFB1
S20500502B9BE4
S20500502C93EB
S20500502D0875
S20500502E007C
S20500502F106B
S20500503093E7
S205005031D8A1
S2050050321860
S2050050330077
S205005034373F
S2050050356E07
S2050050361064
S2050050370073
S20500503893DF
S205005039076A
S20500503A1060
S20500503B006F
S20500503C93DB
S20500503D8FDE
S20500503E88E4
S20500503FFF6C
S2050050402347
S205005041A0C9
S205005042FE6A
S2050050430067
S20500504493D3
S2050050450560
S2050050461351
S2050050470063
S20500504893CF
S20500504988D9
S20500504A78E8
S20500504BFF60
S20500504C134B
S20500504D0657
S20500504E0E4E
S20500504FF06B
S2050050500357
S2050050514811
S2050050524612
S2050050530057
S20500505483D3
S205005055460F
S20500505656FE
S2050050570053
S205005058034F
S205005059470A
S20500505A66EA
S20500505B004F
S20500505C83CB
S20500505D4706
S20500505E76D6
S20500505F004B
S20500506093B7
S20500506196B3
S20500506286C2
S2050050630047
S205005064B393
S205005065E65F
S205005066063E
S2050050670142
S205005068132F
S205005069172A
S20500506A0739
S20500506B013E
S20500506C330B
S20500506D67D6
S20500506ED765
S20500506F003B
S20500507093A7
S20500507197A2
S20500507287B1
S2050050730136
S205005074B383
S205005075E74E
S205005076E74D
S2050050770033
S205005078E34F
S2050050798CA5
S20500507AB779
S20500507BFC33
S20500507C63CB
S20500507D1419
S20500507E1319
S20500507F012A
S205005080E347
S20500508188A1
S2050050820721
S205005083FC2B
S205005084B76F
S20500508567BE
S2050050861014
S2050050870023
S205005088938F
S205005089879A
S20500508A8799
S20500508BF02F
S20500508C33EB
S20500508D031A
S20500508EF329
S20500508F001B
S20500509023F7
S2050050912EEB
S205005092BF59
S2050050939A7D
S20500509423F3
S2050050950015
S205005096A371
S2050050970013
S20500509863AF
S205005099967B
S20500509AF51B
S20500509B010E
S20500509C23EB
S20500509D2EDF
S20500509E0FFD
S20500509F9A71
S2050050A09377
S2050050A10504
S2050050A20008
S2050050A30007
S2050050A49373
S2050050A5F70E
S2050050A6F50F
S2050050A70FF4
S2050050A813EF
S2050050A9D72A
S2050050AA857B
S2050050AB00FF
S2050050AC837B
S2050050AD46B7
S2050050AE0EEE
S2050050AFF00B
S2050050B013E7
S2050050B17782
S2050050B2F701
S2050050B30FE8
S2050050B423D3
S2050050B500F5
S2050050B6FEF6
S2050050B7F003
S2050050B8935F
S2050050B9D71A
S2050050BA05EB
S2050050BB01EE
S2050050BC836B
S2050050BD46A7
S2050050BE1ECE
S2050050BFF0FB
S2050050C09357
S2050050C1F7F2
S2050050C2F7F1
S2050050C30FD8
S2050050C4A343
S2050050C500E5
S2050050C6EEF6
S2050050C7F0F3
S2050050C803DF
S2050050C9479A
S2050050CA2EB2
S2050050CBF0EF
S2050050CC934B
S2050050CDD508
S2050050CE8557
S2050050CF01DA
S2050050D023B7
S2050050D101D8
S2050050D2FEDA
S2050050D3F0E7
S2050050D48353
S2050050D5478E
S2050050D63E96
S2050050D7F0E3
S2050050D8A32F
S2050050D901D0
S2050050DABE12
S2050050DBF0DF
S2050050DC23AB
S2050050DDA02D
S2050050DE0EBE
S2050050DF00CB
S2050050E06763
S2050050E18049
S2050050E200C8
S2050050E300C7
S2050050E4378F
S2050050E516AF
S2050050E610B4
S2050050E700C3
S2050050E8932F
S2050050E907BA
S2050050EA00C0
S2050050EB10AF
S2050050EC3787
S2050050ED6756
S2050050EE10AC
S2050050EF00BB
S2050050F08337
S2050050F12693
S2050050F28632
S2050050F39B1C
S2050050F49323
S2050050F5D7DE
S2050050F6179D
S2050050F700B3
S2050050F8139F
S2050050F907AA
S2050050FA07A9
S2050050FBF0BF
S2050050FC931B
S2050050FD8528
S2050050FE8725
S2050050FFFFAC
S205005100B3F6
S2050051018721
S205005102E7C0
S20500510300A6
S20500510403A2
S205005105A7FD
S205005106475C
S20500510700A2
S205005108E3BE
S2050051090E92
S20500510AD7C8
S20500510BFEA0
S20500510C138A
S20500510D8715
S20500510E8615
S20500510F009A
S2050051103366
S2050051118711
S205005112E7B0
S2050051130096
S2050051140392
S205005115454F
S205005116078C
S2050051170092
S20500511893FE
S205005119860A
S20500511A1679
S20500511B008E
S20500511C236A
S20500511D2C60
S20500511ED6B5
S20500511F9AF0
S2050051201376
S2050051217513
S205005122F592
S2050051230F77
S2050051246322
S20500512596EE
S205005126B6CD
S2050051270082
S205005128235E
S2050051292C54
S20500512A0679
S20500512B9AE4
S20500512C93EA
S20500512D0676
S20500512E007B
S20500512F007A
S2050051302356
S205005131A0D8
S205005132D7A0
S2050051330076
S205005134670E
S20500513580F4
S2050051360073
S2050051370072
S20500513893DE
S205005139056B
S20500513A056A
S20500513B006E
S20500513C3736
S20500513D0567
S20500513E105B
S20500513F006A
S2050051401356
S2050051410167
S2050051420166
S205005143FF67
S2050051441352
S205005145065E
S2050051462043
S205005147075B
S205005148134E
S205005149055B
S20500514A055A
S20500514B3529
S20500514C233A
S20500514D2636
S20500514E114A
S20500514F005A
S205005150EF6A
S2050051511048
S205005152C097
S2050051535501
S205005154EF66
S205005155F064
S2050051561F34
S205005157F959
S20500515883CE
S2050051592030
S20500515AC18E
S20500515B004E
S20500515C133A
S20500515D014B
S20500515E014A
S20500515F0149
S20500516067E2
S20500516180C8
S2050051620047
S2050051630046
S20500516493B2
S205005165053F
S205005166053E
S2050051670042
S205005168370A
S205005169053B
S20500516A102F
S20500516B003E
S20500516C132A
S20500516D013B
S20500516E013A
S20500516FFF3B
S2050051701326
S2050051710533
S2050051720532
S20500517337FF
S2050051742312
S205005175260E
S2050051761122
S2050051770032
S205005178EF42
S2050051791020
S20500517A40EF
S20500517B53DB
S20500517C83AA
S20500517D200C
S20500517EC16A
S20500517F002A
S2050051801316
S2050051810523
S2050051821017
S2050051830026
S2050051841312
S2050051850123
S2050051860122
S2050051870121
S20500518867BA
S20500518980A0
S20500518A001F
S20500518B001E
S20500518C938A
S20500518D0616
S20500518E0615
S20500518F001A
S2050051901306
S2050051918692
S2050051920512
S2050051930016
S2050051949382
S205005195050F
S205005196050E
S2050051970012
S20500519837DA
S205005199050B
S20500519A10FF
S20500519B000E
S20500519C13FA
S20500519D0507
S20500519E8586
S20500519F38D2
S2050051A06F9A
S2050051A110F8
S2050051A2C047
S2050051A350B6
S2050051A437CE
S2050051A505FF
S2050051A610F3
S2050051A70002
S2050051A813EE
S2050051A901FF
S2050051AA01FE
S2050051ABFE00
S2050051AC13EA
S2050051AD05F7
S2050051AE05F6
S2050051AF3BBF
S2050051B023D6
S2050051B12CCC
S2050051B28176
S2050051B300F6
S2050051B423D2
S2050051B52ACA
S2050051B69162
S2050051B700F2
S2050051B823CE
S2050051B928C8
S2050051BA21CE
S2050051BB01ED
S2050051BC23CA
S2050051BD2EBE
S2050051BE11DA
S2050051BF00EA
S2050051C09356
S2050051C104E4
S2050051C241A6
S2050051C300E6
S2050051C4EFF6
S2050051C510D4
S2050051C68063
S2050051C74E94
S2050051C813CE
S2050051C904DC
S2050051CA00DF
S2050051CB00DE
S2050051CC13CA
S2050051CD09D3
S2050051CEF0EB
S2050051CF0FCB
S2050051D06F6A
S2050051D100D8
S2050051D28057
S2050051D300D6
S2050051D413C2
S2050051D504D0
S2050051D614BF
S2050051D700D2
S2050051D8EFE2
S2050051D9F0E0
S2050051DADFF0
S2050051DBF0DE
S2050051DC23AA
S2050051DD804C
S2050051DEA427
S2050051DF00CA
S2050051E09336
S2050051E18444
S2050051E214B3
S2050051E300C6
S2050051E4E3E2
S2050051E518AC
S2050051E6259E
S2050051E7FFC3
S2050051E8635E
S2050051E910B0
S2050051EA04BB
S2050051EB02BC
S2050051EC833A
S2050051ED209C
S2050051EEC1FA
S2050051EF01B9
S2050051F013A6
S2050051F105B3
S2050051F204B3
S2050051F300B6
S2050051F403B2
S2050051F52490
S2050051F68132
S2050051F701B1
S2050051F8832E
S2050051F9248C
S2050051FA416E
S2050051FB01AD
S2050051FC03AA
S2050051FD2983
S2050051FE01AA
S2050051FF01A9
S2050052001395
S20500520101A6
S20500520201A5
S20500520302A3
S205005204673D
S2050052058023
S20500520600A2
S20500520700A1
S205005208930D
S2050052090798
S20500520A049A
S20500520B019C
S20500520C3369
S20500520D8417
S20500520E2773
S20500520F0099
S2050052102375
S2050052110A8D
S2050052120492
S205005213FE97
S2050052140391
S205005215474C
S2050052164151
S2050052170091
S205005218632D
S2050052190689
S20500521A0787
S20500521B0687
S20500521C1379
S20500521D0685
S20500521E5139
S20500521F0089
S2050052201375
S2050052210483
S2050052220086
S2050052230085
S2050052241371
S205005225057E
S20500522690F2
S2050052270081
S205005228136D
S2050052290877
S20500522A502E
S20500522B007D
S20500522C6F0D
S20500522D007B
S20500522EC0BA
S20500522F0178
S20500523093E5
S2050052317700
S205005232F77F
S2050052330F66
S2050052340371
S205005235472C
S205005236066C
S2050052370071
S205005238135D
S205005239145B
S20500523A442A
S20500523B006D
S20500523C1359
S20500523D0665
S20500523E1654
S20500523F0069
S2050052403335
S20500524184E3
S20500524287DF
S2050052430065
S205005244E381
S205005245045F
S205005246075B
S205005247FA67
S20500524893CD
S2050052490758
S20500524A0757
S20500524BFD60
S20500524C93C9
S20500524D0655
S20500524EF763
S20500524FFB5E
S20500525093C5
S205005251F760
S205005252F75F
S2050052530F46
S20500525493C1
S205005255F65D
S205005256F65C
S2050052570F42
S205005258E36D
S2050052597ED1
S20500525AF559
S20500525BFC51
S20500525C93B9
S20500525D0546
S20500525EF753
S20500525FF950
S20500526093B5
S2050052610740
S20500526297AF
S205005263FC49
S20500526493B1
S205005265F54E
S205005266F54D
S2050052670F32
S205005268132D
S2050052690738
S20500526A97A7
S20500526BFA43
S20500526C93A9
S20500526DF744
S20500526EF743
S20500526F0F2A
S205005270E355
S20500527172C5
S205005272D85E
S205005273FC39
S205005274E351
S2050052757EB5
S205005276B87A
S205005277FA37
S20500527837F9
S205005279052A
S20500527A101E
S20500527B002D
S20500527C1319
S20500527D0526
S20500527E45E5
S20500527F32F7
S205005280EF39
S2050052811017
S205005282C066
S20500528342E3
S2050052841311
S205005285041F
S2050052860022
S2050052870021
S2050052886FB1
S205005289F02F
S20500528A5FBF
S20500528BF627
S20500528C37E5
S20500528D0516
S20500528E100A
S20500528F0019
S2050052901305
S2050052910116
S2050052920115
S205005293FF16
S2050052941301
S205005295050E
S205005296050D
S2050052973DD4
S20500529823ED
S20500529926E9
S20500529A11FD
S20500529B000D
S20500529CEF1D
S20500529D10FB
S20500529E000A
S20500529F41C8
S2050052A08385
S2050052A120E7
S2050052A2C145
S2050052A30005
S2050052A413F1
S2050052A50102
S2050052A60101
S2050052A70100
S2050052A86F91
S2050052A9F00F
S2050052AADF1F
S2050052ABE31A
S2050052AC13E9
S2050052AD01FA
S2050052AE01F9
S2050052AFF603
S2050052B023D5
S2050052B12CCB
S2050052B28175
S2050052B308ED
S2050052B423D1
S2050052B52AC9
S2050052B69161
S2050052B708E9
S2050052B823CD
S2050052B928C7
S2050052BA21CD
S2050052BB09E4
S2050052BC23C9
S2050052BD26C5
S2050052BE31B9
S2050052BF09E0
S2050052C023C5
S2050052C120C7
S2050052C26185
S2050052C309DC
S2050052C423C1
S2050052C52EB5
S2050052C611D1
S2050052C708D9
S2050052C823BD
S2050052C924BB
S2050052CA419D
S2050052CB09D4
S2050052CC23B9
S2050052CD22B9
S2050052CE5189
S2050052CF09D0
S2050052D023B5
S2050052D12EA9
S2050052D27165
S2050052D307CE
S2050052D423B1
S2050052D52CA7
S2050052D68151
S2050052D707CA
S2050052D823AD
S2050052D928A7
S2050052DAA12D
S2050052DB07C6
S2050052DC23A9
S2050052DD26A5
S2050052DEB119
S2050052DF07C2
S2050052E013B5
S2050052E1F8CF
S2050052E207BF
S2050052E304C1
S2050052E413B1
S2050052E504BF
S2050052E605BD
S2050052E700C1
S2050052E8932D
S2050052E98936
S2050052EA05B9
S2050052EB00BD
S2050052EC9329
S2050052ED04B7
S2050052EE06B4
S2050052EF00B9
S2050052F013A5
S2050052F1892E
S2050052F206B0
S2050052F300B5
S2050052F413A1
S2050052F50BA8
S2050052F607AB
S2050052F700B1
S2050052F8634D
S2050052F9109F
S2050052FA08A6
S2050052FB1C91
S2050052FCB7F5
S2050052FD0AA1
S2050052FE109A
S2050052FF00A9
S2050053009314
S2050053018A1C
S2050053024A5B
S2050053033E66
S2050053041390
S205005305FCA6
S205005306079A
S205005307019F
S205005308633C
S205005309049A
S20500530A0C91
S20500530B1884
S20500530C1388
S20500530D0793
S20500530E0099
S20500530F0197
S2050053102374
S2050053112274
S205005312E1B4
S2050053130094
S2050053141380
S205005315078B
S2050053160091
S205005317028E
S20500531893FC
S205005319F797
S20500531AE7A6
S20500531BFF8D
S20500531C2368
S20500531D2664
S20500531EE1A8
S20500531F0088
S2050053201374
S205005321F78F
S205005322275E
S2050053230084
S20500532493F0
S205005325FB87
S205005326077A
S205005327027E
S205005328631C
S2050053290E70
S20500532A0776
S20500532B1864
S20500532C6318
S20500532DCAB0
S20500532E0970
S20500532F2058
S2050053301364
S205005331F77F
S205005332472E
S2050053330074
S2050053346310
S2050053351260
S205005336076A
S2050053371E52
S20500533893DC
S205005339F777
S20500533A87E6
S20500533B006C
S20500533C2348
S20500533D2446
S20500533E0168
S20500533F0068
S2050053406304
S20500534188DE
S205005342075E
S2050053430064
S20500534493D0
S205005345075B
S2050053460061
S205005347025E
S205005348134C
S2050053490955
S20500534AF964
S20500534BFF5D
S20500534C2338
S20500534D2436
S20500534EF168
S20500534F0058
S20500535063F4
S2050053518EC8
S2050053520B4A
S2050053530054
S20500535493C0
S205005355074B
S2050053560051
S205005357014F
S20500535863EC
S20500535982CC
S20500535AF459
S20500535B202C
S20500535C93B8
S20500535D87C3
S20500535E84C5
S20500535FFF49
S20500536093B4
S205005361B78F
S205005362172E
S2050053630044
S20500536493B0
S2050053650B37
S2050053660041
S205005367023E
S205005368330C
S2050053690935
S20500536AF944
S20500536B40FC
S20500536C63D8
S20500536D90AA
S20500536E0930
S20500536F1622
S20500537093A4
S205005371072F
S2050053720035
S2050053730331
S2050053742310
S2050053750E24
S205005376F140
S2050053770030
S205005378131C
S2050053790D21
S20500537A101D
S20500537B002C
S20500537C9398
S20500537D0D1D
S20500537EC168
S20500537F0127
S2050053801314
S2050053810A1C
S2050053820D18
S2050053830024
S20500538463C0
S20500538554CE
S2050053866DB4
S205005387011F
S205005388130C
S2050053890A14
S20500538A0B12
S20500538B001C
S20500538C8398
S20500538D27F3
S20500538E41D8
S20500538F0018
S20500539033E4
S205005391090D
S20500539249CC
S20500539341D3
S20500539463B0
S2050053959082
S205005396070A
S205005397020E
S20500539863AC
S2050053995AB4
S20500539A20ED
S20500539B1FED
S20500539C13F8
S20500539D0604
S20500539E0900
S20500539F0008
S2050053A013F4
S2050053A10501
S2050053A20401
S2050053A30004
S2050053A49370
S2050053A505FD
S2050053A60001
S2050053A702FE
S2050053A833CC
S2050053A904FA
S2050053AA24D9
S2050053AB01FB
S2050053ACEF0C
S2050053ADE01A
S2050053AE1FDA
S2050053AFF107
S2050053B013E4
S2050053B109ED
S2050053B2F005
S2050053B3FFF5
S2050053B48370
S2050053B527CB
S2050053B68170
S2050053B700F0
S2050053B8638C
S2050053B98668
S2050053BA07E6
S2050053BB00EC
S2050053BC23C8
S2050053BD00EA
S2050053BEF4F5
S2050053BF00E8
S2050053C013D4
S2050053C104E2
S2050053C214D1
S2050053C300E4
S2050053C46380
S2050053C58A58
S2050053C60BD6
S2050053C700E0
S2050053C813CC
S2050053C907D7
S2050053CA805D
S2050053CB00DC
S2050053CC6378
S2050053CD8E4C
S2050053CEE4F5
S2050053CF18C0
S2050053D013C4
S2050053D107CF
S2050053D200D5
S2050053D301D3
S2050053D46370
S2050053D58A48
S2050053D6E4ED
S2050053D714BC
S2050053D8636C
S2050053D910BE
S2050053DA0CC1
S2050053DB02CA
S2050053DC6368
S2050053DD5476
S2050053DE20A9
S2050053DF1BAD
S2050053E08344
S2050053E125A1
S2050053E2C104
S2050053E300C4
S2050053E413B0
S2050053E506BC
S2050053E609B8
S2050053E700C0
S2050053E813AC
S2050053E905B9
S2050053EA04B9
S2050053EB00BC
S2050053ECEFCC
S2050053EDE0DA
S2050053EE1F9A
S2050053EFEDCB
S2050053F03384
S2050053F104B2
S2050053F22491
S2050053F301B3
S2050053F413A0
S2050053F509A9
S2050053F6F0C1
S2050053F7FFB1
S2050053F8634C
S2050053F95E50
S2050053FA4D60
S2050053FB01AB
S2050053FC3378
S2050053FD0AA0
S2050053FEAAFF
S2050053FF4167
S2050054001393
S20500540105A0
S20500540204A0
S20500540300A3
S205005404138F
S205005405069B
S2050054060A96
S205005407009F
S205005408930B
S2050054090598
S20500540A009C
S20500540B0398
S20500540CEFAB
S20500540DE0B9
S20500540E1F79
S20500540FEBAC
S2050054103363
S2050054110491
S2050054124450
S2050054130192
S205005414B3DF
S205005415870A
S2050054163D53
S205005417018E
S205005418137B
S2050054190786
S20500541A0488
S20500541B008B
S20500541C0387
S20500541DC6C3
S20500541E0781
S20500541F0087
S20500542093F3
S20500542186FF
S205005422077D
S2050054230083
S205005424136F
S205005425077A
S2050054261769
S205005427007F
S205005428A3DB
S2050054290F6E
S20500542AC7B5
S20500542BFE7D
S20500542C93E7
S20500542D87F2
S20500542EF781
S20500542FFF78
S205005430E393
S20500543196DF
S205005432DD97
S205005433FE75
S20500543493DF
S20500543589E8
S2050054361957
S205005437006F
S205005438333B
S2050054390469
S20500543A3438
S20500543B016A
S20500543C6307
S20500543D5C0D
S20500543E2048
S20500543F0166
S2050054401353
S2050054410560
S2050054420460
S2050054430063
S205005444134F
S205005445065B
S2050054460957
S205005447005F
S20500544893CB
S2050054490558
S20500544A005C
S20500544B0259
S20500544CEF6B
S20500544DE079
S20500544E1F39
S20500544FE770
S2050054503323
S2050054510451
S2050054522430
S2050054530152
S20500545483CF
S2050054552031
S205005456C18F
S2050054570946
S205005458133B
S2050054590548
S20500545A0448
S20500545B004B
S20500545C0347
S20500545D2425
S20500545E81C7
S20500545F093E
S20500546083C3
S2050054612421
S2050054624103
S205005463093A
S205005464033F
S2050054652918
S205005466013F
S2050054670936
S20500546883BB
S2050054692914
S20500546AC17B
S20500546B0833
S20500546C0337
S20500546D2A0F
S20500546E81B7
S20500546F082F
S20500547083B3
S2050054712A0B
S20500547241F3
S205005473082B
S205005474032F
S2050054752B06
S205005476012F
S2050054770827
S20500547883AB
S2050054792B02
S20500547AC16B
S20500547B0724
S20500547C0327
S20500547D2CFD
S20500547E81A7
S20500547F0720
S2050054800323
S2050054812DF8
S2050054820123
S205005483071C
S205005484839F
S2050054852DF4
S205005486C15F
S2050054870619
S205005488130B
S205005489011C
S20500548A011B
S20500548B0A11
S20500548C67B3
S20500548D8099
S20500548E0018
S20500548F0017
S2050054909383
S205005491F61F
S20500549217FD
S2050054930112
S20500549413FF
S205005495F71A
S20500549617F9
S205005497000F
S20500549823EB
S20500549922EB
S20500549AD13B
S20500549B000B
S20500549C63A7
S20500549D0CFD
S20500549E0701
S20500549F0EF9
S2050054A013F3
S2050054A107FE
S2050054A20004
S2050054A30300
S2050054A423DF
S2050054A526DB
S2050054A6E11F
S2050054A700FF
S2050054A813EB
S2050054A9F706
S2050054AA27D5
S2050054AB00FB
S2050054AC9367
S2050054ADFBFE
S2050054AE07F1
S2050054AF02F5
S2050054B06393
S2050054B10AEB
S2050054B207ED
S2050054B300F3
S2050054B46F83
S2050054B5F001
S2050054B69F51
S2050054B7E708
S2050054B8B737
S2050054B90AE3
S2050054BA10DC
S2050054BB00EB
S2050054BC9357
S2050054BD8A5F
S2050054BECA1E
S2050054BF40A7
S2050054C06F77
S2050054C1F0F5
S2050054C25F85
S2050054C3E4FF
S2050054C423BF
S2050054C524BD
S2050054C601DF
S2050054C700DF
S2050054C86F6F
S2050054C9F0ED
S2050054CA9F3D
S2050054CBE8F3
S2050054CC23B7
S2050054CD2AAF
S2050054CE9147
S2050054CF07D0
S2050054D013C3
S2050054D18550
S2050054D209CB
S2050054D300D3
S2050054D413BF
S2050054D50DC4
S2050054D600D0
S2050054D700CF
S2050054D8933B
S2050054D90DC0
S2050054DAC10B
S2050054DB01CA
S2050054DC9337
S2050054DD8544
S2050054DE04C4
S2050054DF00C7
S2050054E013B3
S2050054E10ABB
S2050054E205BF
S2050054E300C3
S2050054E4EFD3
S2050054E5E0E1
S2050054E6DFE1
S2050054E7B40B
S2050054E8338B
S2050054E98538
S2050054EAAA12
S2050054EB00BB
S2050054EC8337
S2050054ED4673
S2050054EE05B3
S2050054EF00B7
S2050054F09323
S2050054F109AC
S2050054F20DA7
S2050054F300B3
S2050054F4139F
S2050054F50DA4
S2050054F61D93
S2050054F700AF
S2050054F8B3FB
S2050054F98C21
S2050054FAADFF
S2050054FB01AA
S2050054FC9317
S2050054FD8524
S2050054FE04A4
S2050054FF00A7
S2050055001392
S205005501059F
S2050055020A99
S20500550300A2
S205005504A3FE
S2050055058F11
S205005506DCC3
S205005507FEA0
S205005508EFAE
S205005509E0BC
S20500550A1F7C
S20500550BAEEC
S20500550CE3B6
S20500550D7820
S20500550E9AFD
S20500550FFC9A
S2050055108312
S2050055112C68
S2050055124152
S205005513078B
S2050055146F22
S205005515F0A0
S205005516DFB0
S205005517E6A8
S20500551893FA
S2050055190785
S20500551AB0DB
S20500551B0288
S20500551C1376
S20500551D097F
S20500551EF98E
S20500551FFF87
S2050055202362
S2050055212460
S205005522F192
S2050055230082
S2050055246F12
S205005525F090
S205005526DFA0
S205005527E29C
S205005528136A
S2050055290775
S20500552A007B
S20500552B0377
S20500552C2356
S20500552D0078
S20500552EE493
S20500552F0076
S2050055301362
S205005531076D
S20500553280F3
S205005533076B
S205005534A3CE
S2050055350070
S205005536E48B
S205005537006E
S205005538135A
S2050055390468
S20500553A2447
S20500553B006A
S20500553C6FFA
S20500553DF078
S20500553EDF88
S20500553FE97D
S205005540B3B2
S205005541095B
S2050055423033
S2050055434121
S205005544134E
S2050055450957
S205005546F966
S205005547FF5F
S20500554863FA
S20500554998C4
S20500554A0B50
S20500554B0258
S20500554C93C6
S20500554D0751
S20500554ED087
S20500554F0254
S2050055502332
S2050055512A2A
S20500555291C2
S205005553074B
S205005554232E
S205005555242C
S205005556F15E
S205005557004E
S2050055586FDE
S205005559F05C
S20500555A9FAC
S20500555BF753
S20500555C1336
S20500555D093F
S20500555EE95E
S20500555FFF47
S20500556093B2
S2050055610B39
S2050055620043
S2050055630240
S2050055646FD2
S205005565F050
S2050055669FA0
S205005567E05E
S205005568132A
S2050055690735
S20500556A003B
S20500556B0337
S20500556C2316
S20500556D0038
S20500556EE453
S20500556F0036
S2050055701322
S2050055710430
S205005572141F
S2050055730032
S2050055746FC2
S205005575F040
S2050055765FD0
S205005577E648
S205005578939A
S2050055790725
S20500557AD05B
S20500557B0228
S20500557C2306
S20500557D2404
S20500557EF136
S20500557F0026
S2050055806FB6
S205005581F034
S2050055825FC4
S205005583DD45
S205005584130E
S2050055850917
S205005586F926
S205005587FF1F
S2050055886FAE
S205005589F02C
S20500558A1FFC
S20500558BE733
S20500558C1306
S20500558D090F
S20500558EF91E
S20500558FFF17
S2050055906FA6
S205005591F024
S2050055925FB4
S205005593E230
S20500559413FE
S2050055950709
S205005596000F
S205005597020C
S20500559823EA
S20500559922EA
S20500559A010A
S20500559B000A
S20500559C23E6
S20500559D26E2
S20500559EE126
S20500559F0006
S2050055A06F96
S2050055A1F014
S2050055A21FE4
S2050055A3D82A
S2050055A413EE
S2050055A501FF
S2050055A601FE
S2050055A7EF0F
S2050055A823DA
S2050055A926D6
S2050055AA11EA
S2050055AB10EA
S2050055AC23D6
S2050055AD22D6
S2050055AE9166
S2050055AF10E6
S2050055B08372
S2050055B1C72D
S2050055B205EE
S2050055B300F2
S2050055B423CE
S2050055B524CC
S2050055B6A14E
S2050055B700EE
S2050055B8E30A
S2050055B98E5E
S2050055BA07E4
S2050055BB3EAC
S2050055BCB732
S2050055BD08E0
S2050055BE10D7
S2050055BF00E6
S2050055C023C2
S2050055C124C0
S2050055C28162
S2050055C310D2
S2050055C423BE
S2050055C520C0
S2050055C621BE
S2050055C711CD
S2050055C823BA
S2050055C92EAE
S2050055CA31AA
S2050055CB0FCB
S2050055CC23B6
S2050055CD2CAC
S2050055CE4196
S2050055CF0FC7
S2050055D023B2
S2050055D12AAA
S2050055D25182
S2050055D30FC3
S2050055D423AE
S2050055D528A8
S2050055D6616E
S2050055D70FBF
S2050055D823AA
S2050055D926A6
S2050055DA715A
S2050055DB0FBB
S2050055DC23A6
S2050055DD24A4
S2050055DE8146
S2050055DF0FB7
S2050055E023A2
S2050055E122A2
S2050055E29132
S2050055E30FB3
S2050055E4239E
S2050055E520A0
S2050055E6A11E
S2050055E70FAF
S2050055E8239A
S2050055E92E8E
S2050055EAB10A
S2050055EB0DAD
S2050055EC13A6
S2050055ED8434
S2050055EE05B2
S2050055EF00B6
S2050055F09322
S2050055F10BA9
S2050055F206AD
S2050055F300B2
S2050055F4931E
S2050055F504AC
S2050055F605AA
S2050055F700AE
S2050055F8931A
S2050055F909A3
S2050055FA505B
S2050055FB02A8
S2050055FC1396
S2050055FD0B9D
S2050055FE00A7
S2050055FF01A5
S2050056001391
S205005601891A
S205005602C8DA
S2050056036839
S205005604930D
S2050056050A95
S205005606900E
S205005607009D
S2050056081389
S2050056090A91
S20500560AE0BA
S20500560B0297
S20500560C6335
S20500560D8017
S20500560E375F
S20500560F078E
S2050056102371
S2050056118013
S205005612F49E
S2050056130091
S205005614830D
S2050056154748
S205005616147A
S205005617008D
S20500561893F9
S2050056198407
S20500561A1476
S20500561B0089
S20500561C1375
S20500561D0483
S20500561E1472
S20500561F0085
S205005620E3A1
S20500562196ED
S205005622077B
S205005623FE83
S205005624037D
S205005625245B
S20500562681FD
S205005627106D
S2050056280379
S2050056292952
S20500562A0179
S20500562B1069
S20500562C83F5
S20500562D294E
S20500562EC1B5
S20500562F0F66
S2050056300371
S2050056312A49
S20500563281F1
S2050056330F62
S20500563483ED
S2050056352A45
S205005636412D
S2050056370F5E
S2050056380369
S2050056392B40
S20500563A0169
S20500563B0F5A
S20500563C83E5
S20500563D2B3C
S20500563EC1A5
S20500563F0E57
S2050056400361
S2050056412C37
S20500564281E1
S2050056430E53
S20500564483DD
S2050056452C33
S205005646411D
S2050056470E4F
S2050056480359
S2050056492D2E
S20500564A0159
S20500564B0E4B
S20500564C83D5
S20500564D2D2A
S20500564EC195
S20500564F0D48
S2050056502331
S20500565180D3
S205005652044E
S2050056530051
S20500565483CD
S2050056552728
S20500565681CD
S205005657004D
S20500565883C9
S205005659202B
S20500565AC189
S20500565B1039
S20500565C3315
S20500565D85C2
S20500565EF452
S20500565F4005
S20500566083C1
S205005661241F
S2050056624101
S2050056631031
S205005664132D
S205005665013E
S205005666013D
S205005667112C
S20500566867D5
S20500566980BB
S20500566A003A
S20500566B0039
S20500566C93A5
S20500566D0730
S20500566E0036
S20500566F0035
S2050056700331
S20500567148EB
S205005672141E
S2050056730031
S205005674939D
S2050056750C23
S205005676141A
S205005677002D
S2050056781319
S2050056790724
S20500567A0822
S20500567BFE2B
S20500567C1315
S20500567D77B0
S20500567EF72F
S20500567F0F16
S20500568063C1
S2050056816AB9
S205005682EB37
S2050056830021
S205005684130D
S2050056851708
S20500568627F7
S205005687001D
S20500568833E9
S2050056890714
S20500568A27F3
S20500568B0118
S20500568C0315
S20500568D27F0
S20500568E070F
S20500568F0015
S20500569067AD
S2050056910013
S205005692070B
S2050056930011
S20500569413FD
S2050056950708
S2050056960806
S205005697FD10
S20500569813F9
S2050056997794
S20500569AF713
S20500569B0FFA
S20500569C63A5
S20500569DFE09
S20500569EEA1C
S20500569F10F5
S2050056A013F1
S2050056A107FC
S2050056A2A062
S2050056A302FF
S2050056A413ED
S2050056A50DF2
S2050056A6F00E
S2050056A7FFFE
S2050056A86399
S2050056A902F9
S2050056AAE812
S2050056AB14E5
S2050056AC9365
S2050056AD0DEA
S2050056AEF006
S2050056AFFFF6
S2050056B06391
S2050056B10EE5
S2050056B248AA
S2050056B30DE4
S2050056B413DD
S2050056B57778
S2050056B6F8F6
S2050056B70DE0
S2050056B89359
S2050056B906E5
S2050056BAC02A
S2050056BB04E5
S2050056BC6385
S2050056BD0ED9
S2050056BED70F
S2050056BF08DD
S2050056C013D1
S2050056C107DC
S2050056C2F8EA
S2050056C3FBE6
S2050056C413CD
S2050056C57768
S2050056C6F7E7
S2050056C70FCE
S2050056C89349
S2050056C906D5
S2050056CA706A
S2050056CB03D6
S2050056CC6375
S2050056CDECEB
S2050056CEE6F0
S2050056CF04D1
S2050056D0B71D
S2050056D106CD
S2050056D210C2
S2050056D300D1
S2050056D413BD
S2050056D517B8
S2050056D627A7
S2050056D700CD
S2050056D89339
S2050056D98645
S2050056DA06C4
S2050056DB6D5C
S2050056DC3395
S2050056DD07C0
S2050056DED7EF
S2050056DF00C5
S2050056E003C1
S2050056E1279C
S2050056E207BB
S2050056E300C1
S2050056E46759
S2050056E500BF
S2050056E607B7
S2050056E700BD
S2050056E89329
S2050056E9E7D4
S2050056EA17A3
S2050056EB00B9
S2050056EC13A5
S2050056ED8433
S2050056EE0CAA
S2050056EF00B5
S2050056F06F45
S2050056F1F0C3
S2050056F21F93
S2050056F3F8B9
S2050056F4931D
S2050056F5E7C8
S2050056F607A7
S2050056F701AC
S2050056F81399
S2050056F98427
S2050056FA0C9E
S2050056FB00A9
S2050056FC6F39
S2050056FDF0B7
S2050056FE5F47
S2050056FFF7AE
S2050057009310
S205005701E7BB
S205005702475A
S20500570300A0
S205005704138C
S205005705841A
S2050057060C91
S205005707009C
S2050057086F2C
S205005709F0AA
S20500570A9FFA
S20500570BF6A2
S20500570C9304
S20500570DE7AF
S20500570E078E
S20500570F0292
S2050057101380
S205005711840E
S2050057120C85
S2050057130090
S2050057146F20
S205005715F09E
S205005716DFAE
S205005717F597
S20500571893F8
S205005719E7A3
S20500571A8702
S20500571B0088
S20500571C1374
S20500571D8402
S20500571E0C79
S20500571F0084
S2050057206F14
S205005721F092
S2050057221F62
S205005723F58B
S205005724136C
S2050057258CF2
S2050057260C71
S205005727007C
S20500572893E8
S2050057290773
S20500572A5029
S20500572B0276
S20500572C6314
S20500572D0A6C
S20500572EF87D
S20500572F0074
S2050057302350
S20500573180F2
S205005732F47D
S2050057330070
S205005734036C
S2050057354826
S2050057360C61
S205005737006C
S20500573893D8
S20500573984E6
S20500573A1455
S20500573B0068
S20500573CE384
S20500573D0462
S20500573E085D
S20500573FEE76
S2050057402340
S20500574180E2
S205005742045D
S205005743015F
S20500574483DC
S2050057454717
S2050057461C41
S205005747005C
S2050057481348
S2050057490456
S20500574A1C3D
S20500574B0058
S20500574C93C4
S20500574D84D2
S20500574E1441
S20500574F0054
S205005750E370
S2050057519EB4
S205005752074A
S205005753EA66
S2050057546FE0
S205005755F05E
S2050057561F2E
S205005757ED5F
S20500575893B8
S2050057590545
S20500575A0841
S20500575B0048
S20500575C0344
S20500575DC87E
S20500575E1C29
S20500575F0044
S20500576093B0
S205005761063C
S20500576270D1
S205005763033D
S205005764132C
S2050057658CB2
S2050057661C21
S205005767003C
S2050057681328
S2050057690733
S20500576AF841
S20500576BFB3D
S20500576C1324
S20500576D77BF
S20500576EF73E
S20500576F0F25
S205005770E350
S205005771EC46
S205005772E64B
S205005773FA36
S205005774B778
S2050057750628
S205005776101D
S205005777002C
S2050057781318
S2050057791713
S20500577A2702
S20500577B0028
S20500577C9394
S20500577D86A0
S20500577E061F
S20500577F7BA9
S20500578033F0
S205005781071B
S205005782D74A
S2050057830020
S205005784031C
S20500578527F7
S2050057860716
S205005787001C
S20500578867B4
S205005789001A
S20500578A0712
S20500578B0018
S20500578C0314
S20500578DC84E
S20500578E1CF9
S20500578F0014
S2050057901300
S205005791060C
S2050057929081
S2050057930010
S205005794937C
S2050057958688
S2050057961CF1
S205005797000C
S20500579813F8
S2050057990703
S20500579A0801
S20500579BFD0B
S20500579C13F4
S20500579D778F
S20500579EF70E
S20500579F0FF5
S2050057A063A0
S2050057A17092
S2050057A2E61B
S2050057A30AF6
S2050057A413EC
S2050057A507F7
S2050057A6A05D
S2050057A702FA
S2050057A86398
S2050057A90CEE
S2050057AAE811
S2050057AB0CEC
S2050057AC9364
S2050057AD8C6A
S2050057AE06EF
S2050057AF00F4
S2050057B09360
S2050057B10DE5
S2050057B200F1
S2050057B300F0
S2050057B46F80
S2050057B5F0FE
S2050057B61FCE
S2050057B7F0FC
S2050057B813D8
S2050057B90DDD
S2050057BA00E9
S2050057BB00E8
S2050057BC9354
S2050057BD06E0
S2050057BE9055
S2050057BF00E4
S2050057C013D0
S2050057C117CB
S2050057C22DB4
S2050057C300E0
S2050057C433AC
S2050057C507D7
S2050057C6A736
S2050057C701DB
S2050057C89348
S2050057C98C4E
S2050057CA1CBD
S2050057CB00D8
S2050057CC13C4
S2050057CD17BF
S2050057CE17BE
S2050057CF00D4
S2050057D033A0
S2050057D107CB
S2050057D207CA
S2050057D301CF
S2050057D403CC
S2050057D5C806
S2050057D60CC1
S2050057D700CC
S2050057D813B8
S2050057D90DBD
S2050057DA07C2
S2050057DBFDCB
S2050057DC13B4
S2050057DD07BF
S2050057DE08BD
S2050057DFFDC7
S2050057E013B0
S2050057E1774B
S2050057E2F7CA
S2050057E30FB1
S2050057E4E3DC
S2050057E5FEC0
S2050057E6E6D7
S2050057E7FCC0
S2050057E86F4C
S2050057E9F0CA
S2050057EA5F5A
S2050057EBECCC
S2050057EC03B4
S2050057EDAD09
S2050057EE0BAA
S2050057EF00B4
S2050057F003B0
S2050057F1486A
S2050057F2248D
S2050057F300B0
S2050057F4931C
S2050057F50CA2
S2050057F62489
S2050057F700AC
S2050057F89318
S2050057F98B1F
S2050057FA4B5E
S2050057FB00A8
S2050057FCE3C4
S2050057FD584E
S2050057FE0D98
S2050057FFEABA
S205005800336F
S2050058010D94
S205005802A000
S205005803415E
S205005804930B
S205005805E7B6
S2050058060795
S205005807019A
S2050058086F2B
S205005809F0A9
S20500580A5F39
S20500580BEAAD
S20500580C1383
S20500580D8C09
S20500580E0C88
S20500580F0093
S205005810137F
S205005811068B
S205005812A0F0
S205005813008F
S205005814830B
S205005815A5E8
S2050058160B81
S205005817008B
S20500581893F7
S2050058198BFE
S20500581A4B3D
S20500581B0087
S20500581C1373
S20500581D8500
S20500581E0480
S20500581F0083
S205005820136F
S20500582187FA
S2050058220D73
S205005823007F
S20500582493EB
S2050058250677
S2050058260D6F
S205005827007B
S205005828EF8B
S205005829F089
S20500582A5F19
S20500582BA8CF
S20500582C83F3
S20500582D472E
S20500582E1C58
S20500582F0073
S20500583093DF
S205005831046D
S205005832056B
S205005833006F
S205005834135B
S2050058350469
S2050058361C50
S205005837006B
S205005838E387
S2050058399ACF
S20500583A0761
S20500583BDC8B
S20500583C6FF7
S20500583DF075
S20500583E9FC5
S20500583FDE85
S20500584093CF
S2050058410E53
S2050058420060
S205005843005F
S205005844134B
S20500584597C6
S2050058462E2E
S205005847005B
S2050058483327
S2050058490752
S20500584AD781
S20500584B0156
S20500584C93C3
S20500584D86CF
S20500584E163E
S20500584F0053
S205005850133F
S205005851173A
S2050058521739
S205005853004F
S205005854331B
S2050058550746
S2050058560745
S205005857014A
S2050058580347
S205005859C881
S20500585A0642
S20500585B0047
S20500585C93B3
S20500585D0E37
S20500585E073D
S20500585FFD46
S205005860132F
S205005861073A
S2050058620838
S205005863FD42
S205005864132B
S20500586577C6
S205005866F745
S2050058670F2C
S205005868E357
S2050058697EBB
S20500586AE652
S20500586BFC3B
S20500586C1323
S20500586DC76E
S20500586EFE36
S20500586FFF34
S205005870131F
S20500587157DA
S205005872F739
S20500587341EE
S205005874B37B
S205005875FD30
S205005876EE3E
S205005877002B
S2050058789397
S2050058798C9D
S20500587A0622
S20500587B0027
S20500587C6FB7
S20500587DF035
S20500587E9F85
S20500587FE340
S205005880839F
S205005881AD74
S2050058820B15
S205005883001F
S205005884031B
S205005885C855
S2050058862CF0
S205005887001B
S2050058889387
S2050058898B8E
S20500588A4BCD
S20500588B0017
S20500588C1303
S20500588DC74E
S20500588EFD17
S20500588FFF14
S20500589013FF
S20500589157BA
S205005892F719
S20500589341CE
S205005894B35B
S205005895FD10
S205005896ED1F
S205005897000B
S2050058989377
S2050058998C7D
S20500589A2CDC
S20500589B0007
S20500589C6F97
S20500589DF015
S20500589E9F65
S20500589FE122
S2050058A013EF
S2050058A107FA
S2050058A2C040
S2050058A306F9
S2050058A4936B
S2050058A5E716
S2050058A627D5
S2050058A700FB
S2050058A8E317
S2050058A98475
S2050058AAE513
S2050058ABF601
S2050058AC13E3
S2050058AD876E
S2050058AE4BA9
S2050058AF00F3
S2050058B0836F
S2050058B1A54C
S2050058B20BE5
S2050058B300EF
S2050058B413DB
S2050058B506E7
S2050058B6A04C
S2050058B700EB
S2050058B89357
S2050058B90BDE
S2050058BA07E1
S2050058BB00E7
S2050058BC6F77
S2050058BDF0F5
S2050058BE1FC5
S2050058BFF6ED
S2050058C013CF
S2050058C18C55
S2050058C20CD4
S2050058C300DF
S2050058C413CB
S2050058C506D7
S2050058C6805C
S2050058C700DB
S2050058C86F6B
S2050058C9F0E9
S2050058CADFF9
S2050058CBF4E3
S2050058CC13C3
S2050058CD8C49
S2050058CE0CC8
S2050058CF00D3
S2050058D013BF
S2050058D106CB
S2050058D200D0
S2050058D301CE
S2050058D46F5F
S2050058D5F0DD
S2050058D61FAD
S2050058D7F4D7
S2050058D813B7
S2050058D98C3D
S2050058DA0CBC
S2050058DB00C7
S2050058DC03C3
S2050058DDA421
S2050058DE0BB9
S2050058DF00C3
S2050058E0932F
S2050058E18B36
S2050058E24B75
S2050058E300BF
S2050058E4E3DB
S2050058E504B9
S2050058E604B8
S2050058E72E8D
S2050058E803B7
S2050058E94772
S2050058EA04B4
S2050058EB00B7
S2050058ECE3D3
S2050058ED04B1
S2050058EE07AD
S2050058EF387B
S2050058F0E3CF
S2050058F1822F
S2050058F20DA3
S2050058F33877
S2050058F4139B
S2050058F507A6
S2050058F604A8
S2050058F700AB
S2050058F86F3B
S2050058F900A9
S2050058FAC0E8
S2050058FB00A7
S2050058FCB3F3
S2050058FD069F
S2050058FEB7ED
S2050058FF4162
S205005900633E
S2050059018818
S2050059028619
S205005903009E
S205005904831A
S2050059054656
S2050059061784
S205005907009A
S2050059081386
S2050059090791
S20500590A1780
S20500590B0096
S20500590CE3B2
S20500590D98FC
S20500590E068D
S20500590FFE94
S20500591093FE
S205005911F799
S2050059120788
S205005913018D
S205005914B3DA
S2050059150C80
S2050059168704
S205005917404A
S2050059186326
S2050059198AFE
S20500591A0780
S20500591B0A7C
S20500591C6322
S20500591D5232
S20500591E90F3
S20500591F0979
S20500592093EE
S20500592187F9
S205005922FC83
S205005923FF7F
S205005924136A
S2050059250775
S205005926601B
S205005927007A
S205005928E396
S2050059297404
S20500592AF780
S20500592B0A6C
S20500592CB3C2
S20500592DE78D
S20500592E84EF
S20500592F0072
S20500593093DE
S205005931F779
S2050059323738
S205005933006E
S205005934E38A
S2050059359ECE
S2050059360764
S2050059370862
S20500593893D6
S2050059390761
S20500593A1453
S20500593B0066
S20500593C3332
S20500593D87DD
S20500593EF46F
S20500593F4022
S205005940134E
S2050059413729
S2050059423728
S205005943005E
S205005944E37A
S2050059451844
S2050059460754
S2050059470852
S20500594893C6
S205005949F563
S20500594ACC8B
S20500594BFF57
S20500594C93C2
S20500594D87CD
S20500594E044F
S20500594F0052
S205005950331E
S205005951064A
S205005952B49B
S205005953004E
S205005954034A
S2050059552725
S2050059560447
S205005957004A
S2050059581336
S2050059590444
S20500595A4403
S20500595B0046
S20500595C93B2
S20500595D87BD
S20500595E47FC
S20500595F0042
S205005960231E
S205005961AE92
S205005962E758
S205005963FE40
S205005964E35A
S2050059651824
S20500596686B5
S205005967FE3C
S2050059683306
S20500596987B1
S20500596AB483
S20500596B0036
S20500596CB382
S20500596D86AE
S20500596E949F
S20500596F0131
S20500597063CE
S20500597186AA
S205005972959A
S205005973032B
S205005974032A
S20500597545E7
S2050059760625
S205005977002A
S2050059789396
S20500597987A1
S20500597A1512
S20500597B0026
S20500597C2302
S20500597D0024
S20500597EA77C
S20500597F0022
S20500598063BE
S205005981DE42
S2050059829788
S205005983011D
S205005984839A
S20500598547D5
S2050059861605
S205005987001A
S2050059889386
S2050059898593
S20500598A25F2
S20500598B0016
S20500598CA372
S20500598D0014
S20500598EF71C
S20500598F0012
S20500599063AE
S205005991D63A
S205005992957A
S205005993010D
S205005994838A
S20500599547C5
S20500599626E5
S205005997000A
S20500599823E6
S2050059990107
S20500599AF710
S20500599B0006
S20500599C9372
S20500599D8480
S20500599E06FD
S20500599F0002
S2050059A013EE
S2050059A104FC
S2050059A21CE3
S2050059A300FE
S2050059A4E31A
S2050059A5DA22
S2050059A6AC4F
S2050059A73DBD
S2050059A8B346
S2050059A90CEC
S2050059AA9D5A
S2050059AB41B5
S2050059AC13E2
S2050059AD856F
S2050059AE04EF
S2050059AF00F2
S2050059B013DE
S2050059B1866A
S2050059B20CE3
S2050059B300EE
S2050059B4935A
S2050059B505E7
S2050059B600EB
S2050059B702E8
S2050059B8EFFA
S2050059B9E008
S2050059BA5F88
S2050059BB9056
S2050059BC8362
S2050059BD479D
S2050059BE1CC7
S2050059BF00E2
S2050059C0B32E
S2050059C1845C
S2050059C2944B
S2050059C301DD
S2050059C4E3FA
S2050059C59448
S2050059C607D4
S2050059C7C416
S2050059C86F6A
S2050059C9F0E8
S2050059CADFF8
S2050059CBC511
S2050059CCE3F2
S2050059CDD400
S2050059CEAC27
S2050059CF339F
S2050059D0B31E
S2050059D10DC3
S2050059D29D32
S2050059D3418D
S2050059D413BA
S2050059D58547
S2050059D604C7
S2050059D700CA
S2050059D813B6
S2050059D98642
S2050059DA0DBA
S2050059DB00C6
S2050059DC9332
S2050059DD05BF
S2050059DE00C3
S2050059DF02C0
S2050059E0EFD2
S2050059E1E0E0
S2050059E2DFE0
S2050059E38D31
S2050059E413AA
S2050059E58D2F
S2050059E6FCBF
S2050059E7FFBB
S2050059E8B306
S2050059E98434
S2050059EAB403
S2050059EB01B5
S2050059EC6F46
S2050059EDF0C4
S2050059EE1F94
S2050059EFF3BF
S2050059F0139E
S2050059F18C24
S2050059F20CA3
S2050059F300AE
S2050059F4931A
S2050059F58B21
S2050059F67B30
S2050059F700AA
S2050059F89316
S2050059F9FBAD
S2050059FA8B1C
S2050059FBFFA7
S2050059FC9312
S2050059FDF6AE
S2050059FE079C
S2050059FF01A1
S205005A00039D
S205005A01A8F7
S205005A020B93
S205005A03009D
S205005A040399
S205005A05A4F7
S205005A064B4F
S205005A070099
S205005A089305
S205005A098B0C
S205005A0A8B0B
S205005A0B0095
S205005A0C6331
S205005A0D840F
S205005A0E068C
S205005A0F7E13
S205005A1093FD
S205005A11F798
S205005A12E7A7
S205005A13FF8E
S205005A1493F9
S205005A15EC9F
S205005A162763
S205005A170089
S205005A1893F5
S205005A190780
S205005A1A0086
S205005A1B0184
S205005A1C2361
S205005A1D265D
S205005A1EF191
S205005A1F0081
S205005A2093ED
S205005A210778
S205005A22007E
S205005A23027B
S205005A242359
S205005A252A51
S205005A26F189
S205005A270079
S205005A281365
S205005A290572
S205005A2A086E
S205005A2B0075
S205005A2C93E1
S205005A2D056E
S205005A2E046E
S205005A2F0071
S205005A30135D
S205005A310669
S205005A32006E
S205005A33006D
S205005A3493D9
S205005A350665
S205005A36006A
S205005A370069
S205005A382345
S205005A39283F
S205005A3A0165
S205005A3B0164
S205005A3CEF75
S205005A3DC0A3
S205005A3EDF83
S205005A3F8DD4
S205005A40035D
S205005A412837
S205005A42015D
S205005A43015C
S205005A44E379
S205005A454A11
S205005A460555
S205005A473029
S205005A4893C5
S205005A49F760
S205005A4A4C0A
S205005A4B0055
S205005A4CE371
S205005A4D90C3
S205005A4E074B
S205005A4F2031
S205005A5093BD
S205005A51F758
S205005A528CC2
S205005A53004D
S205005A542329
S205005A552823
S205005A560149
S205005A570049
S205005A5863E5
S205005A5988BF
S205005A5A073F
S205005A5B0045
S205005A5C93B1
S205005A5D073C
S205005A5E0042
S205005A5F023F
S205005A60132D
S205005A610D32
S205005A62FD41
S205005A63FF3E
S205005A642319
S205005A652813
S205005A66F149
S205005A670039
S205005A6893A5
S205005A690730
S205005A6AF046
S205005A6BFF36
S205005A6C63D1
S205005A6D949F
S205005A6EFD35
S205005A6F0031
S205005A70939D
S205005A710D22
S205005A7260CE
S205005A73002D
S205005A741319
S205005A750526
S205005A760822
S205005A770029
S205005A789395
S205005A790720
S205005A7A0125
S205005A7B081D
S205005A7C1311
S205005A7D071C
S205005A7EC161
S205005A7F021F
S205005A80938D
S205005A81051A
S205005A82041A
S205005A83001D
S205005A849389
S205005A850615
S205005A868199
S205005A870217
S205005A881305
S205005A898691
S205005A8A0D09
S205005A8B0015
S205005A8CEF25
S205005A8D1003
S205005A8EC052
S205005A8F46CB
S205005A90030D
S205005A9127E8
S205005A92C14D
S205005A93020B
S205005A9413F9
S205005A950803
S205005A960505
S205005A970009
S205005A989375
S205005A990700
S205005A9A0105
S205005A9B0302
S205005A9C63A1
S205005A9D08FB
S205005A9E07FB
S205005A9F0001
S205005AA0936D
S205005AA107F8
S205005AA2D02E
S205005AA302FB
S205005AA423D9
S205005AA508F3
S205005AA6F109
S205005AA702F7
S205005AA89365
S205005AA907F0
S205005AAA11E5
S205005AAB03F2
S205005AAC03F1
S205005AAD47AC
S205005AAE08EA
S205005AAF00F1
S205005AB0E30D
S205005AB104EB
S205005AB207E7
S205005AB334B9
S205005AB48369
S205005AB525C6
S205005AB68169
S205005AB702E7
S205005AB89355
S205005AB906E1
S205005ABA18CE
S205005ABB00E5
S205005ABC13D1
S205005ABD05DE
S205005ABEE002
S205005ABF02DF
S205005AC0E3FD
S205005AC1528D
S205005AC2B02E
S205005AC338A5
S205005AC433A9
S205005AC58655
S205005AC606D4
S205005AC74198
S205005AC813C5
S205005AC906D1
S205005ACAF6E0
S205005ACBFFD6
S205005ACC9341
S205005ACD864D
S205005ACE16BC
S205005ACF00D1
S205005AD0E3ED
S205005AD1844B
S205005AD2C509
S205005AD32CA1
S205005AD423A9
S205005AD5804B
S205005AD6E7E3
S205005AD700C9
S205005AD803C5
S205005AD9C700
S205005ADAF6D0
S205005ADBFFC6
S205005ADC9331
S205005ADD873C
S205005ADE17AB
S205005ADF00C1
S205005AE0E3DD
S205005AE112AD
S205005AE207B7
S205005AE3FEBF
S205005AE42399
S205005AE5803B
S205005AE607B3
S205005AE700B9
S205005AE89325
S205005AE9F7C0
S205005AEA0CAA
S205005AEB02B3
S205005AECE3D1
S205005AED8C27
S205005AEE07AB
S205005AEF248D
S205005AF0832D
S205005AF14768
S205005AF201AD
S205005AF303AA
S205005AF4E3C9
S205005AF5802B
S205005AF60D9D
S205005AF71A8F
S205005AF8E3C5
S205005AF98C1B
S205005AFA079F
S205005AFB2C79
S205005AFC1391
S205005AFD069D
S205005AFE01A1
S205005AFF039E
S205005B00930C
S205005B010797
S205005B020697
S205005B03009C
S205005B049308
S205005B050694
S205005B060198
S205005B071385
S205005B086F28
S205005B090096
S205005B0A8015
S205005B0B0094
S205005B0CE3B0
S205005B0D8012
S205005B0ED7BA
S205005B0F246C
S205005B10038C
S205005B11C7C7
S205005B121776
S205005B13008C
S205005B1493F8
S205005B158703
S205005B161772
S205005B170088
S205005B18E3A4
S205005B191A6C
S205005B1A077E
S205005B1BFE86
S205005B1C3350
S205005B1D84FE
S205005B1EC7BA
S205005B1F4040
S205005B20334C
S205005B210D71
S205005B228DF0
S205005B23403C
S205005B2483F8
S205005B252753
S205005B26C1B8
S205005B270078
S205005B286314
S205005B2990E6
S205005B2A076E
S205005B2B0272
S205005B2CE390
S205005B2D561C
S205005B2EA0D1
S205005B2F2B45
S205005B30135C
S205005B310668
S205005B320D60
S205005B33006C
S205005B341358
S205005B3585E5
S205005B360465
S205005B370068
S205005B3893D4
S205005B390561
S205005B3A0065
S205005B3B0262
S205005B3CB3B0
S205005B3D84DE
S205005B3EA4BD
S205005B3F015F
S205005B40EF70
S205005B41E07E
S205005B42CF8E
S205005B43F765
S205005B441348
S205005B450D4D
S205005B46F069
S205005B47FF59
S205005B4883D4
S205005B49272F
S205005B4A0154
S205005B4B0153
S205005B4C63F0
S205005B4D86CC
S205005B4E074A
S205005B4F0050
S205005B50232C
S205005B5180CE
S205005B52F459
S205005B53004C
S205005B5493B8
S205005B5584C6
S205005B561435
S205005B570048
S205005B5893B4
S205005B59FC4A
S205005B5A0C39
S205005B5B0143
S205005B5C63E0
S205005B5D90B2
S205005B5E0C35
S205005B5F023E
S205005B60E35C
S205005B6158E6
S205005B62A09D
S205005B632D0F
S205005B6483B8
S205005B652515
S205005B6641F8
S205005B670137
S205005B681324
S205005B690630
S205005B6A0D28
S205005B6B0034
S205005B6C1320
S205005B6D85AD
S205005B6E042D
S205005B6F0030
S205005B70EF40
S205005B71E04E
S205005B72CF5E
S205005B73F438
S205005B74B378
S205005B7584A6
S205005B76A485
S205005B770127
S205005B781314
S205005B790D19
S205005B7AF035
S205005B7BFF25
S205005B7C63C0
S205005B7D5CC6
S205005B7E80A1
S205005B7F0020
S205005B80130C
S205005B818599
S205005B820419
S205005B83001C
S205005B841308
S205005B850614
S205005B860415
S205005B870018
S205005B889384
S205005B890511
S205005B8A0114
S205005B8B0311
S205005B8CEF24
S205005B8DE032
S205005B8EDF32
S205005B8F8090
S205005B90B35C
S205005B91848A
S205005B928489
S205005B93000C
S205005B9463A8
S205005B955CAE
S205005B96A069
S205005B970107
S205005B9813F4
S205005B998581
S205005B9A0401
S205005B9B0004
S205005B9C13F0
S205005B9D06FC
S205005B9E0DF4
S205005B9F0000
S205005BA0936C
S205005BA105F9
S205005BA200FD
S205005BA302FA
S205005BA4EF0C
S205005BA5E01A
S205005BA68F6A
S205005BA7F107
S205005BA8B344
S205005BA98472
S205005BAAA451
S205005BAB01F3
S205005BAC8370
S205005BAD47AB
S205005BAE1CD5
S205005BAF00F0
S205005BB013DC
S205005BB104EA
S205005BB21CD1
S205005BB300EC
S205005BB4E308
S205005BB59C4E
S205005BB607E2
S205005BB7A444
S205005BB86F78
S205005BB9F0F6
S205005BBADF06
S205005BBBA63E
S205005BBC13D0
S205005BBD8C56
S205005BBE0CD5
S205005BBF00E0
S205005BC0934C
S205005BC1F7E7
S205005BC207D6
S205005BC301DB
S205005BC49348
S205005BC58C4E
S205005BC64B8E
S205005BC700D8
S205005BC813C4
S205005BC904D2
S205005BCA1CB9
S205005BCB00D4
S205005BCCE3F0
S205005BCD864C
S205005BCE07CA
S205005BCF00D0
S205005BD003CC
S205005BD1A727
S205005BD20BC2
S205005BD300CC
S205005BD49338
S205005BD507C3
S205005BD610B9
S205005BD700C8
S205005BD813B4
S205005BD98541
S205005BDA14B1
S205005BDB00C4
S205005BDC23A0
S205005BDD8042
S205005BDEE4DD
S205005BDF00C0
S205005BE0E3DC
S205005BE1D8E6
S205005BE2A716
S205005BE31D9F
S205005BE413A8
S205005BE506B4
S205005BE6FDBC
S205005BE7FFB9
S205005BE89324
S205005BE905B1
S205005BEA00B5
S205005BEB02B2
S205005BECEFC4
S205005BEDE0D2
S205005BEE0FA2
S205005BEFEDC3
S205005BF0832C
S205005BF14767
S205005BF21C91
S205005BF300AC
S205005BF4B3F8
S205005BF58426
S205005BF6A405
S205005BF701A7
S205005BF89314
S205005BF98B1B
S205005BFA0C99
S205005BFB00A4
S205005BFCE3C0
S205005BFD980A
S205005BFE079A
S205005BFFA000
S205005C006F2F
S205005C01F0AD
S205005C025F3D
S205005C03A2F9
S205005C041387
S205005C058C0D
S205005C060C8C
S205005C070097
S205005C081383
S205005C09078E
S205005C0AF0A4
S205005C0BFF94
S205005C0C632F
S205005C0D167B
S205005C0EEDA3
S205005C0F008F
S205005C1093FB
S205005C11E7A6
S205005C121775
S205005C13008B
S205005C141377
S205005C150D7C
S205005C168008
S205005C170087
S205005C188303
S205005C19A5E0
S205005C1A0B79
S205005C1B0083
S205005C1C136F
S205005C1D85FC
S205005C1E047C
S205005C1F007F
S205005C20136B
S205005C2187F6
S205005C220D6F
S205005C23007B
S205005C2493E7
S205005C250673
S205005C260D6B
S205005C270077
S205005C281363
S205005C29066F
S205005C2A0074
S205005C2B0172
S205005C2CEF83
S205005C2DF081
S205005C2E0F61
S205005C2FE887
S205005C3083EB
S205005C314726
S205005C321C50
S205005C33006B
S205005C3493D7
S205005C358BDE
S205005C364B1D
S205005C370067
S205005C3893D3
S205005C390461
S205005C3A055F
S205005C3B0063
S205005C3C134F
S205005C3D045D
S205005C3E1C44
S205005C3F005F
S205005C40E37B
S205005C4196C7
S205005C420755
S205005C439CBF
S205005C446FEB
S205005C45F069
S205005C461F39
S205005C479EB9
S205005C4893C3
S205005C49E76E
S205005C4A074D
S205005C4B044F
S205005C4C133F
S205005C4D064B
S205005C4E0050
S205005C4F014E
S205005C506FDF
S205005C51F05D
S205005C525FED
S205005C53BC8F
S205005C541337
S205005C550742
S205005C56C088
S205005C570641
S205005C5863E3
S205005C5988BD
S205005C5AE55F
S205005C5B5EE5
S205005C5C83BF
S205005C5DA69B
S205005C5E0B35
S205005C5F003F
S205005C60132B
S205005C6187B6
S205005C624BF1
S205005C63003B
S205005C642317
S205005C652613
S205005C66E157
S205005C670037
S205005C6883B3
S205005C69CD68
S205005C6A062E
S205005C6B0033
S205005C6C63CF
S205005C6D8AA7
S205005C6E0D23
S205005C6F52DD
S205005C70131B
S205005C710726
S205005C7230FC
S205005C730625
S205005C7463C7
S205005C7554D5
S205005C76B771
S205005C776BBC
S205005C789393
S205005C790520
S205005C7A40E4
S205005C7B061D
S205005C7C130F
S205005C7D859C
S205005C7E0D13
S205005C7F001F
S205005C8023FB
S205005C812AF3
S205005C82D14B
S205005C83001B
S205005C8423F7
S205005C8528F1
S205005C86F127
S205005C870017
S205005C88EF27
S205005C89E035
S205005C8ACF45
S205005C8BBD56
S205005C8C13FF
S205005C8D040D
S205005C8E050B
S205005C8F000F
S205005C90937B
S205005C910508
S205005C9240CC
S205005C930605
S205005C9413F7
S205005C958584
S205005C960DFB
S205005C970007
S205005C98EF17
S205005C99E025
S205005C9A8F75
S205005C9BB44F
S205005C9C37CB
S205005C9D07FA
S205005C9E10F0
S205005C9F00FF
S205005CA0936B
S205005CA10BF2
S205005CA247B5
S205005CA33EBD
S205005CA433C7
S205005CA58772
S205005CA6AB4D
S205005CA700F7
S205005CA89363
S205005CA905F0
S205005CAAA054
S205005CAB00F3
S205005CAC13DF
S205005CAD05EC
S205005CAE04EC
S205005CAF00EF
S205005CB0836B
S205005CB14CA1
S205005CB207E5
S205005CB300EB
S205005CB4EFFB
S205005CB5E009
S205005CB6CF19
S205005CB7B235
S205005CB833B3
S205005CB9875E
S205005CBAAB39
S205005CBB00E3
S205005CBC03DF
S205005CBD479A
S205005CBE07D9
S205005CBF00DF
S205005CC0934B
S205005CC105D8
S205005CC2A03C
S205005CC300DB
S205005CC413C7
S205005CC505D4
S205005CC604D4
S205005CC700D7
S205005CC813C3
S205005CC917BE
S205005CCA874D
S205005CCB00D3
S205005CCCB31F
S205005CCDECE5
S205005CCEECE4
S205005CCF00CF
S205005CD023AB
S205005CD110BD
S205005CD2913B
S205005CD309C2
S205005CD4EFDB
S205005CD5E0E9
S205005CD60FB9
S205005CD7B90E
S205005CD88343
S205005CD9279E
S205005CDA01C3
S205005CDB01C2
S205005CDC833F
S205005CDD269B
S205005CDE417F
S205005CDF01BE
S205005CE0932B
S205005CE10DB0
S205005CE205B7
S205005CE300BB
S205005CE413A7
S205005CE507B2
S205005CE64078
S205005CE700B7
S205005CE89323
S205005CE90CA9
S205005CEA3084
S205005CEB00B3
S205005CEC139F
S205005CED06AB
S205005CEE2090
S205005CEF00AF
S205005CF0B3FB
S205005CF18D20
S205005CF2BBF1
S205005CF301AA
S205005CF48327
S205005CF5C5E4
S205005CF60D9B
S205005CF700A7
S205005CF81393
S205005CF9069F
S205005CFA069E
S205005CFB0B98
S205005CFC138F
S205005CFD059C
S205005CFE019F
S205005CFF029D
S205005D00336A
S205005D010696
S205005D02A6F5
S205005D03009A
S205005D042376
S205005D050890
S205005D06B6E1
S205005D07FA9C
S205005D081382
S205005D09860E
S205005D0A0C87
S205005D0B0B87
S205005D0C93FE
S205005D0D058B
S205005D0E018E
S205005D0F028C
S205005D10B3DA
S205005D110D7F
S205005D12B6D5
S205005D13008A
S205005D141376
S205005D150682
S205005D16E0A7
S205005D170284
S205005D182362
S205005D1988FC
S205005D1ACDB6
S205005D1BFA88
S205005D1C037E
S205005D1DC4BC
S205005D1E1669
S205005D1F007E
S205005D20631A
S205005D210A72
S205005D220477
S205005D233E3C
S205005D241366
S205005D250672
S205005D263047
S205005D270670
S205005D286312
S205005D295A1A
S205005D2A86ED
S205005D2B581A
S205005D2C234E
S205005D2D2A46
S205005D2EF17E
S205005D2F006E
S205005D3093DA
S205005D310765
S205005D320764
S205005D330B5F
S205005D341356
S205005D350761
S205005D360166
S205005D370264
S205005D383332
S205005D3988DC
S205005D3AE77C
S205005D3B0062
S205005D3C93CE
S205005D3D055B
S205005D3E401F
S205005D3F0658
S205005D40134A
S205005D410557
S205005D420457
S205005D43005A
S205005D442336
S205005D452C2C
S205005D46D186
S205005D470056
S205005D482332
S205005D49282C
S205005D4A0152
S205005D4B0151
S205005D4CEF62
S205005D4DE070
S205005D4E4F00
S205005D4FA9A5
S205005D503716
S205005D510745
S205005D52103B
S205005D53004A
S205005D5493B6
S205005D550B3D
S205005D564700
S205005D573E08
S205005D583312
S205005D5986BE
S205005D5AAB98
S205005D5B0042
S205005D5C033E
S205005D5D2818
S205005D5E013E
S205005D5F013D
S205005D60033A
S205005D6146F6
S205005D620635
S205005D63003A
S205005D6493A6
S205005D650533
S205005D6640F7
S205005D670630
S205005D681322
S205005D69052F
S205005D6A042F
S205005D6B0032
S205005D6C230E
S205005D6D0828
S205005D6EC867
S205005D6FFA34
S205005D70EF3E
S205005D71E04C
S205005D724FDC
S205005D73AF7B
S205005D741316
S205005D7587A1
S205005D763CEB
S205005D770026
S205005D789392
S205005D79051F
S205005D7AA083
S205005D7B0022
S205005D7C130E
S205005D7D041C
S205005D7E051A
S205005D7F001E
S205005D8023FA
S205005D8128F4
S205005D82E13A
S205005D83001A
S205005D84EF2A
S205005D85E038
S205005D86CF48
S205005D87A571
S205005D8833E2
S205005D89868E
S205005D8AAB68
S205005D8B0012
S205005D8C030E
S205005D8D46CA
S205005D8E0609
S205005D8F000E
S205005D9013FA
S205005D910507
S205005D920407
S205005D93000A
S205005D949376
S205005D950503
S205005D96A067
S205005D970006
S205005D9823E2
S205005D99897B
S205005D9ACD36
S205005D9BFA08
S205005D9CEF12
S205005D9DE020
S205005D9E8F70
S205005D9FAC52
S205005DA003FA
S205005DA127D5
S205005DA201FA
S205005DA301F9
S205005DA48376
S205005DA527D1
S205005DA641B6
S205005DA701F5
S205005DA88372
S205005DA926CE
S205005DAA8172
S205005DAB01F1
S205005DAC13DE
S205005DAD04EC
S205005DAE05EA
S205005DAF00EE
S205005DB033BA
S205005DB18468
S205005DB28B60
S205005DB300EA
S205005DB48366
S205005DB545A3
S205005DB604E3
S205005DB700E6
S205005DB813D2
S205005DB906DE
S205005DBA07DC
S205005DBB0BD7
S205005DBC13CE
S205005DBD05DB
S205005DBE01DE
S205005DBF02DC
S205005DC033AA
S205005DC106D6
S205005DC2A635
S205005DC300DA
S205005DC49346
S205005DC50CCC
S205005DC617C0
S205005DC700D6
S205005DC823B2
S205005DC908CC
S205005DCAB61D
S205005DCBFAD8
S205005DCC13BE
S205005DCD8749
S205005DCE0CC3
S205005DCF0BC3
S205005DD013BA
S205005DD106C6
S205005DD201CA
S205005DD302C8
S205005DD43396
S205005DD508C0
S205005DD6C700
S205005DD700C6
S205005DD813B2
S205005DD907BD
S205005DDAE0E3
S205005DDB02C0
S205005DDC239E
S205005DDD08B8
S205005DDEE8D7
S205005DDFFAC4
S205005DE003BA
S205005DE1C4F8
S205005DE22695
S205005DE300BA
S205005DE49326
S205005DE58D2B
S205005DE61C9B
S205005DE700B6
S205005DE86352
S205005DE902B2
S205005DEA04AF
S205005DEB367C
S205005DEC139E
S205005DED06AA
S205005DEE307F
S205005DEF06A8
S205005DF0634A
S205005DF15656
S205005DF28625
S205005DF34664
S205005DF41396
S205005DF507A1
S205005DF601A6
S205005DF702A4
S205005DF82382
S205005DF9287C
S205005DFAF1B2
S205005DFB00A2
S205005DFC930E
S205005DFD059B
S205005DFE405F
S205005DFF0698
S205005E009309
S205005E018714
S205005E020D8D
S205005E030B8E
S205005E041385
S205005E050592
S205005E060492
S205005E070095
S205005E08B3E1
S205005E098D06
S205005E0AE7AB
S205005E0B0091
S205005E0C236D
S205005E0D2A65
S205005E0ED1BD
S205005E0F008D
S205005E102369
S205005E112C5F
S205005E120189
S205005E130188
S205005E14EF99
S205005E15E0A7
S205005E16CFB7
S205005E179CE9
S205005E18374D
S205005E19077C
S205005E1A1072
S205005E1B0081
S205005E1C93ED
S205005E1D0B74
S205005E1E4737
S205005E1F3E3F
S205005E203349
S205005E2186F5
S205005E22ABCF
S205005E230079
S205005E240375
S205005E254730
S205005E260670
S205005E270075
S205005E2893E1
S205005E29056E
S205005E2A4032
S205005E2B066B
S205005E2C135D
S205005E2D056A
S205005E2E046A
S205005E2F006D
S205005E302349
S205005E3188E3
S205005E32ED7D
S205005E33FA6F
S205005E34EF79
S205005E35E087
S205005E360F57
S205005E37A3C2
S205005E3893D1
S205005E39055E
S205005E3AA0C2
S205005E3B0061
S205005E3C134D
S205005E3D045B
S205005E3E0559
S205005E3F005D
S205005E40EF6D
S205005E41E07B
S205005E420F4B
S205005E439ABF
S205005E443325
S205005E4587D0
S205005E46ABAB
S205005E470055
S205005E480351
S205005E49470C
S205005E4A074B
S205005E4B0051
S205005E4C034D
S205005E4D2827
S205005E4E81CD
S205005E4F014C
S205005E501339
S205005E510546
S205005E520446
S205005E530049
S205005E5493B5
S205005E550542
S205005E56A0A6
S205005E570045
S205005E582321
S205005E59093A
S205005E5AE85A
S205005E5BFA47
S205005E5CEF51
S205005E5DE05F
S205005E5E8FAF
S205005E5FA09D
S205005E6083B9
S205005E612714
S205005E620139
S205005E630138
S205005E6483B5
S205005E652611
S205005E6641F5
S205005E670134
S205005E6893A1
S205005E698DA6
S205005E6A3CF6
S205005E6B0031
S205005E6C131D
S205005E6D042B
S205005E6E0529
S205005E6F002D
S205005E7033F9
S205005E7184A7
S205005E728B9F
S205005E730029
S205005E7483A5
S205005E7545E2
S205005E760422
S205005E770025
S205005E781311
S205005E79879C
S205005E7A0D15
S205005E7B0B16
S205005E7C130D
S205005E7D0619
S205005E7E011D
S205005E7F021B
S205005E8033E9
S205005E810615
S205005E82C753
S205005E830019
S205005E849385
S205005E858C8B
S205005E861DF9
S205005E870015
S205005E8823F1
S205005E89080B
S205005E8AB65C
S205005E8BFA17
S205005E8C13FD
S205005E8D8788
S205005E8E0C02
S205005E8F0B02
S205005E9013F9
S205005E910605
S205005E920109
S205005E930207
S205005E9433D5
S205005E950601
S205005E96C73F
S205005E970005
S205005E9813F1
S205005E9907FC
S205005E9AE022
S205005E9B02FF
S205005E9C23DD
S205005E9D08F7
S205005E9EE618
S205005E9FFA03
S205005EA08379
S205005EA1CD2E
S205005EA236C4
S205005EA300F9
S205005EA413E5
S205005EA58770
S205005EA61CDA
S205005EA700F5
S205005EA86391
S205005EA98E65
S205005EAA0DE5
S205005EAB2CC5
S205005EAC935D
S205005EAD06E9
S205005EAE30BE
S205005EAF06E7
S205005EB06389
S205005EB1D219
S205005EB2B634
S205005EB34D9C
S205005EB423C5
S205005EB52ABD
S205005EB6F1F5
S205005EB700E5
S205005EB89351
S205005EB905DE
S205005EBA40A2
S205005EBB06DB
S205005EBC934D
S205005EBD07D8
S205005EBE07D7
S205005EBF0BD2
S205005EC013C9
S205005EC18556
S205005EC20DCD
S205005EC300D9
S205005EC413C5
S205005EC507D0
S205005EC601D5
S205005EC702D3
S205005EC833A1
S205005EC9844F
S205005ECAE7EB
S205005ECB00D1
S205005ECC23AD
S205005ECD2CA3
S205005ECEC10D
S205005ECF00CD
S205005ED0EFDD
S205005ED1E0EB
S205005ED20FBB
S205005ED39138
S205005ED43791
S205005ED507C0
S205005ED610B6
S205005ED700C5
S205005ED89331
S205005ED90BB8
S205005EDA477B
S205005EDB3E83
S205005EDC338D
S205005EDD8738
S205005EDEAB13
S205005EDF00BD
S205005EE003B9
S205005EE14774
S205005EE207B3
S205005EE300B9
S205005EE49325
S205005EE505B2
S205005EE64076
S205005EE706AF
S205005EE813A1
S205005EE9852E
S205005EEA0DA5
S205005EEB00B1
S205005EEC238D
S205005EED08A7
S205005EEEE4CA
S205005EEFFAB3
S205005EF0EFBD
S205005EF1E0CB
S205005EF24F5B
S205005EF39712
S205005EF41395
S205005EF58720
S205005EF63C6A
S205005EF700A5
S205005EF89311
S205005EF9059E
S205005EFAA002
S205005EFB00A1
S205005EFC237D
S205005EFD2877
S205005EFEE1BD
S205005EFF009D
S205005F001388
S205005F010496
S205005F020594
S205005F030098
S205005F04EFA8
S205005F05E0B6
S205005F06CFC6
S205005F078D07
S205005F08B3E0
S205005F09860C
S205005F0AABE6
S205005F0B0090
S205005F0C830C
S205005F0DC6C8
S205005F0E0687
S205005F0F008C
S205005F100388
S205005F112664
S205005F128108
S205005F130187
S205005F1493F4
S205005F150581
S205005F16A0E5
S205005F170084
S205005F181370
S205005F19057D
S205005F1A047D
S205005F1B0080
S205005F1C235C
S205005F1D0975
S205005F1ED6A7
S205005F1FFA82
S205005F20EF8C
S205005F21E09A
S205005F224F2A
S205005F2394E4
S205005F240374
S205005F25274F
S205005F260174
S205005F270173
S205005F2883F0
S205005F29274B
S205005F2A4130
S205005F2B016F
S205005F2C93DC
S205005F2D0D61
S205005F2E0568
S205005F2F006C
S205005F30B3B8
S205005F318DDD
S205005F32BBAE
S205005F330167
S205005F340364
S205005F35C6A0
S205005F360D58
S205005F370064
S205005F3893D0
S205005F39065C
S205005F3A075A
S205005F3B0B55
S205005F3C93CC
S205005F3D0559
S205005F3E015C
S205005F3F025A
S205005F40B3A8
S205005F4186D4
S205005F42B6A3
S205005F430058
S205005F441344
S205005F450452
S205005F46173E
S205005F470054
S205005F482330
S205005F4988CA
S205005F4AC68B
S205005F4BFA56
S205005F4C93BC
S205005F4DF757
S205005F4E0746
S205005F4F014B
S205005F5063E8
S205005F5192B8
S205005F520742
S205005F530246
S205005F5463E4
S205005F555AEC
S205005F56A4A1
S205005F5767DD
S205005F583310
S205005F590D35
S205005F5A8DB4
S205005F5B4000
S205005F5C132C
S205005F5D0638
S205005F5E0D30
S205005F5F003C
S205005F601328
S205005F6185B5
S205005F620435
S205005F630038
S205005F6493A4
S205005F650531
S205005F660035
S205005F670232
S205005F68B380
S205005F6984AE
S205005F6AA48D
S205005F6B012F
S205005F6CEF40
S205005F6DE04E
S205005F6E0F1E
S205005F6FB577
S205005F701318
S205005F710D1D
S205005F72F435
S205005F73FF29
S205005F741314
S205005F750620
S205005F760421
S205005F770024
S205005F789390
S205005F79051D
S205005F7A0120
S205005F7B0818
S205005F7C130C
S205005F7D8599
S205005F7E0419
S205005F7F001C
S205005F80EF2C
S205005F81E03A
S205005F828F8A
S205005F83C157
S205005F8433E4
S205005F858591
S205005F868491
S205005F870014
S205005F8863B0
S205005F8954BE
S205005F8AA46D
S205005F8B5FB1
S205005F8C33DC
S205005F8D0608
S205005F8E8D80
S205005F8F40CC
S205005F909378
S205005F910505
S205005F920009
S205005F930206
S205005F94EF18
S205005F95E026
S205005F968F76
S205005F97B252
S205005F98B350
S205005F99847E
S205005F9AA45D
S205005F9B01FF
S205005F9C837C
S205005F9D47B7
S205005F9E1CE1
S205005F9F00FC
S205005FA08378
S205005FA12BCF
S205005FA2C138
S205005FA300F8
S205005FA413E4
S205005FA504F2
S205005FA61CD9
S205005FA700F4
S205005FA86390
S205005FA99260
S205005FAA07EA
S205005FABE60A
S205005FAC6F80
S205005FADF0FE
S205005FAE8F5E
S205005FAFE705
S205005FB013D8
S205005FB107E3
S205005FB2C029
S205005FB306E2
S205005FB49354
S205005FB5E7FF
S205005FB607DE
S205005FB704E0
S205005FB8E300
S205005FB99250
S205005FBAE5FC
S205005FBBCA16
S205005FBC37A8
S205005FBD07D7
S205005FBE10CD
S205005FBF00DC
S205005FC003D8
S205005FC1A634
S205005FC20BCE
S205005FC300D8
S205005FC413C4
S205005FC507CF
S205005FC6C70E
S205005FC74094
S205005FC89340
S205005FC98B47
S205005FCA4B86
S205005FCB00D0
S205005FCC834C
S205005FCD4688
S205005FCE06C7
S205005FCF00CC
S205005FD09338
S205005FD105C5
S205005FD2A029
S205005FD303C5
S205005FD423A4
S205005FD501C5
S205005FD6B114
S205005FD708BC
S205005FD813B0
S205005FD9F5CD
S205005FDAF6CB
S205005FDB00C0
S205005FDC338C
S205005FDD05B9
S205005FDEA716
S205005FDF00BC
S205005FE09328
S205005FE1D6E4
S205005FE24673
S205005FE300B8
S205005FE403B4
S205005FE54571
S205005FE605B0
S205005FE700B4
S205005FE8B300
S205005FE906AC
S205005FEAD7DA
S205005FEB00B0
S205005FEC832C
S205005FEDC6E8
S205005FEE06A7
S205005FEF00AC
S205005FF01398
S205005FF11595
S205005FF28524
S205005FF300A8
S205005FF49314
S205005FF5F7AF
S205005FF6079E
S205005FF701A3
S205005FF8B3F0
S205005FF9E6BC
S205005FFAA6FB
S205005FFB00A0
S205005FFC237C
S205005FFD108E
S205005FFED1CC
S205005FFF0894
S2050060008317
S2050060014653
S2050060021682
S2050060030097
S205006004A3F3
S2050060050293
S205006006B1E3
S205006007088B
S205006008137F
S205006009D5BC
S20500600A464A
S20500600B008F
S20500600C93FB
S20500600DF697
S20500600EF696
S20500600F008B
S2050060103357
S2050060110584
S205006012A7E1
S2050060130087
S205006014B3D3
S205006015067F
S205006016D7AD
S2050060170083
S205006018037F
S205006019453C
S20500601A057B
S20500601B007F
S20500601C83FB
S20500601DC6B7
S20500601E0676
S20500601F007B
S205006020A3D7
S2050060210178
S205006022A1D7
S205006023086F
S2050060242353
S2050060250273
S205006026D1A3
S205006027086B
S20500602883EF
S205006029462B
S20500602A264A
S20500602B006F
S20500602C234B
S20500602D0469
S20500602EB1BB
S20500602F0863
S2050060301357
S205006031D594
S2050060324622
S2050060330067
S20500603493D3
S205006035F66F
S205006036F66E
S2050060370063
S205006038332F
S205006039055C
S20500603AA7B9
S20500603B005F
S20500603CB3AB
S20500603D0657
S20500603ED785
S20500603F005B
S2050060400357
S2050060414514
S2050060420553
S2050060430057
S20500604483D3
S205006045C68F
S205006046064E
S2050060470053
S205006048232F
S205006049034E
S20500604AA1AF
S20500604B0847
S20500604CA3AB
S20500604D034A
S20500604ED17B
S20500604F0843
S20500605083C7
S2050060514603
S2050060523612
S2050060530047
S205006054A3A3
S2050060550540
S205006056B193
S205006057083B
S205006058132F
S205006059D56C
S20500605A46FA
S20500605B003F
S20500605C93AB
S20500605DF647
S20500605EF646
S20500605F003B
S2050060603307
S2050060610534
S205006062A791
S2050060630037
S205006064B383
S205006065062F
S205006066D75D
S2050060670033
S20500606883AF
S205006069C66B
S20500606A062A
S20500606B002F
S20500606C032B
S20500606D45E8
S20500606E0527
S20500606F002B
S2050060702307
S2050060710524
S205006072D157
S205006073081F
S205006074A383
S2050060750421
S205006076A183
S205006077081B
S205006078839F
S20500607946DB
S20500607A46DA
S20500607B001F
S20500607C23FB
S20500607D0716
S20500607EB16B
S20500607F0813
S2050060809387
S205006081D544
S20500608246D2
S2050060830017
S2050060849383
S205006085F61F
S205006086F61E
S2050060870013
S205006088B35F
S205006089050C
S20500608AB759
S20500608B000F
S20500608CB35B
S20500608D0607
S20500608ED735
S20500608F000B
S2050060908387
S205006091C643
S2050060920602
S2050060930007
S2050060948383
S205006095C540
S20500609605FF
S2050060970003
S205006098A35F
S20500609906FB
S20500609AD12F
S20500609B08F7
S20500609C23DB
S20500609D06F7
S20500609EB14B
S20500609F08F3
S2050060A08377
S2050060A146B3
S2050060A256A2
S2050060A300F7
S2050060A413E3
S2050060A5D61F
S2050060A646AE
S2050060A700F3
S2050060A833BF
S2050060A906EB
S2050060AAC729
S2050060AB00EF
S2050060AC03EB
S2050060AD46A7
S2050060AE06E6
S2050060AF00EB
S2050060B09357
S2050060B1F6F3
S2050060B2F6F2
S2050060B300E7
S2050060B433B3
S2050060B507DE
S2050060B6D70D
S2050060B700E3
S2050060B8A33F
S2050060B907DA
S2050060BAC11F
S2050060BB08D7
S2050060BC03DB
S2050060BD4796
S2050060BE07D5
S2050060BF00DB
S2050060C023B7
S2050060C108D1
S2050060C2E1F7
S2050060C308CF
S2050060C46373
S2050060C59A3B
S2050060C607CD
S2050060C714BF
S2050060C8933F
S2050060C907CA
S2050060CA10C0
S2050060CB01CE
S2050060CC636B
S2050060CDD4F9
S2050060CEA725
S2050060CF15B6
S2050060D013B7
S2050060D104C5
S2050060D2FDCB
S2050060D3FEC9
S2050060D413B3
S2050060D506BF
S2050060D604C0
S2050060D700C3
S2050060D8932F
S2050060D905BC
S2050060DA00C0
S2050060DB02BD
S2050060DC13AB
S2050060DD8538
S2050060DE04B8
S2050060DF00BB
S2050060E0EFCB
S2050060E1E0D9
S2050060E2CFE9
S2050060E39D1A
S2050060E43383
S2050060E58530
S2050060E68430
S2050060E700B3
S2050060E8139F
S2050060E906AB
S2050060EA10A0
S2050060EB01AE
S2050060EC931B
S2050060ED05A8
S2050060EE01AB
S2050060EF08A3
S2050060F0EFBB
S2050060F1E0C9
S2050060F28F19
S2050060F3AAFD
S2050060F4B3F3
S2050060F58421
S2050060F6A400
S2050060F701A2
S2050060F8831F
S2050060F9C7DA
S2050060FA2C74
S2050060FB009F
S2050060FC138B
S2050060FD8419
S2050060FE2C70
S2050060FF009B
S2050061006336
S2050061019602
S2050061020790
S205006103D0C6
S2050061046F26
S205006105F0A4
S2050061060F84
S205006107D2C0
S20500610893FE
S205006109E7A9
S20500610A0788
S20500610B048A
S20500610C137A
S20500610D8C00
S20500610E0C7F
S20500610F008A
S2050061106F1A
S205006111F098
S205006112DFA8
S205006113B4D2
S2050061141372
S205006115067E
S2050061160182
S2050061170280
S205006118136E
S2050061190779
S20500611A0778
S20500611B0B73
S20500611C334A
S20500611D0775
S20500611EC7B4
S20500611F007A
S20500612093E6
S2050061218CEC
S2050061222C4B
S2050061230076
S2050061241362
S205006125066E
S2050061260073
S205006127036F
S205006128234E
S2050061290868
S20500612AC7A8
S20500612BFA74
S20500612C135A
S20500612D87E5
S20500612E0C5F
S20500612F0B5F
S2050061301356
S2050061310662
S2050061320166
S2050061330264
S2050061343332
S205006135085C
S205006136C79C
S2050061370062
S205006138134E
S2050061390759
S20500613AE07F
S20500613B025C
S20500613C233A
S20500613D0854
S20500613EE873
S20500613FFA60
S2050061400356
S205006141C494
S2050061422631
S2050061430056
S20500614493C2
S2050061458DC7
S2050061461C37
S2050061470052
S205006148E36E
S205006149123E
S20500614A044B
S20500614BCA84
S20500614C133A
S20500614D87C5
S20500614E0D3E
S20500614F0B3F
S2050061501336
S2050061510642
S2050061520146
S2050061530244
S2050061543312
S205006155073D
S205006156C77C
S2050061570042
S20500615893AE
S2050061598CB4
S20500615A2C13
S20500615B003E
S20500615C132A
S20500615D0636
S20500615E003B
S20500615F0337
S2050061602316
S2050061610830
S205006162C770
S205006163FA3C
S2050061641322
S20500616587AD
S2050061660C27
S2050061670B27
S205006168131E
S205006169062A
S20500616A012E
S20500616B022C
S20500616C33FA
S20500616D0626
S20500616EC764
S20500616F002A
S2050061701316
S2050061710721
S205006172E047
S2050061730224
S2050061742302
S205006175081C
S205006176E63D
S205006177FA28
S205006178839E
S205006179CD53
S20500617A36E9
S20500617B001E
S20500617C130A
S20500617D8795
S20500617E1CFF
S20500617F001A
S205006180E336
S2050061819682
S2050061820D0A
S205006183D244
S2050061849382
S205006185060E
S2050061860112
S2050061870210
S20500618813FE
S2050061890709
S20500618A0708
S20500618B0B03
S20500618C33DA
S20500618D0705
S20500618ED734
S20500618F000A
S2050061909376
S2050061910602
S2050061920007
S2050061930303
S20500619413F2
S2050061958480
S2050061962CD7
S2050061970002
S20500619823DE
S20500619908F8
S20500619AD728
S20500619BFA04
S20500619C6F8E
S20500619DF00C
S20500619E1FDC
S20500619FDB1F
S2050061A013E6
S2050061A107F1
S2050061A200F7
S2050061A303F3
S2050061A423D2
S2050061A500F4
S2050061A6E112
S2050061A708EA
S2050061A8935E
S2050061A90CE4
S2050061AA10DF
S2050061AB00EE
S2050061AC13DA
S2050061AD07E5
S2050061AE20CB
S2050061AF00EA
S2050061B06F7A
S2050061B1F0F8
S2050061B29F48
S2050061B3B531
S2050061B49352
S2050061B504E0
S2050061B605DE
S2050061B700E2
S2050061B823BE
S2050061B98060
S2050061BA04DB
S2050061BB00DE
S2050061BC835A
S2050061BD20BC
S2050061BEC11A
S2050061BF10CA
S2050061C08356
S2050061C124B4
S2050061C24196
S2050061C310C6
S2050061C413C2
S2050061C505CF
S2050061C600D3
S2050061C700D2
S2050061C813BE
S2050061C901CF
S2050061CA01CE
S2050061CB11BD
S2050061CC6766
S2050061CD804C
S2050061CE00CB
S2050061CF00CA
S2050061D09336
S2050061D107C1
S2050061D214B3
S2050061D300C6
S2050061D4B312
S2050061D5863E
S2050061D6942F
S2050061D701C1
S2050061D86F52
S2050061D900C0
S2050061DA803F
S2050061DB00BE
S2050061DC932A
S2050061DD8735
S2050061DE17A4
S2050061DF00BA
S2050061E003B6
S2050061E1C7F1
S2050061E2F7C0
S2050061E3FFB7
S2050061E49322
S2050061E58430
S2050061E6149F
S2050061E700B2
S2050061E8A30E
S2050061E98F21
S2050061EAE4CB
S2050061EBFEB0
S2050061ECE3CA
S2050061ED9814
S2050061EED4D7
S2050061EFFEAC
S2050061F06F3A
S2050061F1F0B8
S2050061F2CFD8
S2050061F3FAAC
S2050061F49312
S2050061F5F6AE
S2050061F6178C
S2050061F700A2
S2050061F8930E
S2050061F9ECB4
S2050061FA2778
S2050061FB009E
S2050061FC930A
S2050061FDF7A5
S2050061FE1784
S2050061FF0199
S2050062002375
S2050062012671
S205006202F1A5
S2050062030095
S2050062046331
S2050062058211
S205006206068C
S2050062073859
S20500620893FD
S2050062090788
S20500620A008E
S20500620B038A
S20500620C2369
S20500620D2A61
S20500620EF199
S20500620F0089
S2050062106F19
S205006211F097
S2050062129FE7
S2050062138104
S2050062141371
S2050062150D76
S205006216FD85
S205006217FF82
S205006218136D
S2050062190679
S20500621A106E
S20500621B017C
S20500621C93E9
S20500621D0576
S20500621E0179
S20500621F0871
S2050062201365
S20500622185F2
S2050062220472
S2050062230075
S205006224EF85
S205006225E093
S2050062264F23
S20500622797DA
S205006228135D
S205006229046B
S20500622A105E
S20500622B016C
S20500622C1359
S20500622D85E6
S20500622E1456
S20500622F0168
S2050062306305
S2050062315611
S205006232A4C2
S205006233471E
S2050062341351
S205006235065D
S205006236FD65
S205006237FE63
S20500623893CD
S205006239055A
S20500623A005E
S20500623B025B
S20500623CEF6D
S20500623DE07B
S20500623E0F4B
S20500623F88D1
S205006240B3A5
S20500624184D3
S205006242A4B2
S2050062430154
S2050062446FE5
S205006245F063
S2050062465FF3
S205006247EB66
S2050062483719
S2050062490748
S20500624A103E
S20500624B004D
S20500624C0349
S20500624DA6A5
S20500624E0B3F
S20500624F0049
S2050062501335
S2050062510740
S20500625247FF
S2050062533E07
S20500625493B1
S2050062558BB8
S2050062564BF7
S2050062570041
S2050062586FD1
S205006259F04F
S20500625A5FDF
S20500625BD766
S20500625C1329
S20500625D0734
S20500625E90AA
S20500625F0039
S20500626063D5
S20500626150E7
S20500626287AF
S2050062631E17
S2050062641321
S205006265072C
S2050062660131
S205006267022F
S205006268230D
S2050062692807
S20500626AF13D
S20500626B002D
S20500626C9399
S20500626D0526
S20500626EA08A
S20500626F0029
S2050062709395
S20500627187A0
S2050062720D19
S2050062730B1A
S2050062741311
S205006275051E
S205006276041E
S2050062770021
S205006278B36D
S2050062798D92
S20500627AE737
S20500627B001D
S20500627C23F9
S20500627D2AF1
S20500627ED149
S20500627F0019
S205006280EF29
S205006281D047
S2050062821FF7
S205006283D63F
S20500628437DD
S205006285070C
S2050062861002
S2050062870011
S205006288937D
S2050062890B04
S20500628A47C7
S20500628B3ECF
S20500628C33D9
S20500628D8685
S20500628EAB5F
S20500628F0009
S2050062900305
S20500629147C0
S2050062920600
S2050062930005
S20500629413F1
S20500629505FE
S20500629604FE
S2050062970001
S205006298936D
S20500629905FA
S20500629AA05E
S20500629B00FD
S20500629C23D9
S20500629D8873
S20500629EED0D
S20500629FFAFF
S2050062A0EF09
S2050062A1D027
S2050062A25F97
S2050062A3DC19
S2050062A49361
S2050062A58C67
S2050062A62CC6
S2050062A700F1
S2050062A8836D
S2050062A927C8
S2050062AA01ED
S2050062AB01EC
S2050062AC8369
S2050062AD26C5
S2050062AE41A9
S2050062AF01E8
S2050062B013D5
S2050062B104E3
S2050062B205E1
S2050062B300E5
S2050062B49351
S2050062B58D56
S2050062B60CD6
S2050062B700E1
S2050062B86F71
S2050062B9F0EF
S2050062BA9F3F
S2050062BBBB22
S2050062BC13C9
S2050062BD06D5
S2050062BE904A
S2050062BF00D9
S2050062C06375
S2050062C15A7D
S2050062C28650
S2050062C316BF
S2050062C423B1
S2050062C528AB
S2050062C6F1E1
S2050062C700D1
S2050062C8933D
S2050062C905CA
S2050062CAA02E
S2050062CB00CD
S2050062CC9339
S2050062CD07C4
S2050062CE07C3
S2050062CF0BBE
S2050062D013B5
S2050062D105C2
S2050062D204C2
S2050062D300C5
S2050062D413B1
S2050062D507BC
S2050062D601C1
S2050062D702BF
S2050062D8B30D
S2050062D98D32
S2050062DAE7D7
S2050062DB00BD
S2050062DC2399
S2050062DD2A91
S2050062DED1E9
S2050062DF00B9
S2050062E0EFC9
S2050062E1D0E7
S2050062E21F97
S2050062E3D0E5
S2050062E4377D
S2050062E507AC
S2050062E610A2
S2050062E700B1
S2050062E8931D
S2050062E90BA4
S2050062EA4767
S2050062EB3E6F
S2050062EC3379
S2050062ED8625
S2050062EEABFF
S2050062EF00A9
S2050062F003A5
S2050062F14760
S2050062F206A0
S2050062F300A5
S2050062F41391
S2050062F5059E
S2050062F6049E
S2050062F700A1
S2050062F8930D
S2050062F9059A
S2050062FAA0FE
S2050062FB009D
S2050062FC2379
S2050062FD8813
S2050062FEEDAD
S2050062FFFA9F
S205006300EFA8
S205006301D0C6
S2050063025F36
S205006303D6BE
S2050063049300
S2050063058C06
S2050063062C65
S2050063070090
S205006308830C
S2050063092767
S20500630A018C
S20500630B018B
S20500630C8308
S20500630D2664
S20500630E4148
S20500630F0187
S2050063101374
S2050063110482
S2050063120580
S2050063130084
S2050063141370
S20500631587FB
S2050063160C75
S2050063170080
S2050063186F10
S205006319F08E
S20500631A9FDE
S20500631BA9D3
S20500631C1368
S20500631D0773
S20500631E90E9
S20500631F0078
S2050063206314
S2050063215E18
S205006322B7BE
S2050063230F65
S20500632493E0
S205006325056D
S205006326A0D1
S2050063270070
S205006328135C
S20500632985E9
S20500632A0D60
S20500632B006C
S20500632C2348
S20500632D2A40
S20500632ED198
S20500632F0068
S2050063302344
S205006331283E
S205006332F174
S2050063330064
S205006334EF74
S205006335D092
S205006336DF82
S205006337CA96
S2050063383728
S2050063390757
S20500633A104D
S20500633B005C
S20500633C93C8
S20500633D0B4F
S20500633E4712
S20500633F3E1A
S2050063403324
S20500634187CF
S205006342ABAA
S2050063430054
S2050063440350
S205006345470B
S205006346074A
S2050063470050
S205006348133C
S20500634985C9
S20500634A0D40
S20500634B004C
S20500634C93B8
S20500634D0545
S20500634EA0A9
S20500634F0048
S2050063502324
S2050063510046
S205006352E164
S205006353083C
S205006354EF54
S205006355D072
S2050063561F22
S205006357D16F
S20500635883BC
S2050063592717
S20500635A013C
S20500635B013B
S20500635C83B8
S20500635D2614
S20500635E41F8
S20500635F0137
S20500636093A4
S2050063610D29
S2050063620530
S2050063630034
S2050063641320
S205006365072B
S2050063663001
S2050063670030
S205006368939C
S2050063690C22
S20500636A200D
S20500636B002C
S20500636C1318
S20500636D0624
S20500636E1019
S20500636F0028
S2050063706FB8
S205006371F036
S2050063721F06
S205006373988C
S2050063749390
S205006375061C
S2050063769091
S2050063770020
S20500637863BC
S205006379DC42
S20500637AB667
S20500637B0913
S20500637C23F8
S20500637D28F2
S20500637EF128
S20500637F0018
S2050063809384
S2050063810511
S205006382A075
S2050063830014
S2050063849380
S205006385070B
S205006386070A
S2050063870B05
S20500638813FC
S2050063898589
S20500638A0D00
S20500638B000C
S20500638C13F8
S20500638D0703
S20500638E0108
S20500638F0206
S20500639013F4
S2050063918482
S2050063922CD9
S2050063930004
S205006394B350
S2050063958C76
S205006396E71A
S2050063970000
S205006398EF10
S205006399D02E
S20500639A9F5E
S20500639BC438
S20500639C37C4
S20500639D07F3
S20500639E10E9
S20500639F00F8
S2050063A09364
S2050063A10BEB
S2050063A247AE
S2050063A33EB6
S2050063A4B340
S2050063A5866C
S2050063A6AB46
S2050063A700F0
S2050063A803EC
S2050063A9C727
S2050063AA06E7
S2050063AB00EC
S2050063AC13D8
S2050063AD8565
S2050063AE0DDC
S2050063AF00E8
S2050063B09354
S2050063B105E1
S2050063B2A045
S2050063B300E4
S2050063B423C0
S2050063B5885A
S2050063B6ECF5
S2050063B7FAE6
S2050063B8EFF0
S2050063B9D00E
S2050063BADFFE
S2050063BBCA12
S2050063BC8358
S2050063BD27B3
S2050063BE01D8
S2050063BF01D7
S2050063C09344
S2050063C10DC9
S2050063C205D0
S2050063C300D4
S2050063C413C0
S2050063C507CB
S2050063C604CD
S2050063C700D0
S2050063C86F60
S2050063C9F0DE
S2050063CA9F2E
S2050063CBB616
S2050063CC3794
S2050063CD04C6
S2050063CE10B9
S2050063CF00C8
S2050063D013B4
S2050063D104C2
S2050063D24481
S2050063D34381
S2050063D46F54
S2050063D5F0D2
S2050063D6CFF2
S2050063D7D1EF
S2050063D8932C
S2050063D907B7
S2050063DA10AD
S2050063DB00BC
S2050063DC6358
S2050063DDDEDC
S2050063DEA712
S2050063DF0FA9
S2050063E013A4
S2050063E10DA9
S2050063E2FDB8
S2050063E3FFB5
S2050063E413A0
S2050063E506AC
S2050063E60DA4
S2050063E700B0
S2050063E8139C
S2050063E98529
S2050063EA04A9
S2050063EB00AC
S2050063EC9318
S2050063ED05A5
S2050063EE00A9
S2050063EF02A6
S2050063F0B3F4
S2050063F18422
S2050063F2A401
S2050063F301A3
S2050063F4EFB4
S2050063F5D0D2
S2050063F69F02
S2050063F7ECB4
S2050063F8138C
S2050063F90D91
S2050063FA009D
S2050063FB009C
S2050063FC6F2C
S2050063FDF0AA
S2050063FE4F4A
S2050063FFFD9B
S2050064009303
S205006401E7AE
S205006402276D
S2050064030093
S205006404137F
S205006405870A
S2050064064B45
S205006407008F
S205006408137B
S2050064098C01
S20500640A0C80
S20500640B008B
S20500640C6F1B
S20500640DF099
S20500640E4F39
S20500640FCABD
S205006410B7CF
S205006411067F
S2050064121074
S2050064130083
S20500641493EF
S2050064158BF6
S205006416463A
S2050064173E41
S2050064186F0F
S205006419F08D
S20500641A9FDD
S20500641BB1CA
S20500641CB7C3
S20500641D0574
S20500641E1068
S20500641F0077
S2050064201363
S205006421076E
S2050064222054
S2050064230073
S20500642493DF
S2050064250C65
S2050064261060
S205006427006F
S205006428135B
S2050064290667
S20500642A006C
S20500642B006B
S20500642C93D7
S20500642D8BDE
S20500642E4523
S20500642F3E29
S2050064306FF7
S205006431F075
S2050064321F45
S2050064338CD7
S205006434372B
S205006435065B
S2050064361050
S205006437005F
S20500643893CB
S2050064390B52
S20500643A4616
S20500643B3E1D
S20500643C6FEB
S20500643DF069
S20500643E5FF9
S20500643F97C0
S205006440371F
S205006441074E
S2050064421044
S2050064430053
S20500644493BF
S2050064450B46
S2050064464709
S2050064473E11
S2050064486FDF
S205006449F05D
S20500644A9FAD
S20500644BA2A9
S20500644C93B7
S20500644D0742
S20500644EB098
S20500644F0245
S2050064501333
S2050064510D38
S205006452FD47
S205006453FF44
S205006454231F
S2050064552819
S205006456F14F
S205006457003F
S2050064586FCF
S205006459F04D
S20500645A0F2D
S20500645BE15A
S20500645C1327
S20500645D8CAD
S20500645E0C2C
S20500645F0037
S2050064606FC7
S205006461F045
S205006462CF65
S205006463FF34
S205006464939F
S205006465E74A
S2050064660729
S205006467042B
S205006468131B
S2050064698CA1
S20500646A0C20
S20500646B002B
S20500646C1317
S20500646D0623
S20500646E0028
S20500646F0126
S2050064706FB7
S205006471F035
S2050064724FD5
S205006473BA69
S205006474938F
S205006475FC25
S2050064760719
S205006477011E
S20500647863BB
S2050064798A93
S20500647A0C10
S20500647BD447
S20500647C9387
S20500647D0C0D
S20500647E0018
S20500647F0017
S2050064806FA7
S205006481F025
S2050064820F05
S205006483D241
S205006484A36F
S2050064858091
S2050064860709
S205006487000F
S205006488937B
S205006489F716
S20500648A0C00
S20500648B0209
S20500648C63A7
S20500648D8C7D
S20500648E0701
S20500648F0AFD
S2050064908383
S20500649147BE
S2050064920103
S2050064930300
S205006494639F
S2050064958879
S20500649607F9
S20500649720DF
S20500649813EB
S20500649906F7
S20500649A01FB
S20500649B03F8
S20500649C13E7
S20500649D08F1
S20500649E06F2
S20500649F00F7
S2050064A013E3
S2050064A107EE
S2050064A2E014
S2050064A302F1
S2050064A4935F
S2050064A505EC
S2050064A650A0
S2050064A706E9
S2050064A8935B
S2050064A906E7
S2050064AA509C
S2050064AB04E7
S2050064AC6387
S2050064AD8A5F
S2050064AEE701
S2050064AFE403
S2050064B06383
S2050064B1865F
S2050064B2B72D
S2050064B304DF
S2050064B4637F
S2050064B5845D
S2050064B6D709
S2050064B704DB
S2050064B8835B
S2050064B94796
S2050064BA18C4
S2050064BB00DB
S2050064BC13C7
S2050064BD08D1
S2050064BE18C0
S2050064BF00D7
S2050064C0E3F3
S2050064C1963F
S2050064C207CD
S2050064C3FED5
S2050064C4933F
S2050064C507CA
S2050064C6E0F0
S2050064C702CD
S2050064C823AB
S2050064C900CD
S2050064CAF8D4
S2050064CB00CB
S2050064CC8347
S2050064CD4782
S2050064CE01C7
S2050064CF03C4
S2050064D0A323
S2050064D100C5
S2050064D208BC
S2050064D300C3
S2050064D46F53
S2050064D5F0D1
S2050064D64F71
S2050064D7E2DD
S2050064D8833B
S2050064D9A716
S2050064DA0BB1
S2050064DB00BB
S2050064DC9327
S2050064DD8435
S2050064DE14A4
S2050064DF00B7
S2050064E09323
S2050064E18B2A
S2050064E20CA8
S2050064E300B3
S2050064E4A30F
S2050064E58F22
S2050064E6F4BC
S2050064E7FEB1
S2050064E8832B
S2050064E94766
S2050064EA1C90
S2050064EB00AB
S2050064EC6347
S2050064ED9019
S2050064EE07A1
S2050064EF9215
S2050064F06F37
S2050064F1F0B5
S2050064F24F55
S2050064F39310
S2050064F4138F
S2050064F50D94
S2050064F6FDA3
S2050064F7FFA0
S2050064F86F2F
S2050064F9F0AD
S2050064FA4F4D
S2050064FBC2D9
S2050064FC0397
S2050064FD4752
S2050064FE0890
S2050064FF0097
S2050065009302
S205006501068E
S205006502088B
S2050065031082
S20500650493FE
S2050065050789
S2050065060887
S205006507008E
S205006508632A
S2050065091676
S20500650A0784
S20500650B008A
S20500650C6F1A
S20500650D0088
S20500650E0087
S20500650F0383
S2050065106322
S20500651188FC
S205006512D7AC
S2050065130082
S205006514037E
S205006515C7B9
S2050065161768
S205006517007E
S20500651893EA
S20500651987F5
S20500651A1764
S20500651B007A
S20500651CE396
S20500651D1A5E
S20500651E0770
S20500651FFE78
S2050065203342
S20500652186EE
S205006522076C
S2050065234131
S205006524630E
S2050065255C14
S205006526C0AF
S205006527006E
S20500652893DA
S2050065290567
S20500652A1853
S20500652B006A
S20500652C1356
S20500652D0563
S20500652E283F
S20500652F0066
S2050065302342
S2050065312C38
S2050065320162
S2050065330161
S205006534EF72
S205006535D090
S205006536DF80
S205006537C797
S205006538035A
S2050065392834
S20500653A81DA
S20500653B0159
S20500653C93C6
S20500653D0751
S20500653EE077
S20500653F0254
S2050065402332
S2050065410054
S205006542F85B
S2050065430052
S20500654483CE
S2050065454709
S205006546014E
S205006547034B
S2050065486FDE
S205006549F05C
S20500654A0F3C
S20500654BDB6F
S20500654C1336
S20500654D0D3B
S20500654E0D3A
S20500654FF056
S2050065501332
S2050065510440
S2050065520043
S2050065531032
S2050065546FD2
S205006555F050
S2050065560F30
S205006557DD61
S205006558B786
S2050065590735
S20500655A003B
S20500655B80BA
S20500655C3306
S20500655DC474
S20500655E87B0
S20500655F0036
S20500656093A2
S205006561072D
S205006562D063
S2050065630230
S205006564131E
S2050065650D23
S205006566FD32
S205006567FF2F
S205006568230A
S2050065692804
S20500656AF13A
S20500656B002A
S20500656C6FBA
S20500656DF038
S20500656ECF58
S20500656FCF57
S2050065709392
S2050065710420
S205006572051E
S2050065730022
S2050065746FB2
S205006575F030
S2050065769F80
S205006577A27C
S205006578839A
S20500657947D5
S20500657A1CFF
S20500657B001A
S20500657C63B6
S20500657D8494
S20500657E0710
S20500657F0016
S2050065806FA6
S205006581F024
S205006582CF44
S205006583888A
S2050065846FA2
S205006585F020
S2050065860F00
S2050065878A84
S205006588937A
S2050065890705
S20500658A000B
S20500658B0208
S20500658C23E6
S20500658D26E2
S20500658E0106
S20500658F0006
S20500659023E2
S2050065912ADA
S205006592F112
S2050065930002
S2050065946F92
S205006595F010
S2050065964FB0
S205006597C935
S205006598A35A
S205006599807C
S20500659AE714
S20500659B00FA
S20500659C03F6
S20500659DC731
S20500659EF601
S20500659FFFF7
S2050065A023D2
S2050065A18074
S2050065A2A74C
S2050065A300F2
S2050065A4935E
S2050065A58769
S2050065A627C8
S2050065A700EE
S2050065A8638A
S2050065A91ECE
S2050065AA07E4
S2050065ABD01A
S2050065AC6F7A
S2050065ADF0F8
S2050065AE8F58
S2050065AFD313
S2050065B08362
S2050065B1479D
S2050065B21CC7
S2050065B300E2
S2050065B4934E
S2050065B58B55
S2050065B60CD3
S2050065B700DE
S2050065B8934A
S2050065B904D8
S2050065BA05D6
S2050065BB00DA
S2050065BC6376
S2050065BD8454
S2050065BE07D0
S2050065BF00D6
S2050065C06F66
S2050065C1F0E4
S2050065C2CF04
S2050065C3844E
S2050065C46F62
S2050065C5F0E0
S2050065C60FC0
S2050065C78648
S2050065C813BA
S2050065C90DBF
S2050065CAFDCE
S2050065CBFFCB
S2050065CC6F5A
S2050065CDF0D8
S2050065CE9F28
S2050065CF9A2C
S2050065D013B2
S2050065D104C0
S2050065D200C3
S2050065D300C2
S2050065D46F52
S2050065D5F0D0
S2050065D60FB0
S2050065D7D5E9
S2050065D8833A
S2050065D92795
S2050065DA01BA
S2050065DB01B9
S2050065DC6356
S2050065DD8E2A
S2050065DE07B0
S2050065DF04B2
S2050065E02392
S2050065E18034
S2050065E2F4BF
S2050065E300B2
S2050065E4931E
S2050065E5FCB4
S2050065E60CA3
S2050065E701AD
S2050065E8931A
S2050065E98428
S2050065EA1497
S2050065EB00AA
S2050065EC6346
S2050065ED9216
S2050065EE0C9B
S2050065EF04A2
S2050065F01392
S2050065F10D97
S2050065F2EDB6
S2050065F3FFA3
S2050065F46F32
S2050065F5F0B0
S2050065F68F10
S2050065F7D8C6
S2050065F8138A
S2050065F90795
S2050065FA009B
S2050065FB0397
S2050065FC2376
S2050065FD8018
S2050065FEE7B0
S2050065FF0096
S205006600E3B1
S2050066018211
S2050066020D85
S205006603E8A9
S205006604137D
S2050066058708
S2050066062767
S205006607008D
S20500660893F9
S2050066090685
S20500660AE0AA
S20500660B0287
S20500660CA3E5
S20500660D8007
S20500660ED7AF
S20500660F0085
S2050066101371
S205006611057E
S205006612077B
S2050066130081
S205006614136D
S20500661586F9
S2050066160D71
S205006617007D
S20500661893E9
S2050066190576
S20500661A007A
S20500661B0376
S20500661CEF89
S20500661DD0A7
S20500661E1F57
S20500661FCAAB
S2050066203341
S205006621076C
S205006622B5BD
S2050066230170
S205006624234D
S205006625006F
S2050066260767
S205006627006D
S20500662883E9
S2050066294724
S20500662A0169
S20500662B0366
S20500662C6FF9
S20500662DF077
S20500662ECF97
S20500662FCC99
S2050066301351
S2050066310D56
S205006632FD65
S205006633FF62
S2050066346FF1
S205006635F06F
S2050066368FCF
S205006637D489
S2050066381349
S2050066390D4E
S20500663AED6D
S20500663BFF5A
S20500663C63F5
S20500663D4215
S20500663E80D6
S20500663FD481
S2050066406FE5
S205006641F063
S205006642CF83
S205006643D67B
S20500664493BD
S2050066450649
S205006646004E
S205006647034A
S2050066482329
S20500664980CB
S20500664AD773
S20500664B0049
S20500664C93B5
S20500664D0641
S20500664EE066
S20500664F0243
S205006650A3A1
S20500665180C3
S205006652D76B
S2050066530041
S205006654330D
S205006655043B
S205006656B08E
S20500665740FD
S20500665893A9
S20500665987B4
S20500665A2713
S20500665B0039
S20500665C63D5
S20500665D84B3
S20500665E0531
S20500665F0233
S2050066601321
S20500666185AE
S205006662072B
S2050066630031
S205006664131D
S2050066650629
S205006666042A
S205006667002D
S2050066689399
S2050066690526
S20500666A002A
S20500666B0326
S20500666C2305
S20500666D2EF9
S20500666EE145
S20500666F0025
S2050066702301
S2050066712CF7
S2050066720121
S2050066730120
S205006674EF31
S205006675D04F
S2050066769F7F
S205006677C459
S2050066780319
S20500667927F4
S20500667AC159
S20500667B0118
S20500667C0315
S20500667D28EF
S20500667E8195
S20500667F0114
S205006680B361
S205006681070C
S205006682858D
S2050066830011
S20500668413FD
S2050066850807
S20500668618F6
S205006687000D
S20500668823E9
S205006689808B
S20500668AE723
S20500668B0009
S20500668C0305
S20500668D47C0
S20500668E08FE
S20500668F0005
S2050066909371
S205006691877C
S20500669217EB
S2050066930001
S205006694E31D
S20500669518E7
S20500669607F7
S205006697FEFF
S2050066986F8D
S205006699F00B
S20500669ACF2B
S20500669BC435
S20500669C9365
S20500669D04F3
S20500669E05F1
S20500669F00F5
S2050066A06F85
S2050066A1F003
S2050066A29F53
S2050066A3A54C
S2050066A413DD
S2050066A508E7
S2050066A601ED
S2050066A703EA
S2050066A86F7D
S2050066A9F0FB
S2050066AADF0B
S2050066ABE108
S2050066AC13D5
S2050066AD01E6
S2050066AE01E5
S2050066AFBC29
S2050066B013D1
S2050066B103E0
S2050066B241A1
S2050066B3429F
S2050066B423BD
S2050066B52AB5
S2050066B6914D
S2050066B7409D
S2050066B89349
S2050066B904D7
S2050066BA01D9
S2050066BB01D8
S2050066BC23B5
S2050066BD22B5
S2050066BEB125
S2050066BF4293
S2050066C023B1
S2050066C124AF
S2050066C2C111
S2050066C3428F
S2050066C4933D
S2050066C505CA
S2050066C605C9
S2050066C700CD
S2050066C813B9
S2050066C906C5
S2050066CA03C7
S2050066CB00C9
S2050066CC13B5
S2050066CD8542
S2050066CE04C2
S2050066CF00C5
S2050066D023A1
S2050066D12E95
S2050066D211B1
S2050066D34081
S2050066D4239D
S2050066D52699
S2050066D6D1ED
S2050066D7427B
S2050066D82399
S2050066D92893
S2050066DAE1D9
S2050066DB4277
S2050066DC2395
S2050066DD2A8D
S2050066DEF1C5
S2050066DF4273
S2050066E02391
S2050066E12C87
S2050066E201B1
S2050066E3436E
S2050066E4238D
S2050066E52E81
S2050066E6119D
S2050066E7436A
S2050066E82389
S2050066E92685
S2050066EA6149
S2050066EB00A9
S2050066ECEFB9
S2050066EDE0C7
S2050066EE9F07
S2050066EFEBBA
S2050066F003A1
S2050066F1455E
S2050066F201A1
S2050066F301A0
S2050066F4633D
S2050066F50E91
S2050066F60599
S2050066F7029B
S2050066F82379
S2050066F92C6F
S2050066FA8119
S2050066FB4059
S2050066FC1385
S2050066FD8413
S2050066FE0492
S2050066FF0095
S205006700EFA4
S205006701E0B2
S205006702DFB2
S20500670391FF
S205006704038C
S2050067054549
S2050067061479
S205006707008C
S20500670893F8
S2050067090783
S20500670A0485
S20500670B0088
S20500670C1374
S20500670D0482
S20500670E1471
S20500670F0084
S205006710E3A0
S205006711186A
S205006712057C
S205006713FE82
S205006714037C
S205006715245A
S20500671681FC
S205006717413B
S20500671883F8
S205006719205A
S20500671AC1B8
S20500671B4137
S20500671C3344
S20500671D85F1
S20500671E97DE
S20500671F4034
S2050067201360
S205006721056D
S205006722155C
S2050067230070
S20500672483EC
S205006725244A
S205006726412C
S205006727412B
S2050067281358
S2050067290169
S20500672A0168
S20500672B4424
S20500672C6700
S20500672D80E6
S20500672E0065
S20500672F0064
S20500673083E0
S2050067312042
S205006732C1A0
S205006733411F
S20500673483DC
S205006735243A
S205006736411C
S205006737411B
S2050067381348
S2050067390555
S20500673A0059
S20500673B0058
S20500673C1344
S20500673D0155
S20500673E0154
S20500673F4410
S20500674067EC
S20500674180D2
S2050067420051
S2050067430050
S205006744133C
S205006745014D
S205006746014C
S205006747BC90
S2050067481338
S2050067490347
S20500674A81C8
S20500674B4206
S20500674C2324
S20500674D2C1A
S20500674E81C4
S20500674F4004
S2050067502320
S205006751241E
S205006752C180
S20500675342FE
S205006754132C
S205006755043A
S2050067560538
S205006757003C
S2050067581328
S2050067590634
S20500675A0336
S20500675B0038
S20500675C1324
S20500675D0531
S20500675E0134
S20500675F0133
S2050067602310
S205006761260C
S205006762D160
S20500676342EE
S205006764230C
S2050067652A04
S205006766F13C
S20500676742EA
S2050067682308
S2050067692EFC
S20500676A1118
S20500676B40E8
S20500676C2304
S20500676D28FE
S20500676EE144
S20500676F42E2
S2050067702300
S2050067712CF6
S2050067720120
S20500677343DD
S20500677423FC
S2050067752EF0
S205006776110C
S20500677743D9
S20500677823F8
S20500677926F4
S20500677A61B8
S20500677B0018
S20500677CEF28
S20500677DE036
S20500677E9F76
S20500677FE232
S2050067808390
S20500678146CC
S2050067820110
S205006783010F
S205006784937C
S2050067850707
S2050067860409
S205006787000C
S20500678863A8
S2050067898E7C
S20500678A0603
S20500678B0206
S20500678C13F4
S20500678D07FF
S20500678E0104
S20500678F0103
S20500679013F0
S20500679107FB
S20500679217EA
S2050067930000
S20500679423DC
S205006795807E
S205006796D726
S20500679700FC
S2050067988378
S20500679946B4
S20500679A07F2
S20500679B00F8
S20500679C13E4
S20500679D8670
S20500679E07EE
S20500679F00F4
S2050067A09360
S2050067A1876B
S2050067A217DA
S2050067A300F0
S2050067A4E30C
S2050067A59658
S2050067A606E7
S2050067A7FEEE
S2050067A823C8
S2050067A9806A
S2050067AA07E2
S2050067AB00E8
S2050067AC8364
S2050067AD20C6
S2050067AEC124
S2050067AF41A3
S2050067B033B0
S2050067B105DD
S2050067B2865B
S2050067B340A0
S2050067B403DC
S2050067B524BA
S2050067B6815C
S2050067B7419B
S2050067B813C8
S2050067B905D5
S2050067BA15C4
S2050067BB00D8
S2050067BC13C4
S2050067BD01D5
S2050067BE01D4
S2050067BF4490
S2050067C0676C
S2050067C18052
S2050067C200D1
S2050067C300D0
S2050067C423AC
S2050067C5804E
S2050067C607C6
S2050067C700CC
S2050067C88348
S2050067C920AA
S2050067CAC108
S2050067CB4187
S2050067CC03C4
S2050067CD24A2
S2050067CE8144
S2050067CF4183
S2050067D013B0
S2050067D105BD
S2050067D200C1
S2050067D300C0
S2050067D413AC
S2050067D501BD
S2050067D601BC
S2050067D74478
S2050067D86754
S2050067D9803A
S2050067DA00B9
S2050067DB00B8
S2050067DC13A4
S2050067DD01B5
S2050067DE01B4
S2050067DFF9BB
S2050067E02390
S2050067E1248E
S2050067E28130
S2050067E306AA
S2050067E4238C
S2050067E5228C
S2050067E6911C
S2050067E706A6
S2050067E82388
S2050067E92C7E
S2050067EA4168
S2050067EB05A3
S2050067EC2384
S2050067ED2A7C
S2050067EE5154
S2050067EF059F
S2050067F02380
S2050067F1287A
S2050067F26140
S2050067F3059B
S2050067F4237C
S2050067F52678
S2050067F6118C
S2050067F70696
S2050067F82378
S2050067F9207A
S2050067FA2178
S2050067FB0791
S2050067FC2374
S2050067FD2E68
S2050067FE3164
S2050067FF058F
S205006800236F
S205006801266B
S205006802711F
S205006803058A
S205006804236B
S2050068052469
S205006806810B
S2050068070586
S2050068082367
S2050068092267
S20500680A91F7
S20500680B0582
S20500680C1373
S20500680D8401
S20500680E057F
S20500680F0083
S20500681093EF
S205006811047D
S205006812057B
S205006813007F
S205006814136B
S2050068150A73
S2050068160676
S205006817007B
S20500681893E7
S2050068190A6F
S20500681A1068
S20500681B0077
S20500681C1363
S20500681D0B6A
S20500681E0074
S20500681F0073
S205006820630F
S205006821DE93
S205006822056B
S205006823006F
S205006824B3BB
S2050068253736
S205006826A0CC
S205006827006B
S2050068283337
S2050068290465
S20500682AB0B8
S20500682B4027
S20500682C3333
S20500682D0461
S20500682EF470
S20500682F4023
S205006830B3AF
S205006831045D
S205006832A0C0
S205006833401F
S20500683493CB
S2050068350A53
S205006836203C
S205006837005B
S2050068381347
S2050068390B4E
S20500683A1048
S20500683B0057
S20500683C93C3
S20500683D094C
S20500683E0054
S20500683F0053
S205006840133F
S2050068410C45
S205006842C18F
S205006843004F
S205006844133B
S2050068450647
S205006846A0AC
S205006847004B
S20500684893B7
S2050068490643
S20500684A0048
S20500684B0047
S20500684C1333
S20500684D85C0
S20500684E0440
S20500684F0043
S20500685093AF
S205006851053C
S205006852043C
S205006853003F
S205006854EF4F
S205006855A09D
S2050068564FED
S20500685799A2
S2050068581327
S20500685989B0
S20500685A092F
S20500685B0037
S20500685C93A3
S20500685D89AC
S20500685E191B
S20500685F0033
S205006860939F
S205006861072A
S205006862052B
S205006863032C
S205006864B37B
S2050068650B22
S2050068663CF0
S205006867012A
S2050068681317
S20500686985A4
S20500686A0424
S20500686B0027
S20500686C9393
S20500686D0520
S20500686E0420
S20500686F0023
S205006870A37F
S2050068718F92
S205006872FB25
S205006873FE21
S205006874130B
S2050068750617
S205006876A07C
S205006877001B
S2050068789387
S2050068790613
S20500687A0018
S20500687B0017
S20500687CEF27
S20500687D9085
S20500687EDF35
S20500687FAB68
S205006880937F
S2050068810C05
S205006882040C
S205006883000F
S205006884937B
S2050068858B82
S2050068860408
S205006887000B
S20500688813F7
S2050068898485
S20500688A0503
S20500688B0007
S20500688C9373
S20500688D0401
S20500688E05FF
S20500688F0003
S205006890E31F
S2050068914AB7
S2050068929070
S205006893FB04
S205006894936B
S20500689507F6
S205006896906C
S20500689700FB
S2050068986397
S2050068999465
S20500689A0CEC
S20500689B00F7
S20500689CE313
S20500689DE411
S20500689E777D
S20500689FFBF8
S2050068A0638F
S2050068A104ED
S2050068A20BE5
S2050068A312DD
S2050068A413DB
S2050068A58766
S2050068A609E3
S2050068A704E7
S2050068A833B7
S2050068A907E2
S2050068AA27C1
S2050068AB00E7
S2050068AC9353
S2050068AD06DF
S2050068AED014
S2050068AF02E1
S2050068B023BF
S2050068B106DB
S2050068B2D709
S2050068B3FCE3
S2050068B413CB
S2050068B507D6
S2050068B629B3
S2050068B704D7
S2050068B89347
S2050068B907D2
S2050068BA29AF
S2050068BB00D7
S2050068BC33A3
S2050068BD07CE
S2050068BE27AD
S2050068BF00D3
S2050068C013BF
S2050068C18948
S2050068C209C7
S2050068C300CF
S2050068C423AB
S2050068C506C7
S2050068C607C5
S2050068C7FCCF
S2050068C89337
S2050068C98940
S2050068CA07C1
S2050068CB00C7
S2050068CC9333
S2050068CD06BF
S2050068CE0CB8
S2050068CF00C3
S2050068D0338F
S2050068D107BA
S2050068D22C94
S2050068D301BE
S2050068D4932B
S2050068D507B6
S2050068D600BC
S2050068D700BB
S2050068D88337
S2050068D94574
S2050068DA07B1
S2050068DB00B7
S2050068DC03B3
S2050068DDC6EF
S2050068DE06AE
S2050068DF00B3
S2050068E0931F
S2050068E1872A
S2050068E21799
S2050068E300AF
S2050068E4238B
S2050068E5802D
S2050068E6B6F6
S2050068E700AB
S2050068E82387
S2050068E900A9
S2050068EAC7E1
S2050068EB00A7
S2050068EC3373
S2050068ED069F
S2050068EEF9AB
S2050068EF4063
S2050068F0930F
S2050068F1861B
S2050068F2168A
S2050068F3009F
S2050068F4138B
S2050068F50796
S2050068F6F7A5
S2050068F7FF9C
S2050068F8E3B7
S2050068F9C0D9
S2050068FAC7D1
S2050068FBFE99
S2050068FC9303
S2050068FD0590
S2050068FE3064
S2050068FF0093
S205006900335E
S205006901850B
S2050069025936
S205006903414D
S205006904EF9E
S205006905D0BC
S205006906CFBC
S205006907ED9D
S2050069083356
S2050069090583
S20500690A3552
S20500690B0185
S20500690CB3D2
S20500690D077D
S20500690EAAD9
S20500690F0082
S205006910235E
S2050069118000
S2050069120778
S205006913007E
S20500691493EA
S2050069150676
S205006916007B
S205006917007A
S20500691893E6
S2050069190870
S20500691A3047
S20500691B0076
S20500691C1362
S20500691D056F
S20500691EF57E
S20500691FFF73
S205006920B3BE
S2050069210769
S2050069222C43
S205006923016D
S205006924135A
S2050069250369
S205006926D09B
S2050069270268
S2050069281356
S2050069290E5A
S20500692AC0A7
S20500692B0264
S20500692C6302
S20500692D86DE
S20500692E164D
S20500692F035F
S20500693093CE
S20500693186DA
S2050069321649
S205006933005E
S205006934134A
S2050069350755
S2050069360556
S205006937005A
S20500693883D6
S205006939C593
S20500693A0750
S20500693B0056
S20500693C3322
S20500693D064E
S20500693EEA69
S20500693F0052
S205006940133E
S20500694188C8
S205006942F758
S205006943FF4F
S205006944232A
S205006945004C
S205006946B695
S205006947004A
S2050069481336
S2050069490543
S20500694AF750
S20500694BFF47
S20500694C63E2
S20500694D0E36
S20500694EFC47
S20500694F0240
S20500695093AE
S2050069510739
S2050069520837
S205006953003E
S205006954E35A
S2050069559E9E
S2050069561625
S205006957FD3D
S20500695883B6
S205006959C672
S20500695A0730
S20500695B0036
S20500695C3302
S20500695D062E
S20500695EAA89
S20500695F0032
S205006960131E
S2050069610729
S205006962F53A
S205006963FF2F
S20500696463CA
S2050069658CA0
S20500696666C5
S2050069670426
S20500696883A6
S205006969C563
S20500696A0720
S20500696B0026
S20500696C2302
S20500696D0024
S20500696EC65D
S20500696F0121
S20500697033EE
S205006971061A
S205006972EA35
S205006973001E
S20500697423FA
S205006975001C
S205006976B665
S205006977001A
S2050069789386
S2050069790612
S20500697A1007
S20500697B0016
S20500697C1302
S20500697D888C
S20500697EF71C
S20500697FFF13
S20500698013FE
S205006981050B
S205006982F718
S205006983FF0F
S205006984E32A
S20500698516F6
S205006986FC0F
S205006987FC0E
S2050069888386
S20500698920E8
S20500698AC146
S20500698B0600
S20500698C0302
S20500698D24E0
S20500698E8182
S20500698F06FC
S205006990837E
S20500699124DC
S20500699241BE
S20500699306F8
S20500699403FA
S20500699529D3
S20500699601FA
S20500699706F4
S2050069988376
S20500699929CF
S20500699AC136
S20500699B05F1
S20500699C03F2
S20500699D2ACA
S20500699E8172
S20500699F05ED
S2050069A0836E
S2050069A12AC6
S2050069A241AE
S2050069A305E9
S2050069A403EA
S2050069A52BC1
S2050069A601EA
S2050069A705E5
S2050069A88366
S2050069A92BBD
S2050069AAC126
S2050069AB04E2
S2050069AC03E2
S2050069AD2CB8
S2050069AE8162
S2050069AF04DE
S2050069B0835E
S2050069B12CB4
S2050069B2419E
S2050069B304DA
S2050069B413CA
S2050069B501DB
S2050069B601DA
S2050069B707D3
S2050069B86772
S2050069B98058
S2050069BA00D7
S2050069BB00D6
S2050069BC13C2
S2050069BD07CD
S2050069BE05CE
S2050069BF00D2
S2050069C0933E
S2050069C106CA
S2050069C2408F
S2050069C300CE
S2050069C46F5E
S2050069C5F0DC
S2050069C65F6C
S2050069C7F7D3
S2050069C89336
S2050069C98741
S2050069CA09BE
S2050069CB04C2
S2050069CCB312
S2050069CD873D
S2050069CE279C
S2050069CF00C2
S2050069D0239E
S2050069D1863A
S2050069D207B8
S2050069D3FCC2
S2050069D4E3DA
S2050069D51CA0
S2050069D609B2
S2050069D7EECC
S2050069D86F4A
S2050069D9F0C8
S2050069DA5F58
S2050069DBF2C4
S2050069DC13A2
S2050069DD01B3
S2050069DE01B2
S2050069DFF9B9
S2050069E0238E
S2050069E1248C
S2050069E2812E
S2050069E306A8
S2050069E4238A
S2050069E5228A
S2050069E6911A
S2050069E706A4
S2050069E82386
S2050069E92088
S2050069EA2186
S2050069EB079F
S2050069EC2382
S2050069ED2E76
S2050069EE3172
S2050069EF059D
S2050069F0237E
S2050069F12C74
S2050069F2415E
S2050069F30599
S2050069F4237A
S2050069F52676
S2050069F6118A
S2050069F70694
S2050069F82376
S2050069F92A6E
S2050069FA5146
S2050069FB0591
S2050069FC2372
S2050069FD286C
S2050069FE6132
S2050069FF058D
S205006A00236D
S205006A012669
S205006A02711D
S205006A030588
S205006A042369
S205006A052269
S205006A0691F9
S205006A070584
S205006A082365
S205006A092E59
S205006A0AB1D5
S205006A0B0382
S205006A0C93F1
S205006A0D087B
S205006A0EE0A2
S205006A0F047D
S205006A10235D
S205006A112E51
S205006A12017D
S205006A13017C
S205006A1493E9
S205006A150972
S205006A160575
S205006A170079
S205006A181365
S205006A1984F3
S205006A1A0571
S205006A1B0075
S205006A1C1361
S205006A1D8AE9
S205006A1E066C
S205006A1F0071
S205006A2093DD
S205006A21046B
S205006A220767
S205006A23006D
S205006A241359
S205006A2589E2
S205006A260763
S205006A270069
S205006A286305
S205006A29DC8B
S205006A2AC89E
S205006A2B1A4B
S205006A2C93D1
S205006A2D075C
S205006A2EE082
S205006A2F045D
S205006A30233D
S205006A312C33
S205006A32F16D
S205006A33005D
S205006A341349
S205006A3585D6
S205006A360951
S205006A370059
S205006A3893C5
S205006A390552
S205006A3A0452
S205006A3B0055
S205006A3C1341
S205006A3D064D
S205006A3E0052
S205006A3F0051
S205006A4093BD
S205006A410649
S205006A42004E
S205006A43004D
S205006A44EF5D
S205006A45B09B
S205006A465FEB
S205006A478DBC
S205006A481335
S205006A490740
S205006A4A0046
S205006A4B0045
S205006A4C63E1
S205006A4D58EB
S205006A4E053D
S205006A4F0041
S205006A50B789
S205006A510738
S205006A52003E
S205006A5380BD
S205006A543309
S205006A55C477
S205006A5687B3
S205006A570039
S205006A581325
S205006A590730
S205006A5A1026
S205006A5B0035
S205006A5C93A1
S205006A5D052E
S205006A5E042E
S205006A5F0031
S205006A60230D
S205006A61A08F
S205006A62E44A
S205006A63002D
S205006A641319
S205006A650625
S205006A660129
S205006A670227
S205006A681315
S205006A6985A2
S205006A6A091D
S205006A6B0025
S205006A6CEF35
S205006A6D9093
S205006A6E4FD3
S205006A6FED34
S205006A70031D
S205006A712BF4
S205006A72011D
S205006A73021B
S205006A748399
S205006A752BF0
S205006A7641D9
S205006A770217
S205006A789385
S205006A798493
S205006A7A0511
S205006A7B0015
S205006A7C1301
S205006A7D040F
S205006A7E050D
S205006A7F0011
S205006A8013FD
S205006A810609
S205006A82000E
S205006A83000D
S205006A849379
S205006A850605
S205006A86000A
S205006A870009
S205006A8813F5
S205006A890502
S205006A8A0BFB
S205006A8B0005
S205006A8C9371
S205006A8D857E
S205006A8E0BF7
S205006A8F0001
S205006A90EF11
S205006A91B04F
S205006A92CF2F
S205006A93EF0E
S205006A946399
S205006A950CEF
S205006A9605F5
S205006A972CCD
S205006A98B741
S205006A991CDB
S205006A9A10E6
S205006A9B00F5
S205006A9C8371
S205006A9DA74C
S205006A9E0CE6
S205006A9F8968
S205006AA003ED
S205006AA1A847
S205006AA24CA2
S205006AA38964
S205006AA4B735
S205006AA516D5
S205006AA610DA
S205006AA700E9
S205006AA823C5
S205006AA920C7
S205006AAAF1F5
S205006AAB00E5
S205006AAC8361
S205006AADA73C
S205006AAE865C
S205006AAF8958
S205006AB023BD
S205006AB122BD
S205006AB201DD
S205006AB301DC
S205006AB403D9
S205006AB5A833
S205006AB6C614
S205006AB78950
S205006AB823B5
S205006AB924B3
S205006ABAF1E5
S205006ABB00D5
S205006ABC9341
S205006ABD07CC
S205006ABE09C9
S205006ABF05CC
S205006AC023AD
S205006AC124AB
S205006AC2814D
S205006AC305C8
S205006AC423A9
S205006AC520AB
S205006AC6A129
S205006AC705C4
S205006AC823A5
S205006AC926A1
S205006ACA01C5
S205006ACB01C4
S205006ACC23A1
S205006ACD2A99
S205006ACEF1D1
S205006ACF00C1
S205006AD0932D
S205006AD18D32
S205006AD207B7
S205006AD300BD
S205006AD49329
S205006AD50CAF
S205006AD600BA
S205006AD705B4
S205006AD803B5
S205006AD92691
S205006ADA01B5
S205006ADB00B5
S205006ADC8331
S205006ADD268D
S205006ADE4171
S205006ADF00B1
S205006AE0139D
S205006AE105AA
S205006AE20BA3
S205006AE300AD
S205006AE49319
S205006AE58526
S205006AE60B9F
S205006AE700A9
S205006AE8EFB9
S205006AE9A007
S205006AEADFC7
S205006AEBDFC6
S205006AEC1391
S205006AED069D
S205006AEE01A1
S205006AEF029F
S205006AF0EFB1
S205006AF1900F
S205006AF20F8F
S205006AF3E5B8
S205006AF40399
S205006AF52675
S205006AF68119
S205006AF70099
S205006AF88315
S205006AF92671
S205006AFAC1D5
S205006AFB0095
S205006AFC2371
S205006AFD246F
S205006AFEA1F1
S205006AFF028F
S205006B00236C
S205006B012668
S205006B02B1DC
S205006B03028A
S205006B04EF9C
S205006B05A0EA
S205006B068FFA
S205006B07D1B7
S205006B080384
S205006B092660
S205006B0A0184
S205006B0B0084
S205006B0C8300
S205006B0D265C
S205006B0E4140
S205006B0F0080
S205006B10136C
S205006B118CF2
S205006B120D70
S205006B13007C
S205006B1493E8
S205006B158DED
S205006B16FD7C
S205006B17FF79
S205006B18EF88
S205006B19B0C6
S205006B1A9FD6
S205006B1B90E4
S205006B1CEF84
S205006B1DC0B2
S205006B1EDF92
S205006B1F99D7
S205006B20036C
S205006B212B43
S205006B22016C
S205006B23026A
S205006B2483E8
S205006B252B3F
S205006B264128
S205006B270266
S205006B281354
S205006B290561
S205006B2A0560
S205006B2B0361
S205006B2CB3B0
S205006B2D89D9
S205006B2EBCA5
S205006B2F411F
S205006B30233C
S205006B3180DE
S205006B32ADB0
S205006B33005C
S205006B341348
S205006B350654
S205006B360059
S205006B370058
S205006B3893C4
S205006B390650
S205006B3A0055
S205006B3B0054
S205006B3C1340
S205006B3D054D
S205006B3E0B46
S205006B3F0050
S205006B4093BC
S205006B4185C9
S205006B420B42
S205006B43004C
S205006B441338
S205006B458DBD
S205006B460D3C
S205006B470048
S205006B4893B4
S205006B490A3C
S205006B4A093C
S205006B4B0044
S205006B4CB390
S205006B4D89B9
S205006B4E2918
S205006B4F013F
S205006B50EF50
S205006B51B08E
S205006B52CF6E
S205006B53E359
S205006B54E358
S205006B551228
S205006B560534
S205006B57F840
S205006B5883B4
S205006B59270F
S205006B5A41F4
S205006B5B0133
S205006B5C63D0
S205006B5DFE34
S205006B5EFD34
S205006B5F36FA
S205006B60B37C
S205006B610727
S205006B62B974
S205006B6341EB
S205006B649398
S205006B6586A4
S205006B66F732
S205006B670424
S205006B681314
S205006B69071F
S205006B6A60C5
S205006B6B0024
S205006B6C63C0
S205006B6D74AE
S205006B6ED74A
S205006B6F0818
S205006B7033EC
S205006B7167B7
S205006B72B964
S205006B73011B
S205006B741308
S205006B7577A3
S205006B7637E2
S205006B770018
S205006B7863B4
S205006B791EF8
S205006B7A070E
S205006B7B060E
S205006B7C33E0
S205006B7D0C06
S205006B7E8988
S205006B7F41CF
S205006B8013FC
S205006B813CD2
S205006B823CD1
S205006B83000C
S205006B8463A8
S205006B8518F2
S205006B860CFD
S205006B870602
S205006B889374
S205006B89877F
S205006B8A07FE
S205006B8B05FF
S205006B8C13F0
S205006B8DF60C
S205006B8EC73A
S205006B8FFF01
S205006B90B34C
S205006B9106F8
S205006B92B647
S205006B9301FB
S205006B9403F8
S205006B9527D3
S205006B960DEC
S205006B9700F8
S205006B9813E4
S205006B990DE9
S205006B9A4DA8
S205006B9B00F4
S205006B9C9360
S205006B9D8A68
S205006B9E4AA7
S205006B9F00F0
S205006BA023CC
S205006BA1AE40
S205006BA2EA03
S205006BA3FEEE
S205006BA4E308
S205006BA59852
S205006BA6A643
S205006BA7FFE9
S205006BA833B4
S205006BA907DF
S205006BAAC91C
S205006BAB00E4
S205006BAC6380
S205006BAD04DE
S205006BAEF6EB
S205006BAF06DA
S205006BB0835C
S205006BB1C519
S205006BB206D7
S205006BB300DC
S205006BB403D8
S205006BB525B5
S205006BB64198
S205006BB701D7
S205006BB813C4
S205006BB98650
S205006BBA16BF
S205006BBB00D4
S205006BBC23B0
S205006BBD00D2
S205006BBEB71A
S205006BBF00D0
S205006BC0636C
S205006BC17A54
S205006BC2A627
S205006BC304C8
S205006BC48348
S205006BC5C505
S205006BC616B3
S205006BC700C8
S205006BC813B4
S205006BC98640
S205006BCA269F
S205006BCB00C4
S205006BCCA320
S205006BCD00C2
S205006BCEB70A
S205006BCF00C0
S205006BD0635C
S205006BD1724C
S205006BD2A617
S205006BD304B8
S205006BD48338
S205006BD5C6F4
S205006BD62693
S205006BD700B8
S205006BD82394
S205006BD901B5
S205006BDAD7DE
S205006BDB00B4
S205006BDC6F44
S205006BDD00B2
S205006BDE8031
S205006BDF03AD
S205006BE0931C
S205006BE14668
S205006BE2F6B7
S205006BE3FFAD
S205006BE49318
S205006BE5D6D4
S205006BE6F6B3
S205006BE74167
S205006BE8B3F4
S205006BE9772F
S205006BEAD6CF
S205006BEB00A4
S205006BEC2380
S205006BED2C76
S205006BEEF1B0
S205006BEF00A0
S205006BF06F30
S205006BF1F0AE
S205006BF25F3E
S205006BF3E4B8
S205006BF41388
S205006BF50793
S205006BF60990
S205006BF70098
S205006BF88314
S205006BF9C6D0
S205006BFA0D88
S205006BFB0094
S205006BFC9300
S205006BFD8D05
S205006BFE1D74
S205006BFF0090
S205006C00137B
S205006C010786
S205006C021775
S205006C03008B
S205006C04A3E7
S205006C050F7A
S205006C06D7B1
S205006C07FE89
S205006C088303
S205006C09265F
S205006C0A4143
S205006C0B0182
S205006C0CE39F
S205006C0D96EB
S205006C0EB6CA
S205006C0FFF80
S205006C1093EB
S205006C1187F6
S205006C120775
S205006C130576
S205006C140377
S205006C152C4D
S205006C1681F7
S205006C170473
S205006C180373
S205006C192D48
S205006C1A0173
S205006C1B046F
S205006C1CB3BF
S205006C1D0A67
S205006C1EF977
S205006C1F006F
S205006C2083EB
S205006C212746
S205006C2281EB
S205006C23016A
S205006C24B3B7
S205006C250D5C
S205006C26F96F
S205006C270067
S205006C2883E3
S205006C29273E
S205006C2AC1A3
S205006C2B0162
S205006C2C63FF
S205006C2D94CD
S205006C2E0759
S205006C2F005F
S205006C30B3AB
S205006C318DD0
S205006C323D1F
S205006C33015A
S205006C342337
S205006C352039
S205006C363A1E
S205006C370156
S205006C3863F3
S205006C39E66F
S205006C3A2D27
S205006C3B1F34
S205006C3C93BF
S205006C3D0948
S205006C3E0947
S205006C3F054A
S205006C4063EB
S205006C41EE5F
S205006C425DEF
S205006C430546
S205006C44B793
S205006C451C2D
S205006C461038
S205006C470047
S205006C4863E3
S205006C49FA4B
S205006C4A3A0A
S205006C4B053E
S205006C4C033F
S205006C4DAB96
S205006C4E0C34
S205006C4F89B6
S205006C5083BB
S205006C51AB92
S205006C524CF0
S205006C5389B2
S205006C546FCB
S205006C550039
S205006C5680B8
S205006C570037
S205006C5863D3
S205006C598AAB
S205006C5A59DB
S205006C5B1D16
S205006C5C939F
S205006C5D86AB
S205006C5E0B25
S205006C5F002F
S205006C60131B
S205006C610528
S205006C620428
S205006C63002B
S205006C649397
S205006C6585A4
S205006C660424
S205006C670027
S205006C681313
S205006C69061F
S205006C6A0B19
S205006C6B0023
S205006C6CEF33
S205006C6DB071
S205006C6E4FD1
S205006C6FFB24
S205006C70130B
S205006C710617
S205006C72819B
S205006C730219
S205006C74EF2B
S205006C759089
S205006C76CF49
S205006C77CC4B
S205006C781303
S205006C790411
S205006C7A050F
S205006C7B0013
S205006C7C937F
S205006C7D848D
S205006C7E050B
S205006C7F000F
S205006C80030B
S205006C8125E8
S205006C82818B
S205006C830209
S205006C848387
S205006C8525E4
S205006C86C147
S205006C870205
S205006C889373
S205006C898A7B
S205006C8A1AEA
S205006C8B0003
S205006C8CEF13
S205006C8DC041
S205006C8EDF21
S205006C8F827D
S205006C9013EB
S205006C9105F8
S205006C9205F7
S205006C9303F8
S205006C94A357
S205006C958F6A
S205006C96AA4E
S205006C97FEF9
S205006C98E313
S205006C99F005
S205006C9A5D97
S205006C9BFDF6
S205006C9C638F
S205006C9DF8F9
S205006C9E3DB3
S205006C9F19D6
S205006CA0836B
S205006CA1C726
S205006CA20DDF
S205006CA300EB
S205006CA413D7
S205006CA507E2
S205006CA69058
S205006CA703E4
S205006CA89353
S205006CA9875E
S205006CAA578D
S205006CAB00E3
S205006CAC934F
S205006CADF7EA
S205006CAEF7E9
S205006CAF0FD0
S205006CB023BB
S205006CB1805D
S205006CB2FDDF
S205006CB300DB
S205006CB46377
S205006CB57E5B
S205006CB6F7E1
S205006CB706D1
S205006CB88353
S205006CB927AE
S205006CBAC113
S205006CBB01D2
S205006CBC636F
S205006CBD923F
S205006CBE07C9
S205006CBF18B7
S205006CC0933B
S205006CC18746
S205006CC20DBF
S205006CC300CB
S205006CC413B7
S205006CC506C3
S205006CC600C8
S205006CC703C4
S205006CC89333
S205006CC905C0
S205006CCA9034
S205006CCB03C0
S205006CCC239F
S205006CCD8041
S205006CCEC7F9
S205006CCF00BF
S205006CD0635B
S205006CD16459
S205006CD2F9C3
S205006CD31C9F
S205006CD413A7
S205006CD507B2
S205006CD610A8
S205006CD703B4
S205006CD82393
S205006CD98035
S205006CDAE7CD
S205006CDB00B3
S205006CDC03AF
S205006CDD278A
S205006CDE0AA6
S205006CDF00AF
S205006CE0139B
S205006CE107A6
S205006CE21795
S205006CE300AB
S205006CE42387
S205006CE52089
S205006CE6EABE
S205006CE700A7
S205006CE86343
S205006CE97431
S205006CEAB9EB
S205006CEB01A2
S205006CEC237F
S205006CED8021
S205006CEECDD3
S205006CEF009F
S205006CF0831B
S205006CF1C6D7
S205006CF20795
S205006CF3009B
S205006CF41387
S205006CF50792
S205006CF69008
S205006CF70394
S205006CF89303
S205006CF98D08
S205006CFA1D77
S205006CFB0093
S205006CFC632F
S205006CFD7A17
S205006CFED7B9
S205006CFF028D
S205006D00137A
S205006D010686
S205006D02107B
S205006D030387
S205006D0493F6
S205006D050583
S205006D060087
S205006D070383
S205006D0893F2
S205006D09067E
S205006D0A90F3
S205006D0B037F
S205006D0C235E
S205006D0D8000
S205006D0EC7B8
S205006D0F007E
S205006D10037A
S205006D112755
S205006D120A71
S205006D13007A
S205006D141366
S205006D150771
S205006D161760
S205006D170076
S205006D182352
S205006D192054
S205006D1AEA89
S205006D1B0072
S205006D1C630E
S205006D1D74FC
S205006D1EB9B6
S205006D1F016D
S205006D20234A
S205006D2180EC
S205006D22BDAE
S205006D23006A
S205006D240366
S205006D25C7A1
S205006D260760
S205006D270066
S205006D2893D2
S205006D298DD7
S205006D2A1D46
S205006D2B0062
S205006D2CE37E
S205006D2DE080
S205006D2EE679
S205006D2FFE60
S205006D30233A
S205006D3180DC
S205006D320D4E
S205006D33005A
S205006D3483D6
S205006D352038
S205006D36C196
S205006D370650
S205006D380352
S205006D392430
S205006D3A81D2
S205006D3B064C
S205006D3C83CE
S205006D3D242C
S205006D3E410E
S205006D3F0648
S205006D4083CA
S205006D412923
S205006D42C18A
S205006D430545
S205006D440346
S205006D452A1E
S205006D4681C6
S205006D470541
S205006D4883C2
S205006D492A1A
S205006D4A4102
S205006D4B053D
S205006D4C033E
S205006D4D2B15
S205006D4E013E
S205006D4F0539
S205006D5083BA
S205006D512B11
S205006D52C17A
S205006D530436
S205006D5483B6
S205006D552C0C
S205006D5641F6
S205006D570432
S205006D5883B2
S205006D592D07
S205006D5AC172
S205006D5B032F
S205006D5C131E
S205006D5D052B
S205006D5E0926
S205006D5F002E
S205006D60032A
S205006D612903
S205006D62012A
S205006D630624
S205006D641316
S205006D650127
S205006D660126
S205006D67071F
S205006D6867BE
S205006D6980A4
S205006D6A0023
S205006D6B0022
S205006D6C130E
S205006D6D051B
S205006D6E041B
S205006D6F001E
S205006D70938A
S205006D718597
S205006D720417
S205006D73001A
S205006D741306
S205006D750612
S205006D760017
S205006D770016
S205006D789382
S205006D79060E
S205006D7A0013
S205006D7B0012
S205006D7CEF22
S205006D7DB060
S205006D7ECF40
S205006D7FC945
S205006D8063AA
S205006D815AB2
S205006D82A06B
S205006D830A00
S205006D84B752
S205006D851CEC
S205006D8610F7
S205006D870006
S205006D880302
S205006D89A65E
S205006D8A0CF7
S205006D8B8979
S205006D8C837E
S205006D8DA65A
S205006D8E4CB3
S205006D8F8975
S205006D9013EA
S205006D9105F7
S205006D9204F7
S205006D9300FA
S205006D949366
S205006D958573
S205006D9604F3
S205006D9700F6
S205006D9823D2
S205006D9920D4
S205006D9AA152
S205006D9B05ED
S205006D9CEF02
S205006D9DB040
S205006D9E4FA0
S205006D9FE806
S205006DA0B736
S205006DA117D5
S205006DA210DB
S205006DA300EA
S205006DA403E6
S205006DA5AB3D
S205006DA607E0
S205006DA78A5C
S205006DA88362
S205006DA9AB39
S205006DAA479C
S205006DAB8A58
S205006DAC13CE
S205006DAD0DD3
S205006DAE05DA
S205006DAF00DE
S205006DB013CA
S205006DB106D6
S205006DB20BD0
S205006DB300DA
S205006DB49346
S205006DB58652
S205006DB60BCC
S205006DB700D6
S205006DB89342
S205006DB98A4A
S205006DBA05CE
S205006DBB00D2
S205006DBCEFE2
S205006DBDB020
S205006DBECF00
S205006DBFD5F9
S205006DC0933A
S205006DC109C3
S205006DC200CB
S205006DC300CA
S205006DC46366
S205006DC55078
S205006DC605C2
S205006DC712B4
S205006DC823A2
S205006DC924A0
S205006DCA8142
S205006DCB05BD
S205006DCC03BE
S205006DCDAC14
S205006DCE0CB3
S205006DCF8935
S205006DD0833A
S205006DD1AC10
S205006DD24C6F
S205006DD38931
S205006DD413A6
S205006DD505B3
S205006DD60DAA
S205006DD700B6
S205006DD89322
S205006DD9852F
S205006DDA0AA9
S205006DDB00B2
S205006DDC139E
S205006DDD06AA
S205006DDE0CA3
S205006DDF00AE
S205006DE0931A
S205006DE18626
S205006DE20C9F
S205006DE300AA
S205006DE4EFBA
S205006DE5B0F8
S205006DE6CFD8
S205006DE7E3C3
S205006DE81392
S205006DE9069E
S205006DEA0B98
S205006DEB00A2
S205006DEC930E
S205006DED861A
S205006DEE0B94
S205006DEF009E
S205006DF0138A
S205006DF10498
S205006DF20D8E
S205006DF3009A
S205006DF49306
S205006DF58414
S205006DF60A8D
S205006DF70096
S205006DF89302
S205006DF9890B
S205006DFAF99A
S205006DFBFF93
S205006DFC137E
S205006DFD0D83
S205006DFE058A
S205006DFF008E
S205006E0093F9
S205006E018A01
S205006E020585
S205006E030089
S205006E04EF99
S205006E05B0D7
S205006E064F37
S205006E07D1B4
S205006E08E3A1
S205006E09463D
S205006E0A057D
S205006E0BFC85
S205006E0C235D
S205006E0D245B
S205006E0EA1DD
S205006E0F037A
S205006E102359
S205006E112655
S205006E125129
S205006E130376
S205006E140375
S205006E152C4B
S205006E1681F5
S205006E170471
S205006E180371
S205006E192D46
S205006E1A0171
S205006E1B046D
S205006E1C93DD
S205006E1D0A65
S205006E1E0965
S205006E1F006D
S205006E206FFD
S205006E21F07B
S205006E221F4B
S205006E23E089
S205006E242345
S205006E250067
S205006E26095D
S205006E270065
S205006E286FF5
S205006E29F073
S205006E2ADF83
S205006E2BF071
S205006E2CA3BD
S205006E2D0758
S205006E2E0955
S205006E2F0459
S205006E306FED
S205006E31F06B
S205006E325FFB
S205006E33F069
S205006E3493C5
S205006E350A4D
S205006E36094D
S205006E370055
S205006E3893C1
S205006E39094A
S205006E3A0052
S205006E3B0051
S205006E3C6FE1
S205006E3DF05F
S205006E3E5FEF
S205006E3FDE6F
S205006E4093B9
S205006E4187C4
S205006E420D3D
S205006E430049
S205006E4493B5
S205006E450542
S205006E460046
S205006E470342
S205006E481331
S205006E49063D
S205006E4A90B2
S205006E4B033E
S205006E4C231D
S205006E4D80BF
S205006E4EB787
S205006E4F003D
S205006E5063D9
S205006E5164D7
S205006E52F941
S205006E530633
S205006E541325
S205006E550730
S205006E561026
S205006E570332
S205006E582311
S205006E5980B3
S205006E5AE74B
S205006E5B0031
S205006E5C032D
S205006E5D2708
S205006E5E0A24
S205006E5F002D
S205006E609399
S205006E610526
S205006E62909A
S205006E630326
S205006E641315
S205006E650621
S205006E661016
S205006E670322
S205006E681311
S205006E69071C
S205006E6A170B
S205006E6B0021
S205006E6C23FD
S205006E6D20FF
S205006E6EEA34
S205006E6F001D
S205006E700319
S205006E71C754
S205006E720713
S205006E730019
S205006E749385
S205006E750611
S205006E769086
S205006E770312
S205006E78E331
S205006E79FC17
S205006E7AE52D
S205006E7BEA27
S205006E7C23ED
S205006E7D808F
S205006E7EC747
S205006E7F000D
S205006E800309
S205006E8127E4
S205006E820A00
S205006E830009
S205006E8413F5
S205006E850700
S205006E8617EF
S205006E870005
S205006E8823E1
S205006E8920E3
S205006E8AEA18
S205006E8B0001
S205006E8C03FD
S205006E8DC738
S205006E8E07F7
S205006E8F00FD
S205006E90E319
S205006E91E615
S205006E92E614
S205006E93FEFB
S205006E946F89
S205006E95F007
S205006E96DF17
S205006E97E90C
S205006E9803F1
S205006E99C72C
S205006E9AF7FB
S205006E9BFFF2
S205006E9C935D
S205006E9D8669
S205006E9EF7F7
S205006E9FFFEE
S205006EA013D9
S205006EA107E4
S205006EA217D3
S205006EA300E9
S205006EA413D5
S205006EA57770
S205006EA6F7EF
S205006EA70FD6
S205006EA8A341
S205006EA98F54
S205006EAAE7FB
S205006EABFEE3
S205006EACE3FD
S205006EADF2ED
S205006EAEE5F9
S205006EAFE8F5
S205006EB09349
S205006EB18754
S205006EB206D4
S205006EB300D9
S205006EB46F69
S205006EB5F0E7
S205006EB69F37
S205006EB7E1F4
S205006EB803D1
S205006EB9C70C
S205006EBAF7DB
S205006EBBFFD2
S205006EBC933D
S205006EBD8649
S205006EBEF7D7
S205006EBFFFCE
S205006EC013B9
S205006EC107C4
S205006EC217B3
S205006EC300C9
S205006EC413B5
S205006EC57750
S205006EC6F7CF
S205006EC70FB6
S205006EC8A321
S205006EC98F34
S205006ECAE7DB
S205006ECBFEC3
S205006ECCE3DD
S205006ECD724D
S205006ECEE6D8
S205006ECFE6D7
S205006ED09329
S205006ED18734
S205006ED206B4
S205006ED300B9
S205006ED46F49
S205006ED5F0C7
S205006ED69F17
S205006ED7F7BE
S205006ED803B1
S205006ED92C87
S205006EDA8131
S205006EDB04AD
S205006EDC03AD
S205006EDD2D82
S205006EDE01AD
S205006EDF04A9
S205006EE06F3D
S205006EE1F0BB
S205006EE21F8B
S205006EE3D4D5
S205006EE42385
S205006EE52483
S205006EE6A105
S205006EE703A2
S205006EE82381
S205006EE9267D
S205006EEA5151
S205006EEB039E
S205006EEC039D
S205006EED2D72
S205006EEE019D
S205006EEF0499
S205006EF09309
S205006EF10A91
S205006EF20991
S205006EF30099
S205006EF46F29
S205006EF5F0A7
S205006EF6DFB7
S205006EF7D2C3
S205006EF81381
S205006EF9088B
S205006EFA0092
S205006EFB0091
S205006EFC6F21
S205006EFDF09F
S205006EFE1F6F
S205006EFFAEDF
S205006F001378
S205006F010189
S205006F020188
S205006F03FE8A
S205006F042364
S205006F052C5A
S205006F068104
S205006F070084
S205006F082360
S205006F092A58
S205006F0A91F0
S205006F0B0080
S205006F0C235C
S205006F0D2856
S205006F0E215C
S205006F0F017B
S205006F102358
S205006F112654
S205006F123148
S205006F130177
S205006F142354
S205006F152E48
S205006F161164
S205006F170074
S205006F182350
S205006F19244E
S205006F1A4130
S205006F1B016F
S205006F1C135C
S205006F1D046A
S205006F1E0766
S205006F1F006C
S205006F2093D8
S205006F2184E6
S205006F220564
S205006F230068
S205006F2493D4
S205006F25095D
S205006F26065F
S205006F270064
S205006F281350
S205006F2989D9
S205006F2A065B
S205006F2B0060
S205006F2C63FC
S205006F2D0A54
S205006F2E0756
S205006F2F0854
S205006F3093C8
S205006F310753
S205006F323029
S205006F330058
S205006F3463F4
S205006F350A4C
S205006F36F75E
S205006F370450
S205006F380350
S205006F39AAA8
S205006F3A054C
S205006F3B0050
S205006F3C133C
S205006F3D86C8
S205006F3E0944
S205006F3F004C
S205006F4093B8
S205006F410545
S205006F420940
S205006F430048
S205006F441334
S205006F450541
S205006F460A3B
S205006F470044
S205006F48EF54
S205006F49E062
S205006F4A4FF2
S205006F4BA49C
S205006F4CEF50
S205006F4DE05E
S205006F4E8FAE
S205006F4FA597
S205006F50E358
S205006F510E2C
S205006F520534
S205006F53FE3A
S205006F5493A4
S205006F55072F
S205006F563005
S205006F570034
S205006F5863D0
S205006F590E24
S205006F5AF43D
S205006F5B062A
S205006F5C131C
S205006F5D042A
S205006F5EE449
S205006F5FFF2D
S205006F609398
S205006F610723
S205006F621019
S205006F630028
S205006F6463C4
S205006F65F036
S205006F66879E
S205006F67081C
S205006F6883A0
S205006F692002
S205006F6AC160
S205006F6B011F
S205006F6C031C
S205006F6D24FA
S205006F6E819C
S205006F6F011B
S205006F708398
S205006F7124F6
S205006F7241D8
S205006F730117
S205006F740314
S205006F7529ED
S205006F760114
S205006F770113
S205006F788390
S205006F7929E9
S205006F7AC150
S205006F7B0010
S205006F7C030C
S205006F7D2AE4
S205006F7E818C
S205006F7F000C
S205006F8013F8
S205006F810109
S205006F820108
S205006F830206
S205006F8467A0
S205006F858086
S205006F860005
S205006F870004
S205006F8823E0
S205006F8922E0
S205006F8A51B0
S205006F8B01FF
S205006F8C936C
S205006F8D0AF4
S205006F8E05F8
S205006F8F00FC
S205006F90EF0C
S205006F91E01A
S205006F928F6A
S205006F939A5E
S205006F9413E4
S205006F950AEC
S205006F9605F0
S205006F9700F4
S205006F986390
S205006F99846E
S205006F9A04ED
S205006F9B00F0
S205006F9C23CC
S205006F9DA04E
S205006F9EA449
S205006F9F00EC
S205006FA037B4
S205006FA105E5
S205006FA210D9
S205006FA300E8
S205006FA49354
S205006FA58561
S205006FA60ADB
S205006FA700E4
S205006FA89350
S205006FA906DC
S205006FAA09D8
S205006FAB00E0
S205006FAC13CC
S205006FAD8658
S205006FAE09D4
S205006FAF00DC
S205006FB013C8
S205006FB105D5
S205006FB2C514
S205006FB34395
S205006FB4EFE8
S205006FB5F0E6
S205006FB68F46
S205006FB7EFE5
S205006FB88350
S205006FB92AA8
S205006FBA4190
S205006FBB00D0
S205006FBC6F60
S205006FBDF0DE
S205006FBE1FAE
S205006FBFF8D4
S205006FC0EFDC
S205006FC1E0EA
S205006FC28F3A
S205006FC39731
S205006FC413B4
S205006FC50ABC
S205006FC605C0
S205006FC700C4
S205006FC8E3E0
S205006FC98A38
S205006FCA04BD
S205006FCBF6CA
S205006FCC239C
S205006FCDA01E
S205006FCEA419
S205006FCF00BC
S205006FD06F4C
S205006FD1F0CA
S205006FD2DFDA
S205006FD3F6C2
S205006FD49324
S205006FD505B1
S205006FD605B0
S205006FD700B4
S205006FD8377C
S205006FD905AD
S205006FDA10A1
S205006FDB00B0
S205006FDC139C
S205006FDD05A9
S205006FDE4568
S205006FDF4765
S205006FE0EFBC
S205006FE1F0BA
S205006FE2CFDA
S205006FE3ECBC
S205006FE403A4
S205006FE52482
S205006FE68124
S205006FE701A3
S205006FE88320
S205006FE92082
S205006FEAC1E0
S205006FEB019F
S205006FEC831C
S205006FED247A
S205006FEE415C
S205006FEF019B
S205006FF00398
S205006FF12971
S205006FF20198
S205006FF30197
S205006FF48314
S205006FF5296D
S205006FF6C1D4
S205006FF70094
S205006FF81380
S205006FF9058D
S205006FFA0A87
S205006FFB0090
S205006FFC038C
S205006FFD2A64
S205006FFE810C
S205006FFF008C
S2050070001377
S2050070010188
S2050070020187
S2050070030285
S2050070046F17
S205007005E0A5
S2050070060F75
S20500700796ED
S205007008374B
S205007009057C
S20500700A1070
S20500700B007F
S20500700C136B
S20500700D0578
S20500700EC5B7
S20500700F3C3F
S2050070106F0B
S205007011F089
S205007012CFA9
S205007013E98E
S205007014B7BF
S205007015175E
S2050070161064
S2050070170073
S205007018373B
S205007019076A
S20500701A1060
S20500701B006F
S20500701C93DB
S20500701D87E6
S20500701E87E5
S20500701F8BE0
S2050070201357
S2050070210762
S20500702287E1
S205007023481F
S20500702493D3
S205007025065F
S2050070261054
S2050070270063
S205007028233F
S205007029A6BB
S20500702AE779
S20500702B005F
S20500702C233B
S20500702DAEAF
S20500702EE775
S20500702F005B
S2050070302337
S205007031A6B3
S205007032E771
S2050070330255
S2050070342333
S205007035AEA7
S205007036E76D
S2050070370251
S205007038232F
S205007039A6AB
S20500703AE769
S20500703B044B
S20500703C232B
S20500703DAE9F
S20500703EE765
S20500703F0447
S2050070402327
S205007041A6A3
S205007042E761
S2050070430641
S2050070442323
S205007045AE97
S205007046E75D
S205007047063D
S205007048231F
S205007049A49D
S20500704AD769
S20500704B003F
S20500704C231B
S20500704DA09D
S20500704E0735
S20500704F003B
S2050070502317
S205007051AC8D
S205007052D761
S2050070530037
S2050070542313
S205007055A88D
S205007056072D
S2050070570033
S205007058230F
S205007059AA87
S20500705A0729
S20500705B002F
S20500705C230B
S20500705DA489
S20500705ED755
S20500705F0229
S2050070602307
S205007061A089
S2050070620721
S2050070630225
S2050070642303
S205007065A283
S205007066071D
S2050070670221
S20500706823FF
S205007069AC75
S20500706AD749
S20500706B021D
S20500706C23FB
S20500706DA875
S20500706E0715
S20500706F0219
S20500707023F7
S205007071AA6F
S2050070720711
S2050070730215
S20500707423F3
S205007075A471
S205007076D73D
S205007077040F
S20500707823EF
S205007079A071
S20500707A0709
S20500707B040B
S20500707C23EB
S20500707DA26B
S20500707E0705
S20500707F0407
S20500708023E7
S205007081AC5D
S205007082D731
S2050070830403
S20500708423E3
S205007085A85D
S20500708607FD
S20500708704FF
S20500708823DF
S205007089AA57
S20500708A07F9
S20500708B04FB
S20500708C23DB
S20500708DA459
S20500708ED725
S20500708F06F5
S20500709023D7
S205007091A059
S20500709207F1
S20500709306F1
S20500709423D3
S205007095A253
S20500709607ED
S20500709706ED
S20500709823CF
S205007099AC45
S20500709AD719
S20500709B06E9
S20500709C23CB
S20500709DA845
S20500709E07E5
S20500709F06E5
S2050070A023C7
S2050070A1AA3F
S2050070A207E1
S2050070A306E1
S2050070A423C3
S2050070A5A441
S2050070A6D70D
S2050070A708DB
S2050070A823BF
S2050070A9A041
S2050070AA07D9
S2050070AB08D7
S2050070AC23BB
S2050070ADA637
S2050070AEE7F5
S2050070AF08D3
S2050070B023B7
S2050070B1AE2B
S2050070B2E7F1
S2050070B308CF
S2050070B423B3
S2050070B5A62F
S2050070B6E7ED
S2050070B70AC9
S2050070B823AF
S2050070B9AE23
S2050070BAE7E9
S2050070BB0AC5
S2050070BC23AB
S2050070BDA627
S2050070BEE7E5
S2050070BF0CBF
S2050070C023A7
S2050070C1AE1B
S2050070C2E7E1
S2050070C30CBB
S2050070C423A3
S2050070C5A61F
S2050070C6E7DD
S2050070C70EB5
S2050070C8239F
S2050070C9AE13
S2050070CAE7D9
S2050070CB0EB1
S2050070CC3787
S2050070CD8736
S2050070CE00BC
S2050070CF00BB
S2050070D02397
S2050070D1A217
S2050070D207B1
S2050070D308AF
S2050070D42393
S2050070D5AC09
S2050070D6D7DD
S2050070D708AB
S2050070D8238F
S2050070D9A809
S2050070DA07A9
S2050070DB08A7
S2050070DC238B
S2050070DDAA03
S2050070DE07A5
S2050070DF08A3
S2050070E02387
S2050070E1A405
S2050070E2D7D1
S2050070E30A9D
S2050070E42383
S2050070E5A005
S2050070E6079D
S2050070E70A99
S2050070E8237F
S2050070E9A2FF
S2050070EA0799
S2050070EB0A95
S2050070EC237B
S2050070EDACF1
S2050070EED7C5
S2050070EF0A91
S2050070F02377
S2050070F1A8F1
S2050070F20791
S2050070F30A8D
S2050070F42373
S2050070F5AAEB
S2050070F6078D
S2050070F70A89
S2050070F8236F
S2050070F9A4ED
S2050070FAD7B9
S2050070FB0C83
S2050070FC236B
S2050070FDA0ED
S2050070FE0785
S2050070FF0C7F
S2050071002366
S205007101A2E6
S2050071020780
S2050071030C7A
S2050071042362
S205007105ACD8
S205007106D7AC
S2050071070C76
S205007108235E
S205007109A8D8
S20500710A0778
S20500710B0C72
S20500710C235A
S20500710DAAD2
S20500710E0774
S20500710F0C6E
S2050071102356
S205007111A4D4
S205007112D7A0
S2050071130E68
S2050071142352
S205007115A0D4
S205007116076C
S2050071170E64
S205007118234E
S205007119A2CE
S20500711A0768
S20500711B0E60
S20500711C234A
S20500711DACC0
S20500711ED794
S20500711F0E5C
S2050071202346
S205007121A8C0
S2050071220760
S2050071230E58
S2050071242342
S205007125AABA
S205007126075C
S2050071270E54
S205007128233E
S205007129A2BE
S20500712AE778
S20500712B005E
S20500712CB7A6
S20500712D1745
S20500712E104B
S20500712F005A
S2050071302336
S205007131A2B6
S2050071320750
S2050071339EB8
S205007134B79E
S205007135173D
S2050071361043
S2050071370052
S205007138232E
S205007139A0B0
S20500713A0748
S20500713B9EB0
S20500713CB796
S20500713D1735
S20500713E103B
S20500713F004A
S2050071402326
S205007141AE9A
S2050071420740
S2050071439CAA
S20500714467DE
S20500714580C4
S2050071460043
S2050071470042
S205007148B78A
S2050071491729
S20500714A102F
S20500714B003E
S20500714C93AA
S20500714D87B5
S20500714E87B4
S20500714F8BAF
S2050071500336
S205007151A692
S20500715287B0
S2050071530036
S20500715493A2
S205007155062E
S20500715635FE
S2050071570032
S205007158032E
S205007159A789
S20500715A47E8
S20500715B002E
S20500715C939A
S20500715DF636
S20500715EC665
S20500715FFF2B
S20500716063C6
S2050071610424
S2050071620621
S2050071630026
S20500716463C2
S20500716552D2
S205007166D74C
S2050071671210
S205007168031E
S205007169A67A
S20500716A8798
S20500716B011D
S20500716C031A
S20500716DA775
S20500716E47D4
S20500716F0119
S20500717063B6
S2050071710414
S2050071720611
S2050071730016
S20500717463B2
S2050071755CB8
S205007176D73C
S20500717726EC
S205007178030E
S205007179A66A
S20500717A8788
S20500717B020C
S20500717C030A
S20500717DA765
S20500717E47C4
S20500717F0208
S20500718063A6
S2050071810404
S2050071820601
S2050071830006
S20500718463A2
S20500718558AC
S205007186D72C
S20500718726DC
S20500718803FE
S205007189A65A
S20500718A8778
S20500718B03FB
S20500718C03FA
S20500718DA755
S20500718E47B4
S20500718F03F7
S2050071906396
S20500719104F4
S20500719206F1
S20500719300F6
S2050071946392
S20500719554A0
S205007196D71C
S20500719726CC
S20500719803EE
S205007199A64A
S20500719A8768
S20500719B04EA
S20500719C03EA
S20500719DA745
S20500719E47A4
S20500719F04E6
S2050071A06386
S2050071A104E4
S2050071A206E1
S2050071A300E6
S2050071A46382
S2050071A55094
S2050071A6D70C
S2050071A726BC
S2050071A803DE
S2050071A9A63A
S2050071AA8758
S2050071AB05D9
S2050071AC03DA
S2050071ADA735
S2050071AE4794
S2050071AF05D5
S2050071B06376
S2050071B104D4
S2050071B206D1
S2050071B300D6
S2050071B46372
S2050071B55C78
S2050071B6D7FC
S2050071B724AE
S2050071B803CE
S2050071B9A62A
S2050071BA8748
S2050071BB06C8
S2050071BC03CA
S2050071BDA725
S2050071BE4784
S2050071BF06C4
S2050071C06366
S2050071C104C4
S2050071C206C1
S2050071C300C6
S2050071C46362
S2050071C5586C
S2050071C6D7EC
S2050071C7249E
S2050071C803BE
S2050071C9A61A
S2050071CA8738
S2050071CB07B7
S2050071CC03BA
S2050071CDA715
S2050071CE4774
S2050071CF07B3
S2050071D06356
S2050071D104B4
S2050071D206B1
S2050071D300B6
S2050071D46352
S2050071D55460
S2050071D6D7DC
S2050071D7248E
S2050071D803AE
S2050071D9A60A
S2050071DA8728
S2050071DB08A6
S2050071DC03AA
S2050071DDA705
S2050071DE4764
S2050071DF08A2
S2050071E06346
S2050071E104A4
S2050071E206A1
S2050071E300A6
S2050071E46342
S2050071E55054
S2050071E6D7CC
S2050071E7247E
S2050071E8039E
S2050071E9A6FA
S2050071EA8718
S2050071EB0995
S2050071EC039A
S2050071EDA7F5
S2050071EE4754
S2050071EF0991
S2050071F06336
S2050071F10494
S2050071F20691
S2050071F30096
S2050071F46332
S2050071F55C38
S2050071F6D7BC
S2050071F72270
S2050071F8038E
S2050071F9A6EA
S2050071FA8708
S2050071FB0A84
S2050071FC038A
S2050071FDA7E5
S2050071FE4744
S2050071FF0A80
S2050072006325
S2050072010483
S2050072020680
S2050072030085
S2050072046321
S205007205582B
S205007206D7AB
S205007207225F
S205007208037D
S205007209A6D9
S20500720A87F7
S20500720B0B72
S20500720C0379
S20500720DA7D4
S20500720E4733
S20500720F0B6E
S2050072106315
S2050072110473
S2050072120670
S2050072130075
S2050072146311
S205007215541F
S205007216D79B
S205007217224F
S205007218036D
S205007219A6C9
S20500721A87E7
S20500721B0C61
S20500721C0369
S20500721DA7C4
S20500721E4723
S20500721F0C5D
S2050072206305
S2050072210463
S2050072220660
S2050072230065
S2050072246301
S2050072255013
S205007226D78B
S205007227223F
S205007228035D
S205007229A6B9
S20500722A87D7
S20500722B0D50
S20500722C0359
S20500722DA7B4
S20500722E4713
S20500722F0D4C
S20500723063F5
S2050072310453
S2050072320650
S2050072330055
S20500723463F1
S2050072355CF7
S205007236D77B
S2050072372031
S205007238034D
S205007239A6A9
S20500723A87C7
S20500723B0E3F
S20500723C0349
S20500723DA7A4
S20500723E4703
S20500723F0E3B
S20500724063E5
S2050072410443
S2050072420640
S2050072430045
S20500724463E1
S20500724558EB
S205007246D76B
S2050072472021
S205007248033D
S205007249A699
S20500724A87B7
S20500724B0F2E
S20500724C0339
S20500724DA794
S20500724E47F3
S20500724F0F2A
S20500725063D5
S2050072510631
S2050072520630
S2050072530035
S2050072541321
S205007255062D
S205007256F042
S2050072570031
S20500725863CD
S2050072595AD5
S20500725AD757
S20500725B022B
S20500725C37F5
S20500725D0526
S20500725E101A
S20500725F0029
S2050072601315
S2050072610126
S2050072620125
S205007263FF26
S2050072641311
S205007265051E
S205007266051D
S20500726749D8
S20500726823FD
S20500726926F9
S20500726A110D
S20500726B001D
S20500726CEF2D
S20500726DF02B
S20500726E0F0B
S20500726FC455
S205007270EF29
S205007271F027
S2050072729F77
S205007273D93C
S205007274EF25
S205007275E033
S2050072768F83
S2050072778190
S205007278838D
S20500727920EF
S20500727AC14D
S20500727B000D
S20500727C13F9
S20500727D0506
S20500727E000A
S20500727F0009
S20500728013F5
S2050072810106
S2050072820105
S2050072830104
S205007284679D
S2050072858083
S2050072860002
S2050072870001
S20500728813ED
S20500728906F9
S20500728A00FE
S20500728B00FD
S20500728C13E9
S20500728D16E5
S20500728E46B4
S20500728F00F9
S20500729033C5
S2050072918671
S205007292C72F
S20500729300F5
S20500729403F1
S20500729528CB
S20500729606EC
S20500729700F1
S20500729823CD
S20500729924CB
S20500729A06E8
S20500729B00ED
S20500729C23C9
S20500729D22C9
S20500729ED614
S20500729F00E9
S2050072A023C5
S2050072A126C1
S2050072A2B630
S2050072A300E5
S2050072A433B1
S2050072A5865D
S2050072A606DC
S2050072A701E0
S2050072A8637D
S2050072A9D20D
S2050072AAE6F8
S2050072AB10CD
S2050072AC8359
S2050072ADA536
S2050072AE8753
S2050072AF00D9
S2050072B06375
S2050072B18651
S2050072B205D1
S2050072B300D5
S2050072B48351
S2050072B5A52E
S2050072B6478B
S2050072B700D1
S2050072B8636D
S2050072B98E41
S2050072BA05C9
S2050072BB1CB1
S2050072BC8349
S2050072BDA526
S2050072BE8743
S2050072BF01C8
S2050072C06365
S2050072C18641
S2050072C205C1
S2050072C300C5
S2050072C48341
S2050072C5A51E
S2050072C6477B
S2050072C701C0
S2050072C8635D
S2050072C98A35
S2050072CA05B9
S2050072CB1CA1
S2050072CC8339
S2050072CDA516
S2050072CE8733
S2050072CF02B7
S2050072D06355
S2050072D18631
S2050072D205B1
S2050072D300B5
S2050072D48331
S2050072D5A50E
S2050072D6476B
S2050072D702AF
S2050072D8634D
S2050072D98E21
S2050072DA05A9
S2050072DB208D
S2050072DC8329
S2050072DDA506
S2050072DE8723
S2050072DF03A6
S2050072E06345
S2050072E18621
S2050072E205A1
S2050072E300A5
S2050072E48321
S2050072E5A5FE
S2050072E6475B
S2050072E7039E
S2050072E8633D
S2050072E9821D
S2050072EA0599
S2050072EB207D
S2050072EC8319
S2050072EDA5F6
S2050072EE8713
S2050072EF0495
S2050072F06335
S2050072F18611
S2050072F20591
S2050072F30095
S2050072F48311
S2050072F5A5EE
S2050072F6474B
S2050072F7048D
S2050072F8632D
S2050072F98609
S2050072FA0589
S2050072FB1E6F
S2050072FC8309
S2050072FDA5E6
S2050072FE8703
S2050072FF0584
S2050073006324
S2050073018600
S2050073020580
S2050073030084
S2050073048300
S205007305A5DD
S205007306473A
S205007307057B
S205007308631C
S2050073098AF4
S20500730A0578
S20500730B1C60
S20500730C83F8
S20500730DA5D5
S20500730E87F2
S20500730F0672
S2050073106314
S20500731186F0
S2050073120570
S2050073130074
S20500731483F0
S205007315A5CD
S205007316472A
S205007317066A
S205007318630C
S2050073198EE0
S20500731A0568
S20500731B1A52
S20500731C83E8
S20500731DA5C5
S20500731E87E2
S20500731F0761
S2050073206304
S20500732186E0
S2050073220560
S2050073230064
S20500732483E0
S205007325A5BD
S205007326471A
S2050073270759
S20500732863FC
S20500732982DC
S20500732A0558
S20500732B1A42
S20500732C83D8
S20500732DA5B5
S20500732E87D2
S20500732F0850
S20500733063F4
S20500733186D0
S2050073320550
S2050073330054
S20500733483D0
S205007335A5AD
S205007336470A
S2050073370848
S20500733863EC
S20500733986C8
S20500733A0548
S20500733B1834
S20500733C83C8
S20500733DA5A5
S20500733E87C2
S20500733F093F
S20500734063E4
S20500734186C0
S2050073420540
S2050073430044
S20500734483C0
S205007345A59D
S20500734647FA
S2050073470937
S20500734863DC
S2050073498AB4
S20500734A0538
S20500734B1626
S20500734C83B8
S20500734DA595
S20500734E87B2
S20500734F0A2E
S20500735063D4
S20500735186B0
S2050073520530
S2050073530034
S20500735483B0
S205007355A58D
S20500735647EA
S2050073570A26
S20500735863CC
S2050073598EA0
S20500735A0528
S20500735B1418
S20500735C83A8
S20500735DA585
S20500735E87A2
S20500735F0B1D
S20500736063C4
S20500736186A0
S2050073620520
S2050073630024
S20500736483A0
S205007365A57D
S20500736647DA
S2050073670B15
S20500736863BC
S205007369829C
S20500736A0518
S20500736B1408
S20500736C8398
S20500736DA575
S20500736E8792
S20500736F0C0C
S20500737063B4
S2050073718690
S2050073720510
S2050073730014
S2050073748390
S205007375A56D
S20500737647CA
S2050073770C04
S20500737863AC
S2050073798688
S20500737A0508
S20500737B12FA
S20500737C8388
S20500737DA565
S20500737E8782
S20500737F0DFB
S20500738063A4
S2050073818680
S2050073820500
S2050073830004
S2050073848380
S205007385A55D
S20500738647BA
S2050073870DF3
S205007388639C
S2050073898A74
S20500738A05F8
S20500738B16E6
S20500738C8378
S20500738DA555
S20500738E8772
S20500738F0EEA
S2050073906394
S2050073918670
S20500739205F0
S20500739300F4
S2050073948370
S205007395A54D
S20500739647AA
S2050073970EE2
S205007398638C
S2050073998A64
S20500739A05E8
S20500739B0EDE
S20500739C8368
S20500739DA545
S20500739E8762
S20500739F0FD9
S2050073A06384
S2050073A18660
S2050073A205E0
S2050073A300E4
S2050073A48360
S2050073A5A53D
S2050073A6479A
S2050073A70FD1
S2050073A8637C
S2050073A98A54
S2050073AA05D8
S2050073AB0AD2
S2050073ACB724
S2050073AD17C3
S2050073AE10C9
S2050073AF00D8
S2050073B003D4
S2050073B1A531
S2050073B2478E
S2050073B39E36
S2050073B4379C
S2050073B517BB
S2050073B610C1
S2050073B700D0
S2050073B8834C
S2050073B925A9
S2050073BA07C6
S2050073BB9E2E
S2050073BCB318
S2050073BD8644
S2050073BEA623
S2050073BF00C8
S2050073C023A4
S2050073C1A224
S2050073C2D7EE
S2050073C39E26
S2050073C46360
S2050073C5D4EE
S2050073C6D5EC
S2050073C700C0
S2050073C8239C
S2050073C9209E
S2050073CAD7E6
S2050073CB9E1E
S2050073CCB704
S2050073CD17A3
S2050073CE10A9
S2050073CF00B8
S2050073D003B4
S2050073D1A70F
S2050073D2C7EE
S2050073D39D17
S2050073D46350
S2050073D5545E
S2050073D6C7EA
S2050073D700B0
S2050073D8238C
S2050073D9AE00
S2050073DAC7E6
S2050073DB9C10
S2050073DCB7F4
S2050073DD1793
S2050073DE1099
S2050073DF00A8
S2050073E003A4
S2050073E1A501
S2050073E2079E
S2050073E38B19
S2050073E43370
S2050073E5059D
S2050073E6059C
S2050073E7019F
S2050073E86738
S2050073E9801E
S2050073EA009D
S2050073EB009C
S2050073EC1388
S2050073ED0694
S2050073EE1089
S2050073EF0098
S2050073F06F28
S2050073F1F0A6
S2050073F2DFB6
S2050073F3E9AB
S2050073F41380
S2050073F5068C
S2050073F62071
S2050073F70090
S2050073F86F20
S2050073F9F09E
S2050073FA5F2E
S2050073FBE9A3
S2050073FC1378
S2050073FD0684
S2050073FE3059
S2050073FF0088
S2050074006F17
S205007401F095
S205007402DFA5
S205007403E89B
S205007404136F
S205007405067B
S2050074064040
S205007407007F
S2050074086F0F
S205007409F08D
S20500740A5F1D
S20500740BE893
S20500740C1367
S20500740D0673
S20500740E5028
S20500740F0077
S2050074106F07
S205007411F085
S205007412DF95
S205007413E78C
S205007414135F
S205007415066B
S2050074166010
S205007417006F
S2050074186FFF
S205007419F07D
S20500741A5F0D
S20500741BE784
S20500741C1357
S20500741D0663
S20500741E70F8
S20500741F0067
S2050074206FF7
S205007421F075
S205007422DF85
S205007423E67D
S205007424134F
S205007425065B
S20500742680E0
S205007427005F
S2050074286FEF
S205007429F06D
S20500742A5FFD
S20500742BE675
S20500742C1347
S20500742D0653
S20500742E90C8
S20500742F0057
S2050074306FE7
S205007431F065
S205007432DF75
S205007433E56E
S205007434133F
S205007435064B
S205007436A0B0
S205007437004F
S2050074386FDF
S205007439F05D
S20500743A5FED
S20500743BE566
S20500743C1337
S20500743D0643
S20500743EB098
S20500743F0047
S2050074406FD7
S205007441F055
S205007442DF65
S205007443E45F
S205007444132F
S205007445063B
S205007446C080
S205007447003F
S2050074486FCF
S205007449F04D
S20500744A5FDD
S20500744BE457
S20500744C1327
S20500744D0633
S20500744ED068
S20500744F0037
S2050074506FC7
S205007451F045
S205007452DF55
S205007453E350
S205007454131F
S205007455062B
S205007456E050
S205007457002F
S2050074586FBF
S205007459F03D
S20500745A5FCD
S20500745BE348
S20500745C9397
S20500745D0524
S20500745EF038
S20500745F0027
S2050074609393
S2050074619590
S20500746245DF
S2050074630023
S205007464B36F
S205007465879A
S205007466B769
S205007467001F
S20500746833EB
S2050074690716
S20500746AD745
S20500746B40DB
S20500746C23F7
S20500746DA277
S20500746EE731
S20500746F0017
S2050074701303
S205007471070E
S2050074721004
S2050074730013
S20500747423EF
S205007475A46D
S205007476E729
S205007477000F
S20500747837D7
S2050074790706
S20500747A10FC
S20500747B000B
S20500747C13F7
S20500747D0702
S20500747E8781
S20500747F48BF
S20500748023E3
S205007481A065
S205007482C73D
S2050074830003
S20500748423DF
S205007485A65B
S205007486E719
S20500748700FF
S2050074886F8F
S205007489F00D
S20500748A5F9D
S20500748BF209
S20500748C9367
S20500748D05F4
S20500748EE018
S20500748F00F7
S2050074906F87
S205007491F005
S2050074921FD5
S205007493FDF6
S205007494935F
S20500749505EC
S20500749600F0
S20500749700EF
S2050074986F7F
S205007499F0FD
S20500749A9F4D
S20500749BFCEF
S20500749C9357
S20500749D05E4
S20500749E10D8
S20500749F00E7
S2050074A06F77
S2050074A1F0F5
S2050074A21FC5
S2050074A3FCE7
S2050074A4934F
S2050074A505DC
S2050074A6C020
S2050074A700DF
S2050074A86F6F
S2050074A9F0ED
S2050074AA9F3D
S2050074ABFBE0
S2050074AC9347
S2050074AD05D4
S2050074AEB028
S2050074AF00D7
S2050074B06F67
S2050074B1F0E5
S2050074B21FB5
S2050074B3FBD8
S2050074B4933F
S2050074B505CC
S2050074B6A030
S2050074B700CF
S2050074B86F5F
S2050074B9F0DD
S2050074BA9F2D
S2050074BBFAD1
S2050074BC9337
S2050074BD05C4
S2050074BE9038
S2050074BF00C7
S2050074C06F57
S2050074C1F0D5
S2050074C21FA5
S2050074C3FAC9
S2050074C4932F
S2050074C505BC
S2050074C68040
S2050074C700BF
S2050074C86F4F
S2050074C9F0CD
S2050074CA9F1D
S2050074CBF9C2
S2050074CC9327
S2050074CD05B4
S2050074CE7048
S2050074CF00B7
S2050074D06F47
S2050074D1F0C5
S2050074D21F95
S2050074D3F9BA
S2050074D4931F
S2050074D505AC
S2050074D66050
S2050074D700AF
S2050074D86F3F
S2050074D9F0BD
S2050074DA9F0D
S2050074DBF8B3
S2050074DC9317
S2050074DD05A4
S2050074DE5058
S2050074DF00A7
S2050074E06F37
S2050074E1F0B5
S2050074E21F85
S2050074E3F8AB
S2050074E4930F
S2050074E5059C
S2050074E64060
S2050074E7009F
S2050074E86F2F
S2050074E9F0AD
S2050074EA9FFD
S2050074EBF7A4
S2050074EC9307
S2050074ED0594
S2050074EE3068
S2050074EF0097
S2050074F06F27
S2050074F1F0A5
S2050074F21F75
S2050074F3F79C
S2050074F493FF
S2050074F5058C
S2050074F62070
S2050074F7008F
S2050074F86F1F
S2050074F9F09D
S2050074FA9FED
S2050074FBF695
S2050074FC93F7
S2050074FD0584
S2050074FED0B8
S2050074FF0087
S2050075006F16
S205007501F094
S2050075021F64
S205007503F68C
S205007504631E
S205007505027E
S205007506057A
S2050075072E50
S205007508136A
S205007509017B
S20500750A017A
S20500750BFE7C
S20500750C2356
S20500750D2C4C
S20500750E81F6
S20500750F0076
S205007510373E
S2050075111460
S2050075121063
S2050075130072
S205007514234E
S2050075152A46
S20500751691DE
S205007517006E
S205007518B7B6
S2050075191755
S20500751A105B
S20500751B006A
S20500751C93D6
S20500751D0464
S20500751E84E3
S20500751F8BDB
S20500752083E2
S205007521A6BE
S205007522075C
S2050075238BD7
S205007524233E
S2050075252838
S205007526213E
S205007527015D
S205007528035A
S205007529A9B3
S20500752A84D7
S20500752B005A
S20500752C2336
S20500752D2038
S20500752E61F6
S20500752F0155
S2050075302332
S2050075312E26
S2050075321142
S2050075330052
S205007534232E
S205007535262A
S205007536311E
S205007537014D
S205007538232A
S2050075392428
S20500753A410A
S20500753B0149
S20500753C2326
S20500753D2226
S20500753E51F6
S20500753F0145
S2050075401332
S205007541063E
S205007542053E
S2050075430042
S205007544132E
S2050075458BB5
S205007546053A
S205007547003E
S205007548B38A
S2050075490636
S20500754AD566
S20500754B40FA
S20500754C63D6
S20500754D1622
S20500754E092E
S20500754F0036
S20500755083B2
S205007551A78D
S205007552042F
S2050075530032
S20500755463CE
S2050075558CA4
S205007556F639
S205007557220C
S20500755883AA
S205007559A785
S20500755A84A7
S20500755B0129
S20500755C63C6
S20500755D9692
S20500755E0720
S20500755F0026
S20500756083A2
S205007561A77D
S205007562041F
S2050075630121
S20500756463BE
S205007565849C
S205007566F629
S20500756728F6
S205007568839A
S205007569A775
S20500756A8497
S20500756B0218
S20500756C63B6
S20500756D9682
S20500756E0710
S20500756F0016
S2050075708392
S205007571A76D
S205007572040F
S2050075730210
S20500757463AE
S205007575848C
S205007576D738
S20500757728E6
S205007578838A
S205007579A765
S20500757A8487
S20500757B0307
S20500757C63A6
S20500757D9672
S20500757E0700
S20500757F0006
S2050075808382
S205007581A75D
S20500758204FF
S20500758303FF
S205007584639E
S2050075858878
S205007586F609
S20500758726D8
S205007588837A
S205007589A755
S20500758A8477
S20500758B04F6
S20500758C6396
S20500758D9662
S20500758E07F0
S20500758F00F6
S2050075908372
S205007591A74D
S20500759204EF
S20500759304EE
S205007594638E
S2050075958C64
S205007596F6F9
S20500759726C8
S205007598836A
S205007599A745
S20500759A8467
S20500759B05E5
S20500759C6386
S20500759D9652
S20500759E07E0
S20500759F00E6
S2050075A08362
S2050075A1A73D
S2050075A204DF
S2050075A305DD
S2050075A4637E
S2050075A58858
S2050075A6F6E9
S2050075A726B8
S2050075A8835A
S2050075A9A735
S2050075AA8457
S2050075AB06D4
S2050075AC6376
S2050075AD9642
S2050075AE07D0
S2050075AF00D6
S2050075B08352
S2050075B1A72D
S2050075B204CF
S2050075B306CC
S2050075B4636E
S2050075B58848
S2050075B6F6D9
S2050075B724AA
S2050075B8834A
S2050075B9A725
S2050075BA8447
S2050075BB07C3
S2050075BC6366
S2050075BD9632
S2050075BE07C0
S2050075BF00C6
S2050075C08342
S2050075C1A71D
S2050075C204BF
S2050075C307BB
S2050075C4635E
S2050075C5843C
S2050075C6F6C9
S2050075C72698
S2050075C8833A
S2050075C9A715
S2050075CA8437
S2050075CB08B2
S2050075CC6356
S2050075CD9622
S2050075CE07B0
S2050075CF00B6
S2050075D08332
S2050075D1A70D
S2050075D204AF
S2050075D308AA
S2050075D4634E
S2050075D5842C
S2050075D6F6B9
S2050075D7248A
S2050075D8832A
S2050075D9A705
S2050075DA8427
S2050075DB09A1
S2050075DC6346
S2050075DD9612
S2050075DE07A0
S2050075DF00A6
S2050075E08322
S2050075E1A7FD
S2050075E2049F
S2050075E30999
S2050075E4633E
S2050075E58020
S2050075E6F6A9
S2050075E7247A
S2050075E8831A
S2050075E9A7F5
S2050075EA8417
S2050075EB0A90
S2050075EC6336
S2050075ED9602
S2050075EE0790
S2050075EF0096
S2050075F08312
S2050075F1A7ED
S2050075F2048F
S2050075F30A88
S2050075F4632E
S2050075F58808
S2050075F6F699
S2050075F7246A
S2050075F8830A
S2050075F9A7E5
S2050075FA8407
S2050075FB0B7F
S2050075FC6326
S2050075FD96F2
S2050075FE0780
S2050075FF0086
S2050076008301
S205007601A7DC
S205007602047E
S2050076030B76
S205007604631D
S20500760588F7
S205007606F688
S205007607225B
S20500760883F9
S205007609A7D4
S20500760A84F6
S20500760B0C6D
S20500760C6315
S20500760D96E1
S20500760E076F
S20500760F0075
S20500761083F1
S205007611A7CC
S205007612046E
S2050076130C65
S205007614630D
S20500761584EB
S205007616F678
S205007617224B
S20500761883E9
S205007619A7C4
S20500761A84E6
S20500761B0D5C
S20500761C6305
S20500761D96D1
S20500761E075F
S20500761F0065
S20500762083E1
S205007621A7BC
S205007622045E
S2050076230D54
S20500762463FD
S20500762588D7
S205007626F668
S205007627223B
S20500762883D9
S205007629A7B4
S20500762A84D6
S20500762B0E4B
S20500762C63F5
S20500762D96C1
S20500762E074F
S20500762F0055
S20500763083D1
S205007631A7AC
S205007632044E
S2050076330E43
S20500763463ED
S2050076358CC3
S205007636F658
S205007637202D
S20500763883C9
S205007639A7A4
S20500763A84C6
S20500763B0F3A
S20500763C63E5
S20500763D82C5
S20500763E073F
S20500763F1431
S205007640370D
S205007641053E
S2050076421032
S2050076430041
S20500764493AD
S205007645053A
S2050076460B33
S205007647003D
S2050076481329
S2050076490536
S20500764A85B5
S20500764B4CED
S20500764CEF49
S20500764DF047
S20500764E0F27
S20500764F86AF
S205007650EF45
S205007651F043
S2050076529F93
S2050076539B96
S205007654EF41
S205007655D05F
S2050076569F8F
S205007657C36A
S2050076581319
S2050076590922
S20500765AF03A
S20500765BFF2A
S20500765C9395
S20500765D091E
S20500765E0026
S20500765F0025
S2050076601311
S2050076610A19
S2050076620022
S205007663FF22
S205007664B36D
S2050076658798
S20500766644DA
S205007667011C
S2050076688399
S205007669AA71
S20500766AC753
S20500766B0019
S20500766C1305
S20500766D0512
S20500766E0B0B
S20500766F0015
S2050076709381
S205007671858E
S2050076720A08
S2050076730011
S205007674EF21
S205007675C04F
S2050076769F6F
S205007677EC21
S20500767863A9
S2050076790CFF
S20500767A0505
S20500767B0009
S20500767CB751
S20500767D0502
S20500767E10F6
S20500767F0005
S2050076809371
S205007681857E
S20500768245BD
S20500768352AF
S20500768413ED
S20500768505FA
S2050076860BF3
S20500768700FD
S205007688EF0D
S205007689C03B
S20500768A5F9B
S20500768BEB0E
S20500768C6395
S20500768D1ED9
S20500768E05F1
S20500768F12E3
S20500769037BD
S20500769107EC
S20500769210E2
S20500769300F1
S205007694B33D
S2050076958768
S20500769644AA
S20500769701EC
S20500769813D9
S20500769907E4
S20500769A8763
S20500769B48A1
S20500769C9355
S20500769D04E3
S20500769E8462
S20500769F8B5A
S2050076A023C1
S2050076A1A63D
S2050076A2E7FB
S2050076A300E1
S2050076A413CD
S2050076A50ED1
S2050076A600DE
S2050076A700DD
S2050076A813C9
S2050076A907D4
S2050076AA8456
S2050076AB8B4E
S2050076AC9345
S2050076AD07D0
S2050076AE00D6
S2050076AF00D5
S2050076B09341
S2050076B10EC5
S2050076B200D2
S2050076B300D1
S2050076B413BD
S2050076B50FC0
S2050076B600CE
S2050076B700CD
S2050076B813B9
S2050076B903C8
S2050076BA00CA
S2050076BB00C9
S2050076BCB315
S2050076BD883F
S2050076BE4482
S2050076BF01C4
S2050076C013B1
S2050076C106BD
S2050076C200C2
S2050076C301C0
S2050076C4635D
S2050076C50AB5
S2050076C6F9C5
S2050076C702BB
S2050076C88339
S2050076C92695
S2050076CA8733
S2050076CB00B9
S2050076CC6355
S2050076CD8631
S2050076CE06B0
S2050076CF02B3
S2050076D08331
S2050076D1268D
S2050076D2476B
S2050076D300B1
S2050076D4634D
S2050076D5822D
S2050076D606A8
S2050076D702AB
S2050076D803A9
S2050076D92586
S2050076DA07A3
S2050076DB00A9
S2050076DC8325
S2050076DDA502
S2050076DE089E
S2050076DF00A5
S2050076E0B3F1
S2050076E1861D
S2050076E2A6FC
S2050076E300A1
S2050076E4336D
S2050076E58817
S2050076E6B9E5
S2050076E7009D
S2050076E86339
S2050076E98615
S2050076EAB6E4
S2050076EB0891
S2050076EC6335
S2050076ED1681
S2050076EE0591
S2050076EF0194
S2050076F01381
S2050076F18E05
S2050076F2078B
S2050076F30091
S2050076F493FD
S2050076F50E81
S2050076F6107E
S2050076F7008D
S2050076F893F9
S2050076F98704
S2050076FA1773
S2050076FB0089
S2050076FC1375
S2050076FD0780
S2050076FE077F
S2050076FF0184
S205007700E3A0
S20500770192F0
S205007702C7BA
S205007703FC84
S205007704B3CC
S2050077056717
S205007706D3AA
S205007707017B
S2050077086318
S2050077098AF0
S20500770A0772
S20500770B0276
S20500770CB3C4
S20500770D87EF
S20500770E4431
S20500770F0173
S2050077100370
S205007711A7CB
S205007712472A
S2050077130070
S205007714630C
S2050077150A64
S205007716036A
S2050077170864
S2050077181358
S2050077191951
S20500771A4F1A
S20500771B0068
S20500771CB3B4
S20500771D86E0
S20500771E2441
S20500771F0163
S20500772083E0
S205007721A6BC
S205007722461B
S2050077230060
S205007724233C
S205007725A0BE
S2050077260756
S205007727005C
S2050077282338
S205007729A2B8
S20500772A0752
S20500772B0058
S20500772C3324
S20500772D074F
S20500772ED77E
S20500772F0054
S20500773063F0
S2050077319AB8
S2050077320E43
S205007733064A
S205007734B39C
S20500773584CA
S2050077362429
S205007737014B
S2050077382328
S205007739A2A8
S20500773AE465
S20500773B0048
S20500773C3710
S20500773D172F
S20500773E1035
S20500773F0044
S20500774083C0
S205007741271B
S20500774247FA
S2050077439EA2
S20500774483BC
S205007745201E
S205007746C17C
S205007747013B
S2050077480338
S2050077492416
S20500774A81B8
S20500774B0137
S20500774CB384
S20500774D87AF
S20500774E37FE
S20500774F41F3
S2050077502310
S2050077512210
S205007752F73A
S2050077539E92
S20500775483AC
S205007755240A
S20500775641EC
S205007757012B
S2050077580328
S2050077592901
S20500775A0128
S20500775B0127
S20500775C83A4
S20500775D29FD
S20500775EC164
S20500775F0024
S2050077600320
S2050077612AF8
S20500776281A0
S2050077630020
S205007764839C
S2050077652AF4
S20500776641DC
S205007767001C
S2050077680318
S2050077692BEF
S20500776A0118
S20500776B0018
S20500776C1304
S20500776D0115
S20500776E0114
S20500776F0212
S20500777067AC
S2050077718092
S2050077720011
S2050077730010
S20500777413FC
S2050077758F7F
S2050077760706
S205007777000C
S20500777813F8
S2050077790307
S20500777A10F9
S20500777B0008
S20500777C6F98
S20500777DF016
S20500777EDF26
S20500777FF70D
S2050077808380
S205007781A75B
S20500778204FD
S2050077830FF1
S20500778413EC
S20500778509F5
S205007786F00D
S20500778700FC
S205007788E318
S2050077899C5E
S20500778AD722
S20500778BEA0E
S20500778C13E4
S20500778D1ADC
S20500778E49AC
S20500778F00F4
S205007790B340
S205007791876B
S20500779244AD
S20500779301EF
S20500779413DC
S20500779507E7
S20500779610DD
S20500779700EC
S2050077988368
S205007799A941
S20500779A47A2
S20500779B00E8
S20500779C23C4
S20500779DA442
S20500779EE7FE
S20500779F00E4
S2050077A06F74
S2050077A1F0F2
S2050077A25F82
S2050077A3ECF4
S2050077A413CC
S2050077A509D5
S2050077A60FCE
S2050077A700DC
S2050077A89348
S2050077A917C3
S2050077AA4E8B
S2050077AB00D8
S2050077ACB324
S2050077AD874F
S2050077AEF4E1
S2050077AF00D4
S2050077B08350
S2050077B1A62C
S2050077B2478A
S2050077B300D0
S2050077B423AC
S2050077B5A02E
S2050077B607C6
S2050077B700CC
S2050077B823A8
S2050077B9A228
S2050077BA07C2
S2050077BB00C8
S2050077BC3394
S2050077BD07BF
S2050077BED7EE
S2050077BF00C4
S2050077C013B0
S2050077C119A9
S2050077C24978
S2050077C300C0
S2050077C46F50
S2050077C5F0CE
S2050077C61F9E
S2050077C7F7C5
S2050077C83784
S2050077C905B5
S2050077CA10A9
S2050077CB00B8
S2050077CC13A4
S2050077CD8630
S2050077CE0AAB
S2050077CF00B4
S2050077D09320
S2050077D105AD
S2050077D20BA6
S2050077D300B0
S2050077D4139C
S2050077D505A9
S2050077D6C5E8
S2050077D7525A
S2050077D8EFBC
S2050077D9E0CA
S2050077DA5F4A
S2050077DBEDBB
S2050077DCEFB8
S2050077DDF0B6
S2050077DEDFC6
S2050077DF8222
S2050077E0EFB4
S2050077E1D0D2
S2050077E2DFC2
S2050077E3AAF6
S2050077E46F30
S2050077E5F0AE
S2050077E6DFBE
S2050077E7EAB2
S2050077E86734
S2050077E9801A
S2050077EA0099
S2050077EB0098
S2050077EC1384
S2050077ED098D
S2050077EE1085
S2050077EF0094
S2050077F06F24
S2050077F1F0A2
S2050077F2DFB2
S2050077F3F997
S2050077F4137C
S2050077F50985
S2050077F6305D
S2050077F7008C
S2050077F86F1C
S2050077F9F09A
S2050077FA5F2A
S2050077FBF98F
S2050077FC1374
S2050077FD097D
S2050077FE2065
S2050077FF0084
S2050078006F13
S205007801F091
S205007802DFA1
S205007803F887
S205007804136B
S2050078050974
S205007806601C
S205007807007B
S2050078086F0B
S205007809F089
S20500780A5F19
S20500780BF87F
S20500780C1363
S20500780D096C
S20500780E4034
S20500780F0073
S2050078106F03
S205007811F081
S205007812DF91
S205007813F778
S205007814135B
S2050078150964
S205007816501C
S205007817006B
S2050078186FFB
S205007819F079
S20500781A5F09
S20500781BF770
S20500781C1353
S20500781D095C
S20500781E80E4
S20500781F0063
S2050078206FF3
S205007821F071
S205007822DF81
S205007823F669
S205007824134B
S2050078250954
S20500782690CC
S205007827005B
S2050078286FEB
S205007829F069
S20500782A5FF9
S20500782BF661
S20500782C1343
S20500782D094C
S20500782E70E4
S20500782F0053
S2050078306FE3
S205007831F061
S205007832DF71
S205007833F55A
S205007834133B
S2050078350944
S205007836B09C
S205007837004B
S2050078386FDB
S205007839F059
S20500783A5FE9
S20500783BF552
S20500783C1333
S20500783D093C
S20500783EC084
S20500783F0043
S2050078406FD3
S205007841F051
S205007842DF61
S205007843F44B
S205007844132B
S2050078450934
S205007846A09C
S205007847003B
S2050078486FCB
S205007849F049
S20500784A5FD9
S20500784BF443
S20500784C1323
S20500784D092C
S20500784EE054
S20500784F0033
S2050078506FC3
S205007851F041
S205007852DF51
S205007853F33C
S205007854131B
S2050078550924
S205007856D05C
S205007857002B
S2050078586FBB
S205007859F039
S20500785A5FC9
S20500785BF334
S20500785CB76F
S20500785D0520
S20500785E1014
S20500785F0023
S205007860130F
S2050078610120
S205007862011F
S205007863FE21
S205007864938B
S2050078658598
S20500786645D7
S2050078672EED
S2050078681307
S2050078690514
S20500786AC058
S20500786B7A9D
S20500786C23F3
S20500786D2EE7
S20500786E1103
S20500786F0013
S20500787023EF
S2050078712CE5
S205007872818F
S205007873000F
S20500787423EB
S2050078752AE3
S205007876917B
S205007877000B
S205007878EF1B
S205007879F019
S20500787A1FE9
S20500787B8D7A
S20500787C13F3
S20500787D0401
S20500787E05FF
S20500787F0003
S205007880B74B
S20500788104FD
S20500788210F0
S20500788300FF
S20500788437C7
S20500788505F8
S20500788610EC
S20500788700FB
S20500788813E7
S2050078898673
S20500788A44B4
S20500788B56A1
S20500788C9363
S20500788D05F0
S20500788EC034
S20500788F7A79
S20500789013DF
S20500789105EC
S20500789245AB
S2050078935996
S205007894EFFF
S205007895E00D
S2050078969F4D
S205007897E10A
S20500789813D7
S2050078998564
S20500789A44A4
S20500789B5691
S20500789C13D3
S20500789D06DF
S20500789E04E0
S20500789F00E3
S2050078A0934F
S2050078A105DC
S2050078A2C11F
S2050078A300DF
S2050078A413CB
S2050078A507D6
S2050078A630AC
S2050078A700DB
S2050078A89347
S2050078A906D3
S2050078AAC018
S2050078AB7A5D
S2050078ACEFE7
S2050078ADF0E5
S2050078AE4F85
S2050078AFE5EE
S2050078B0834F
S2050078B120B1
S2050078B2C10F
S2050078B301CE
S2050078B413BB
S2050078B505C8
S2050078B604C8
S2050078B700CB
S2050078B803C7
S2050078B924A5
S2050078BA8147
S2050078BB01C6
S2050078BC8343
S2050078BD24A1
S2050078BE4183
S2050078BF01C2
S2050078C013AF
S2050078C101C0
S2050078C201BF
S2050078C302BD
S2050078C46757
S2050078C5803D
S2050078C600BC
S2050078C700BB
S2050078C813A7
S2050078C901B8
S2050078CA01B7
S2050078CBFDBA
S2050078CC2393
S2050078CD2491
S2050078CE8133
S2050078CF02B1
S2050078D0238F
S2050078D1228F
S2050078D2911F
S2050078D302AD
S2050078D4238B
S2050078D5208D
S2050078D6218B
S2050078D703A8
S2050078D82387
S2050078D92683
S2050078DA1197
S2050078DB02A5
S2050078DC9313
S2050078DD04A1
S2050078DE059F
S2050078DF00A3
S2050078E0930F
S2050078E1871A
S2050078E2059B
S2050078E3009F
S2050078E4138B
S2050078E50499
S2050078E60696
S2050078E7009B
S2050078E81387
S2050078E98910
S2050078EA0692
S2050078EB0097
S2050078EC6333
S2050078ED088D
S2050078EEB5DF
S2050078EF1083
S2050078F0375B
S2050078F1167B
S2050078F21080
S2050078F3008F
S2050078F4830B
S2050078F52667
S2050078F6C6C6
S2050078F79EED
S2050078F893F7
S2050078F90584
S2050078FAA0E8
S2050078FB0186
S2050078FC93F3
S2050078FD86FF
S2050078FE166E
S2050078FF0083
S205007900235E
S205007901265A
S205007902D6A9
S2050079039EE0
S205007904631A
S2050079050478
S205007906B5C6
S2050079070C6E
S2050079081366
S2050079090672
S20500790A1562
S20500790B0670
S20500790C1362
S20500790D76FE
S20500790EF67D
S20500790F0F63
S205007910630E
S2050079111858
S2050079120768
S205007913125C
S20500791493DA
S20500791586E6
S2050079161754
S2050079170664
S20500791893D6
S205007919F672
S20500791AF671
S20500791B0F57
S20500791C6302
S20500791D8ADA
S20500791EB7AC
S20500791F164C
S205007920372A
S205007921055B
S205007922104F
S205007923005E
S20500792493CA
S2050079250557
S2050079260457
S205007927005A
S2050079281346
S2050079290553
S20500792AC592
S20500792B5EF8
S20500792CEF66
S20500792DE074
S20500792E1F34
S20500792FD87A
S20500793063EE
S2050079310A46
S2050079320946
S2050079330E40
S205007934232A
S2050079352E1E
S205007936311A
S2050079370149
S2050079382326
S2050079392C1C
S20500793A4106
S20500793B0145
S20500793C370E
S20500793D093B
S20500793E1033
S20500793F0042
S205007940132E
S205007941053B
S20500794289B6
S205007943201E
S205007944EF4E
S205007945E05C
S2050079469F9C
S205007947D664
S205007948B782
S2050079491721
S20500794A1027
S20500794B0036
S20500794C0332
S20500794DAA8A
S20500794EC76C
S20500794F9E94
S205007950131E
S205007951042C
S205007952141B
S205007953002E
S205007954B37A
S2050079550923
S20500795644E7
S20500795741E9
S2050079581316
S20500795985A3
S20500795A091E
S20500795B0026
S20500795CEF36
S20500795DC064
S20500795E0F14
S20500795FC55D
S205007960B76A
S2050079611709
S205007962100F
S205007963001E
S205007964839A
S205007965A577
S2050079668794
S2050079678A90
S205007968EF2A
S205007969C058
S20500796A8F88
S20500796B8393
S20500796C9382
S20500796D0410
S20500796E050E
S20500796F0012
S20500797013FE
S205007971050B
S205007972040B
S205007973000E
S205007974EF1E
S205007975C04C
S2050079768F7C
S205007977C347
S2050079789376
S2050079790503
S20500797A0502
S20500797B0006
S20500797C13F2
S20500797D857F
S20500797E04FF
S20500797F0002
S205007980EF12
S205007981B050
S205007982DF20
S205007983BB43
S205007984EF0E
S205007985C03C
S2050079860FEC
S205007987D426
S20500798813E6
S20500798907F1
S20500798A05F2
S20500798B00F6
S20500798C37BE
S20500798D05EF
S20500798E10E3
S20500798F00F2
S205007990935E
S2050079918769
S20500799205EA
S20500799300EE
S205007994935A
S20500799506E6
S2050079960AE1
S20500799700EA
S20500799813D6
S2050079998662
S20500799A09DE
S20500799B00E6
S20500799C9352
S20500799D05DF
S20500799E04DF
S20500799F00E2
S2050079A013CE
S2050079A105DB
S2050079A2855A
S2050079A3617D
S2050079A4EFEE
S2050079A5E0FC
S2050079A69F3C
S2050079A7D00A
S2050079A803D6
S2050079A924B4
S2050079AA8156
S2050079AB02D4
S2050079AC8352
S2050079AD29AB
S2050079AEC112
S2050079AF01D1
S2050079B003CE
S2050079B12AA6
S2050079B2814E
S2050079B301CD
S2050079B4834A
S2050079B520AC
S2050079B6C10A
S2050079B702C8
S2050079B88346
S2050079B924A4
S2050079BA4186
S2050079BB02C4
S2050079BC13B2
S2050079BD05BF
S2050079BE893A
S2050079BF20A2
S2050079C003BE
S2050079C12997
S2050079C201BE
S2050079C302BC
S2050079C413AA
S2050079C501BB
S2050079C601BA
S2050079C703B7
S2050079C86F4A
S2050079C9E0D8
S2050079CA5F58
S2050079CBCEE8
S2050079CC6352
S2050079CD189C
S2050079CE07AC
S2050079CF06AC
S2050079D0139E
S2050079D107A9
S2050079D2A00F
S2050079D301AD
S2050079D4634A
S2050079D58A22
S2050079D6E7C4
S2050079D70E9C
S2050079D89316
S2050079D98721
S2050079DA1790
S2050079DB06A0
S2050079DC376E
S2050079DD059F
S2050079DE1093
S2050079DF00A2
S2050079E0930E
S2050079E1F6AA
S2050079E2F7A8
S2050079E30F8F
S2050079E4138A
S2050079E50696
S2050079E6009B
S2050079E70298
S2050079E89306
S2050079E90593
S2050079EA0493
S2050079EB0096
S2050079EC1382
S2050079ED058F
S2050079EEC5CE
S2050079EF5E34
S2050079F0EFA2
S2050079F1E0B0
S2050079F2DFB0
S2050079F3CBC3
S2050079F4632A
S2050079F50884
S2050079F60982
S2050079F70288
S2050079F86F1A
S2050079F9F098
S2050079FADFA8
S2050079FBF393
S2050079FC93F2
S2050079FD067E
S2050079FEA0E3
S2050079FF0181
S205007A00E39D
S205007A010679
S205007A02D5A9
S205007A03FC81
S205007A041369
S205007A050675
S205007A061565
S205007A070673
S205007A081365
S205007A097601
S205007A0AF680
S205007A0B0F66
S205007A0C6311
S205007A0D1A59
S205007A0E076B
S205007A0F026F
S205007A103739
S205007A11056A
S205007A12105E
S205007A13006D
S205007A1493D9
S205007A150566
S205007A160466
S205007A170069
S205007A181355
S205007A190562
S205007A1A85E1
S205007A1B5D08
S205007A1CEF75
S205007A1DE083
S205007A1E1F43
S205007A1FC998
S205007A20E37D
S205007A211A45
S205007A220955
S205007A23F06D
S205007A2483D9
S205007A25203B
S205007A26C199
S205007A270257
S205007A280355
S205007A292433
S205007A2A81D5
S205007A2B0253
S205007A2C83D1
S205007A2D242F
S205007A2E4111
S205007A2F024F
S205007A30034D
S205007A312926
S205007A32014D
S205007A33024B
S205007A341339
S205007A35014A
S205007A360149
S205007A370346
S205007A3867E1
S205007A3980C7
S205007A3A0046
S205007A3B0045
S205007A3C1331
S205007A3D063D
S205007A3E0042
S205007A3F023F
S205007A4063DD
S205007A410837
S205007A42043A
S205007A430637
S205007A443705
S205007A450536
S205007A46102A
S205007A470039
S205007A4893A5
S205007A490532
S205007A4A0630
S205007A4B0035
S205007A4C1321
S205007A4D052E
S205007A4E052D
S205007A4F5DD4
S205007A50EF41
S205007A51E04F
S205007A52DF4F
S205007A53C568
S205007A5437F5
S205007A551714
S205007A56101A
S205007A570029
S205007A5883A5
S205007A592700
S205007A5A879F
S205007A5B9E87
S205007A5C9391
S205007A5D061D
S205007A5E0022
S205007A5F051C
S205007A60938D
S205007A618798
S205007A621707
S205007A63001D
S205007A6423F9
S205007A6524F7
S205007A66F723
S205007A679E7B
S205007A6863B5
S205007A69D641
S205007A6AF620
S205007A6B0015
S205007A6C9381
S205007A6D070C
S205007A6EA072
S205007A6F0110
S205007A7063AD
S205007A71848B
S205007A72F41A
S205007A73020B
S205007A74E329
S205007A750803
S205007A760901
S205007A77FA0F
S205007A7837D1
S205007A790502
S205007A7A10F6
S205007A7B0005
S205007A7C13F1
S205007A7D05FE
S205007A7E45BD
S205007A7F5DA4
S205007A8023DD
S205007A812ED1
S205007A8231CD
S205007A8301FC
S205007A8423D9
S205007A852CCF
S205007A8641B9
S205007A8701F8
S205007A88EF09
S205007A89E017
S205007A8A5F97
S205007A8BC233
S205007A8C6F85
S205007A8DF003
S205007A8E1FD3
S205007A8FEB06
S205007A90935D
S205007A9106E9
S205007A9200EE
S205007A9302EB
S205007A946F7D
S205007A95F0FB
S205007A96DF0B
S205007A97E801
S205007A9837B1
S205007A9905E2
S205007A9A10D6
S205007A9B00E5
S205007A9C13D1
S205007A9D05DE
S205007A9EC51D
S205007A9F28B9
S205007AA023BD
S205007AA124BB
S205007AA207D7
S205007AA39E3F
S205007AA4EFED
S205007AA5E0FB
S205007AA69F3B
S205007AA7C019
S205007AA8E3F5
S205007AA918BF
S205007AAA09CD
S205007AABFCD9
S205007AAC6F65
S205007AADF0E3
S205007AAE9F33
S205007AAFF7DA
S205007AB03799
S205007AB105CA
S205007AB210BE
S205007AB300CD
S205007AB413B9
S205007AB505C6
S205007AB6C505
S205007AB75B6E
S205007AB823A5
S205007AB926A1
S205007ABAC105
S205007ABB00C5
S205007ABCEFD5
S205007ABDE0E3
S205007ABE1FA3
S205007ABFBF02
S205007AC003BD
S205007AC12699
S205007AC2C1FD
S205007AC300BD
S205007AC46F4D
S205007AC5F0CB
S205007AC61F9B
S205007AC7F8C1
S205007AC813A5
S205007AC906B1
S205007ACA00B6
S205007ACB02B3
S205007ACC6F45
S205007ACDF0C3
S205007ACE5F53
S205007ACFF4BD
S205007AD03779
S205007AD106A9
S205007AD2109E
S205007AD300AD
S205007AD4B7F5
S205007AD505A6
S205007AD6109A
S205007AD700A9
S205007AD81395
S205007AD906A1
S205007ADA06A0
S205007ADB663F
S205007ADC9311
S205007ADD851E
S205007ADE851D
S205007ADF6839
S205007AE06F31
S205007AE1E0BF
S205007AE25F3F
S205007AE3C6D7
S205007AE46735
S205007AE5801B
S205007AE6009A
S205007AE70099
S205007AE81385
S205007AE90592
S205007AEA0096
S205007AEB0095
S205007AEC672D
S205007AED8013
S205007AEE0092
S205007AEF0091
S205100000F4F6
S2051000011BCE
S20510000200E8
S20510000300E7
S205100004A046
S2051000051ACB
S20510000600E4
S20510000700E3
S2051000084C96
S2051000091AC7
S20510000A00E0
S20510000B00DF
S20510000CA03E
S20510000D1BC2
S20510000E00DC
S20510000F00DB
S2051000104C8E
S2051000111ABF
S20510001200D8
S20510001300D7
S205100014B026
S2051000151ABB
S20510001600D4
S20510001700D3
S2051000184C86
S2051000191AB7
S20510001A00D0
S20510001B00CF
S20510001CA02E
S20510001D1BB2
S20510001E00CC
S20510001F00CB
S205100020A02A
S2051000211AAF
S20510002200C8
S20510002300C7
S205100024A026
S2051000251AAB
S20510002600C4
S20510002700C3
S205100028B012
S2051000291AA7
S20510002A00C0
S20510002B00BF
S20510002CA01E
S20510002D1BA2
S20510002E00BC
S20510002F00BB
S2051000302C8E
S2051000311B9E
S20510003200B8
S20510003300B7
S2051000342C8A
S2051000351B9A
S20510003600B4
S20510003700B3
S2051000382C86
S2051000391B96
S20510003A00B0
S20510003B00AF
S20510003CB0FE
S20510003D1A93
S20510003E00AC
S20510003F00AB
S2051000405C4E
S2051000413871
S20510004200A8
S20510004300A7
S2051000444C5A
S205100045366F
S20510004600A4
S20510004700A3
S2051000485C46
S205100049376A
S20510004A00A0
S20510004B009F
S20510004C900E
S20510004D3667
S20510004E009C
S20510004F009B
S2051000505C3E
S2051000513762
S2051000520098
S2051000530097
S2051000549CFA
S205100055365F
S2051000560094
S2051000570093
S2051000585C36
S205100059375A
S20510005A0090
S20510005B008F
S20510005C90FE
S20510005D3657
S20510005E008C
S20510005F008B
S2051000604C3E
S2051000613653
S2051000620088
S2051000630087
S2051000644C3A
S205100065364F
S2051000660084
S2051000670083
S2051000689CE6
S205100069364B
S20510006A0080
S20510006B007F
S20510006C90EE
S20510006D3647
S20510006E007C
S20510006F007B
S2051000706C0E
S2051000713742
S2051000720078
S2051000730077
S2051000746C0A
S205100075373E
S2051000760074
S2051000770073
S2051000786C06
S205100079373A
S20510007A0070
S20510007B006F
S20510007C9CD2
S20510007D3637
S20510007E006C
S20510007F006B
S2051000804C1E
S2051000813633
S2051000820068
S2051000830067
S2051000844C1A
S205100085362F
S2051000860064
S2051000870063
S2051000885C06
S205100089372A
S20510008A0060
S20510008B005F
S20510008C70EE
S20510008D3924
S20510008E005C
S20510008F005B
S2051000905CFE
S2051000913722
S2051000920058
S2051000930057
S2051000949CBA
S205100095361F
S2051000960054
S2051000970053
S2051000985CF6
S205100099371A
S20510009A0050
S20510009B004F
S20510009C70DE
S20510009D3914
S20510009E004C
S20510009F004B
S2051000A04CFE
S2051000A13613
S2051000A20048
S2051000A30047
S2051000A44CFA
S2051000A5360F
S2051000A60044
S2051000A70043
S2051000A89CA6
S2051000A9360B
S2051000AA0040
S2051000AB003F
S2051000AC70CE
S2051000AD3904
S2051000AE003C
S2051000AF003B
S2051000B06CCE
S2051000B13702
S2051000B20038
S2051000B30037
S2051000B46CCA
S2051000B537FE
S2051000B60034
S2051000B70033
S2051000B8989A
S2051000B939F8
S2051000BA0030
S2051000BB002F
S2051000BC5CD2
S2051000BD37F6
S2051000BE002C
S2051000BF002B
S2051000C09C8E
S2051000C136F3
S2051000C20028
S2051000C30027
S2051000C45CCA
S2051000C537EE
S2051000C60024
S2051000C70023
S2051000C8988A
S2051000C939E8
S2051000CA0020
S2051000CB001F
S2051000CC4CD2
S2051000CD36E7
S2051000CE001C
S2051000CF001B
S2051000D04CCE
S2051000D136E3
S2051000D20018
S2051000D30017
S2051000D49C7A
S2051000D536DF
S2051000D60014
S2051000D70013
S2051000D8987A
S2051000D939D8
S2051000DA0010
S2051000DB000F
S2051000DC68A6
S2051000DD37D6
S2051000DE000C
S2051000DF000B
S2051000E068A2
S2051000E137D2
S2051000E20008
S2051000E30007
S2051000E4689E
S2051000E537CE
S2051000E60004
S2051000E70003
S2051000E80002
S2051000E90100
S2051000EA02FE
S2051000EB02FD
S2051000EC03FB
S2051000ED03FA
S2051000EE03F9
S2051000EF03F8
S2051000F004F6
S2051000F104F5
S2051000F204F4
S2051000F304F3
S2051000F404F2
S2051000F504F1
S2051000F604F0
S2051000F704EF
S2051000F805ED
S2051000F905EC
S2051000FA05EB
S2051000FB05EA
S2051000FC05E9
S2051000FD05E8
S2051000FE05E7
S2051000FF05E6
S20510010005E4
S20510010105E3
S20510010205E2
S20510010305E1
S20510010405E0
S20510010505DF
S20510010605DE
S20510010705DD
S20510010806DB
S20510010906DA
S20510010A06D9
S20510010B06D8
S20510010C06D7
S20510010D06D6
S20510010E06D5
S20510010F06D4
S20510011006D3
S20510011106D2
S20510011206D1
S20510011306D0
S20510011406CF
S20510011506CE
S20510011606CD
S20510011706CC
S20510011806CB
S20510011906CA
S20510011A06C9
S20510011B06C8
S20510011C06C7
S20510011D06C6
S20510011E06C5
S20510011F06C4
S20510012006C3
S20510012106C2
S20510012206C1
S20510012306C0
S20510012406BF
S20510012506BE
S20510012606BD
S20510012706BC
S20510012807BA
S20510012907B9
S20510012A07B8
S20510012B07B7
S20510012C07B6
S20510012D07B5
S20510012E07B4
S20510012F07B3
S20510013007B2
S20510013107B1
S20510013207B0
S20510013307AF
S20510013407AE
S20510013507AD
S20510013607AC
S20510013707AB
S20510013807AA
S20510013907A9
S20510013A07A8
S20510013B07A7
S20510013C07A6
S20510013D07A5
S20510013E07A4
S20510013F07A3
S20510014007A2
S20510014107A1
S20510014207A0
S205100143079F
S205100144079E
S205100145079D
S205100146079C
S205100147079B
S205100148079A
S2051001490799
S20510014A0798
S20510014B0797
S20510014C0796
S20510014D0795
S20510014E0794
S20510014F0793
S2051001500792
S2051001510791
S2051001520790
S205100153078F
S205100154078E
S205100155078D
S205100156078C
S205100157078B
S205100158078A
S2051001590789
S20510015A0788
S20510015B0787
S20510015C0786
S20510015D0785
S20510015E0784
S20510015F0783
S2051001600782
S2051001610781
S2051001620780
S205100163077F
S205100164077E
S205100165077D
S205100166077C
S205100167077B
S2051001680879
S2051001690878
S20510016A0877
S20510016B0876
S20510016C0875
S20510016D0874
S20510016E0873
S20510016F0872
S2051001700871
S2051001710870
S205100172086F
S205100173086E
S205100174086D
S205100175086C
S205100176086B
S205100177086A
S2051001780869
S2051001790868
S20510017A0867
S20510017B0866
S20510017C0865
S20510017D0864
S20510017E0863
S20510017F0862
S2051001800861
S2051001810860
S205100182085F
S205100183085E
S205100184085D
S205100185085C
S205100186085B
S205100187085A
S2051001880859
S2051001890858
S20510018A0857
S20510018B0856
S20510018C0855
S20510018D0854
S20510018E0853
S20510018F0852
S2051001900851
S2051001910850
S205100192084F
S205100193084E
S205100194084D
S205100195084C
S205100196084B
S205100197084A
S2051001980849
S2051001990848
S20510019A0847
S20510019B0846
S20510019C0845
S20510019D0844
S20510019E0843
S20510019F0842
S2051001A00841
S2051001A10840
S2051001A2083F
S2051001A3083E
S2051001A4083D
S2051001A5083C
S2051001A6083B
S2051001A7083A
S2051001A80839
S2051001A90838
S2051001AA0837
S2051001AB0836
S2051001AC0835
S2051001AD0834
S2051001AE0833
S2051001AF0832
S2051001B00831
S2051001B10830
S2051001B2082F
S2051001B3082E
S2051001B4082D
S2051001B5082C
S2051001B6082B
S2051001B7082A
S2051001B80829
S2051001B90828
S2051001BA0827
S2051001BB0826
S2051001BC0825
S2051001BD0824
S2051001BE0823
S2051001BF0822
S2051001C00821
S2051001C10820
S2051001C2081F
S2051001C3081E
S2051001C4081D
S2051001C5081C
S2051001C6081B
S2051001C7081A
S2051001C80819
S2051001C90818
S2051001CA0817
S2051001CB0816
S2051001CC0815
S2051001CD0814
S2051001CE0813
S2051001CF0812
S2051001D00811
S2051001D10810
S2051001D2080F
S2051001D3080E
S2051001D4080D
S2051001D5080C
S2051001D6080B
S2051001D7080A
S2051001D80809
S2051001D90808
S2051001DA0807
S2051001DB0806
S2051001DC0805
S2051001DD0804
S2051001DE0803
S2051001DF0802
S2051001E00801
S2051001E10800
S2051001E208FF
S2051001E308FE
S2051001E408FD
S2051001E508FC
S2051001E608FB
S2051001E708FA
S2051001E80AF7
S2051001E953AD
S2051001EA659A
S2051001EB748A
S2051001EC6994
S2051001ED6E8E
S2051001EE6794
S2051001EF20DA
S2051001F07584
S2051001F17088
S2051001F220D7
S2051001F37086
S2051001F46590
S2051001F57282
S2051001F6668D
S2051001F76F83
S2051001F8727F
S2051001F96D83
S2051001FA618E
S2051001FB6E80
S2051001FC638A
S2051001FD6587
S2051001FE20CB
S2051001FF6D7D
S2051002006583
S2051002016186
S2051002027373
S2051002037570
S2051002047272
S205100205697A
S2051002066E74
S205100207677A
S2051002080AD6
S2051002090AD5
S20510020A00DE
S20510020B00DD
S20510020C4399
S20510020D6F6C
S20510020E6E6C
S20510020F7663
S20510021030A8
S20510021100D7
S20510021200D6
S20510021300D5
S20510021425AF
S2051002152DA6
S205100216359D
S20510021730A1
S205100218735D
S20510021920AF
S20510021A25A9
S20510021B319C
S20510021C3597
S20510021D7358
S20510021E20AA
S20510021F6366
S205100220794F
S2051002216364
S2051002226C5A
S2051002236560
S2051002247351
S2051002250AB9
S20510022600C2
S20510022700C1
S2051002285070
S2051002296F50
S20510022A6F4F
S20510022B6C51
S20510022C308C
S20510022D00BB
S20510022E00BA
S20510022F00B9
S2051002304375
S2051002316F48
S2051002326E48
S205100233763F
S2051002343183
S20510023500B3
S20510023600B2
S20510023700B1
S2051002385060
S2051002396F40
S20510023A6F3F
S20510023B6C41
S20510023C317B
S20510023D00AB
S20510023E00AA
S20510023F00A9
S2051002404C5C
S205100241693E
S2051002426E38
S2051002436540
S2051002446143
S2051002457231
S2051002463072
S20510024700A1
S2051002484C54
S2051002496936
S20510024A6E30
S20510024B6538
S20510024C613B
S20510024D7229
S20510024E3169
S20510024F0099
S2051002505345
S2051002516532
S2051002526C2A
S2051002536530
S2051002546331
S205100255741F
S2051002560092
S2051002570091
S205100258543C
S2051002596F20
S20510025A741A
S20510025B612C
S20510025C6C20
S20510025D008B
S20510025E008A
S20510025F0089
S2051002600A7E
S2051002610A7D
S205100262483E
S2051002634540
S2051002644C38
S2051002654C37
S2051002664F33
S2051002672061
S2051002684B35
S205100269354A
S20510026A5826
S20510026B205D
S20510026C5329
S20510026D4C2F
S20510026E5228
S20510026F2059
S2051002703A3E
S2051002712057
S2051002725323
S205100273690C
S205100274670D
S2051002756E05
S2051002762052
S2051002774C25
S205100278610F
S2051002796E01
S20510027A6707
S20510027B75F8
S20510027C610B
S20510027D6704
S20510027E6505
S20510027F2049
S2051002805216
S2051002816502
S2051002826303
S2051002836FF6
S20510028467FD
S2051002856EF5
S20510028669F9
S20510028774ED
S20510028869F7
S2051002896FF0
S20510028A6EF0
S20510028B0A53
S20510028C0A52
S20510028D005B
S20510028E005A
S20510028F0059
S2051002904117
S2051002916CEB
S2051002926CEA
S2051002936FE6
S20510029463F1
S20510029561F2
S20510029674DE
S20510029765EC
S20510029864EC
S205100299202F
S20510029A74DA
S20510029B6FDE
S20510029C74D8
S20510029D61EA
S20510029E6CDE
S20510029F2029
S2051002A02523
S2051002A164E3
S2051002A22026
S2051002A362E3
S2051002A479CB
S2051002A574CF
S2051002A665DD
S2051002A773CE
S2051002A82020
S2051002A96FD0
S2051002AA66D8
S2051002AB201D
S2051002AC66D6
S2051002AD6FCC
S2051002AE72C8
S2051002AF2019
S2051002B069CF
S2051002B16EC9
S2051002B274C2
S2051002B365D0
S2051002B472C2
S2051002B56DC6
S2051002B665CD
S2051002B764CD
S2051002B869C7
S2051002B961CE
S2051002BA74BA
S2051002BB65C8
S2051002BC200C
S2051002BD66C5
S2051002BE65C5
S2051002BF61C8
S2051002C074B4
S2051002C175B2
S2051002C272B4
S2051002C365C0
S2051002C42004
S2051002C52DF6
S2051002C66DB5
S2051002C761C0
S2051002C870B0
S2051002C973AC
S2051002CA0A14
S2051002CB001D
S2051002CC73A9
S2051002CD6CAF
S2051002CE72A8
S2051002CF5FBA
S2051002D069AF
S2051002D16EA9
S2051002D274A2
S2051002D372A3
S2051002D45FB5
S2051002D566AD
S2051002D66DA5
S2051002D70011
S2051002D8739D
S2051002D96CA3
S2051002DA729C
S2051002DB5FAE
S2051002DC64A8
S2051002DD7398
S2051002DE5FAB
S2051002DF69A0
S2051002E06D9B
S2051002E167A0
S2051002E27393
S2051002E30005
S2051002E46D97
S2051002E56F94
S2051002E6649E
S2051002E7659C
S2051002E86C94
S2051002E95FA0
S2051002EA708E
S2051002EB619C
S2051002EC728A
S2051002ED619A
S2051002EE6D8D
S2051002EF7386
S2051002F000F8
S2051002F100F7
S2051002F200F6
S2051002F300F5
S2051002F40AEA
S2051002F50AE9
S2051002F644AE
S2051002F76F82
S2051002F86E82
S2051002F9658A
S2051002FA20CE
S2051002FB539A
S2051002FC6983
S2051002FD6E7D
S2051002FE6783
S2051002FF6C7D
S2051003006582
S20510030120C6
S20510030244A1
S205100303657F
S205100304746F
S205100305657D
S205100306637E
S205100307746C
S2051003086976
S2051003096F6F
S20510030A6E6F
S20510030B20BC
S20510030C5784
S20510030D6971
S20510030E7465
S20510030F6870
S20510031020B7
S2051003115086
S2051003126570
S2051003137262
S205100314666D
S2051003156F63
S205100316725F
S2051003176D63
S205100318616E
S2051003196E60
S20510031A636A
S20510031B6567
S20510031C20AB
S20510031D4387
S20510031E6861
S20510031F6563
S2051003206364
S2051003216B5B
S2051003220ABB
S20510032300C4
S2051003240AB9
S205100325457D
S205100326526F
S205100327526E
S2051003284F70
S205100329526C
S20510032A209D
S20510032B724A
S20510032C6556
S20510032D6159
S20510032E6455
S20510032F694F
S2051003306E49
S205100331674F
S2051003322095
S205100333694B
S2051003346E45
S205100335743E
S2051003366F42
S2051003372090
S2051003386847
S2051003396549
S20510033A7835
S20510033B208C
S20510033C614A
S20510033D208A
S20510033E6E3B
S20510033F6F39
S2051003406E39
S2051003412086
S205100342683D
S205100343653F
S205100344782B
S2051003452082
S205100346633E
S2051003476838
S205100348613E
S205100349722C
S20510034A2E6F
S20510034B0A92
S20510034C009B
S20510034D009A
S20510034E0099
S20510034F0098
S2051003502473
S2051003517026
S205100352791C
S2051003537321
S205100354682B
S205100355652D
S2051003566C25
S2051003576C24
S205100358206F
S2051003596F1F
S20510035A701D
S20510035B6527
S20510035C6E1D
S20510035D4644
S20510035E6920
S20510035F6C1C
S2051003606522
S205100361285E
S2051003622263
S205100363255F
S2051003647310
S2051003652260
S2051003662C55
S2051003672759
S205100368255A
S205100369631B
S20510036A2756
S20510036B2953
S20510036C0A71
S20510036D007A
S20510036E0079
S20510036F0078
S2051003702453
S2051003717006
S20510037279FC
S2051003737301
S205100374680B
S205100375650D
S2051003766C05
S2051003776C04
S205100378204F
S205100379630B
S20510037A6C01
S20510037B6FFD
S20510037C73F8
S20510037D6505
S20510037E4623
S20510037F69FF
S2051003806CFB
S2051003816501
S205100382283D
S205100383253F
S20510038464FF
S2051003852939
S2051003860A57
S2051003870060
S205100388243B
S20510038970EE
S20510038A79E4
S20510038B73E9
S20510038C68F3
S20510038D65F5
S20510038E6CED
S20510038F6CEC
S2051003902037
S20510039173E3
S2051003926FE6
S20510039363F1
S2051003945300
S20510039574DE
S20510039661F0
S20510039772DE
S20510039874DB
S2051003994608
S20510039A67E6
S20510039B65E7
S20510039C74D7
S20510039D4802
S20510039E65E4
S20510039F78D0
S2051003A04601
S2051003A1281E
S2051003A22520
S2051003A364E0
S2051003A42C17
S2051003A5251D
S2051003A664DD
S2051003A72C14
S2051003A8300F
S2051003A978C6
S2051003AA2518
S2051003AB78C4
S2051003AC2912
S2051003AD0A30
S2051003AE0039
S2051003AF0038
S2051003B02413
S2051003B170C6
S2051003B279BC
S2051003B373C1
S2051003B468CB
S2051003B565CD
S2051003B66CC5
S2051003B76CC4
S2051003B8200F
S2051003B973BB
S2051003BA6FBE
S2051003BB63C9
S2051003BC43E8
S2051003BD68C2
S2051003BE65C4
S2051003BF63C5
S2051003C06BBC
S2051003C146E0
S2051003C267BE
S2051003C365BF
S2051003C474AF
S2051003C548DA
S2051003C665BC
S2051003C778A8
S2051003C846D9
S2051003C928F6
S2051003CA29F4
S2051003CB0A12
S2051003CC001B
S2051003CD001A
S2051003CE0019
S2051003CF0018
S2051003D024F3
S2051003D170A6
S2051003D2799C
S2051003D373A1
S2051003D468AB
S2051003D565AD
S2051003D66CA5
S2051003D76CA4
S2051003D820EF
S2051003D9719D
S2051003DA7598
S2051003DB69A3
S2051003DC7497
S2051003DD41C9
S2051003DE7099
S2051003DF7098
S2051003E028DF
S2051003E129DD
S2051003E20AFB
S2051003E30004
S2051003E430D3
S2051003E531D1
S2051003E632CF
S2051003E733CD
S2051003E834CB
S2051003E935C9
S2051003EA36C7
S2051003EB37C5
S2051003EC38C3
S2051003ED39C1
S2051003EE6198
S2051003EF6296
S2051003F06394
S2051003F16492
S2051003F26590
S2051003F3668E
S2051003F4678C
S2051003F5688A
S2051003F66988
S2051003F76A86
S2051003F86B84
S2051003F96C82
S2051003FA6D80
S2051003FB6E7E
S2051003FC6F7C
S2051003FD707A
S2051003FE7178
S2051003FF7276
S2051004007373
S2051004017471
S205100402756F
S205100403766D
S205100404776B
S2051004057869
S2051004067967
S2051004077A65
S20510040800DE
S20510040900DD
S20510040A00DC
S20510040B00DB
S20510040C30AA
S20510040D31A8
S20510040E32A6
S20510040F33A4
S20510041034A2
S20510041135A0
S205100412369E
S205100413379C
S205100414389A
S2051004153998
S205100416418F
S205100417428D
S205100418438B
S2051004194489
S20510041A4587
S20510041B4685
S20510041C4783
S20510041D4881
S20510041E497F
S20510041F4A7D
S2051004204B7B
S2051004214C79
S2051004224D77
S2051004234E75
S2051004244F73
S2051004255071
S205100426516F
S205100427526D
S205100428536B
S2051004295469
S20510042A5567
S20510042B5665
S20510042C5763
S20510042D5861
S20510042E595F
S20510042F5A5D
S20510043000B6
S20510043100B5
S20510043200B4
S20510043300B3
S2051004343C76
S2051004354E63
S205100436555B
S2051004374C63
S2051004384C62
S2051004393E6F
S20510043A00AC
S20510043B00AB
S20510043C4C5E
S20510043D6F3A
S20510043E6147
S20510043F6443
S205100440693D
S2051004416E37
S205100442673D
S2051004432083
S205100444663C
S205100445722F
S2051004466F31
S2051004476D32
S205100448207E
S2051004492578
S20510044A7329
S20510044B207B
S20510044C7426
S20510044D6F2A
S20510044E2078
S20510044F6136
S2051004506432
S2051004516431
S2051004527222
S205100453652E
S205100454731F
S205100455731E
S2051004562070
S205100457305F
S2051004587816
S2051004592568
S20510045A305C
S20510045B3853
S20510045C7812
S20510045D2069
S20510045E2C5C
S20510045F2067
S2051004606224
S205100461790C
S2051004627410
S205100463651E
S2051004642062
S2051004656C15
S205100466651B
S2051004676E11
S2051004686717
S2051004697409
S20510046A6814
S20510046B205B
S20510046C3A40
S20510046D2059
S20510046E2553
S20510046F6413
S2051004700A6C
S2051004710075
S2051004720074
S2051004730073
S2051004744C26
S2051004756F02
S205100476610F
S205100477640B
S2051004786509
S2051004796409
S20510047A204C
S20510047B2546
S20510047C6406
S20510047D2049
S20510047E6206
S20510047F79EE
S20510048074F2
S2051004816500
S20510048273F1
S2051004830A59
S2051004840062
S2051004850061
S2051004860060
S205100487005F
S2051004884618
S205100489520B
S20510048A4517
S20510048B4516
S20510048C005A
S20510048D0059
S20510048E0058
S20510048F0057
S2051004904511
S2051004915203
S2051004925202
S2051004934F04
S2051004945200
S2051004953A17
S2051004962030
S20510049761EE
S2051004986CE2
S2051004996CE1
S20510049A6FDD
S20510049B63E8
S20510049C2E1C
S20510049D63E6
S20510049E2028
S20510049F4502
S2051004A078CE
S2051004A163E2
S2051004A265DF
S2051004A365DE
S2051004A464DE
S2051004A565DC
S2051004A664DC
S2051004A7201F
S2051004A84DF1
S2051004A965D8
S2051004AA6DCF
S2051004AB6FCC
S2051004AC72C8
S2051004AD79C0
S2051004AE2018
S2051004AF61D6
S2051004B06CCA
S2051004B16CC9
S2051004B26FC5
S2051004B363D0
S2051004B461D1
S2051004B574BD
S2051004B669C7
S2051004B76FC0
S2051004B86EC0
S2051004B9200D
S2051004BA72BA
S2051004BB65C6
S2051004BC73B7
S2051004BD6FBA
S2051004BE75B3
S2051004BF72B5
S2051004C063C3
S2051004C165C0
S2051004C273B1
S2051004C30A19
S2051004C40022
S2051004C50021
S2051004C60020
S2051004C7001F
S2051004C845D9
S2051004C952CB
S2051004CA52CA
S2051004CB4FCC
S2051004CC52C8
S2051004CD3ADF
S2051004CE20F8
S2051004CF61B6
S2051004D06CAA
S2051004D16CA9
S2051004D26FA5
S2051004D363B0
S2051004D45FB3
S2051004D566AB
S2051004D6729E
S2051004D765AA
S2051004D865A9
S2051004D920ED
S2051004DA63A9
S2051004DB61AA
S2051004DC6E9C
S2051004DD27E2
S2051004DE7494
S2051004DF20E7
S2051004E066A0
S2051004E1699C
S2051004E26E96
S2051004E3649F
S2051004E420E2
S2051004E5629F
S2051004E66C94
S2051004E76F90
S2051004E8639B
S2051004E96B92
S2051004EA20DC
S2051004EB6D8E
S2051004EC6199
S2051004ED7485
S2051004EE6395
S2051004EF688F
S2051004F0698D
S2051004F16E87
S2051004F2678D
S2051004F320D3
S2051004F427CB
S2051004F525CC
S2051004F6737D
S2051004F727C8
S2051004F820CE
S2051004F9618C
S2051004FA7379
S2051004FB7378
S2051004FC6981
S2051004FD6782
S2051004FE6E7A
S2051004FF6582
S2051005006481
S20510050120C4
S205100502746F
S2051005036F73
S20510050420C1
S205100505617F
S205100506647B
S205100507647A
S205100508726B
S2051005096577
S20510050A7368
S20510050B7367
S20510050C20B9
S20510050D25B3
S20510050E30A7
S20510050F389E
S205100510785D
S20510051120B4
S20510051220B3
S20510051328AA
S2051005146F62
S205100515666A
S2051005166669
S205100517735B
S2051005186568
S2051005197458
S20510051A20AB
S20510051B25A5
S20510051C3099
S20510051D3494
S20510051E6463
S20510051F299D
S2051005200ABB
S20510052100C4
S20510052200C3
S20510052300C2
S205100524556C
S2051005254E72
S2051005264B74
S2051005274E70
S2051005284F6E
S2051005295765
S20510052A4E6D
S20510052B00BA
S20510052C4574
S20510052D5266
S20510052E5265
S20510052F4F67
S2051005305263
S2051005313A7A
S2051005322093
S2051005336151
S2051005346C45
S2051005356C44
S2051005366F40
S205100537634B
S2051005385F4E
S2051005396646
S20510053A7239
S20510053B6545
S20510053C6544
S20510053D2088
S20510053E6E39
S20510053F6145
S2051005406D38
S205100541653F
S2051005422083
S2051005436D35
S2051005446938
S205100545732D
S2051005466D32
S205100547613D
S2051005487429
S2051005496339
S20510054A6833
S20510054B207A
S20510054C7227
S20510054D6533
S20510054E7126
S20510054F7521
S2051005506530
S2051005517321
S205100552741F
S205100553652D
S205100554642D
S2051005552070
S205100556256A
S205100557731B
S2051005582C61
S205100559206C
S20510055A6625
S20510055B6F1B
S20510055C7514
S20510055D6E1A
S20510055E6423
S20510055F2066
S2051005602560
S2051005617311
S2051005620A79
S2051005630082
S205100564245D
S205100565532D
S2051005664C33
S205100567522C
S2051005685F1E
S2051005695329
S20510056A4833
S20510056B4139
S20510056C5227
S20510056D4533
S20510056E4433
S20510056F2F47
S2051005707005
S2051005717400
S2051005722F44
S20510057377FB
S2051005746F02
S20510057572FE
S2051005766B04
S20510057773FB
S20510057870FD
S205100579610B
S20510057A6308
S20510057B6505
S20510057C2F3A
S20510057D73F5
S20510057E6CFB
S20510057F72F4
S2051005805F06
S20510058174F0
S2051005826DF6
S20510058377EB
S2051005845F02
S2051005856DF3
S2051005866EF1
S20510058778E6
S2051005885FFE
S20510058970EC
S20510058A61FA
S20510058B72E8
S20510058C61F8
S20510058D6DEB
S20510058E73E4
S20510058F2E28
S20510059074E1
S20510059178DC
S20510059274DF
S2051005930052
S2051005944C05
S2051005956FE1
S20510059661EE
S20510059764EA
S20510059869E4
S2051005996EDE
S20510059A67E4
S20510059B202A
S20510059C2524
S20510059D64E4
S20510059E2027
S20510059F6DD9
S2051005A06FD6
S2051005A164E0
S2051005A265DE
S2051005A36CD6
S2051005A42021
S2051005A570D0
S2051005A661DE
S2051005A772CC
S2051005A861DC
S2051005A96DCF
S2051005AA65D6
S2051005AB74C6
S2051005AC65D4
S2051005AD72C6
S2051005AE73C4
S2051005AF2016
S2051005B066CF
S2051005B172C2
S2051005B26FC4
S2051005B36DC5
S2051005B42011
S2051005B5250B
S2051005B673BC
S2051005B70A24
S2051005B8002D
S2051005B9002C
S2051005BA002B
S2051005BB002A
S2051005BC0A1F
S2051005BD0A1E
S2051005BE44E3
S2051005BF45E1
S2051005C054D1
S2051005C145DF
S2051005C243E0
S2051005C354CE
S2051005C445DC
S2051005C544DC
S2051005C620FF
S2051005C754CA
S2051005C845D8
S2051005C958C4
S2051005CA54C7
S2051005CB3AE0
S2051005CC20F9
S2051005CD22F6
S2051005CE0017
S2051005CF0016
S2051005D025F0
S2051005D163B1
S2051005D20013
S2051005D30012
S2051005D422EF
S2051005D50010
S2051005D6000F
S2051005D7000E
S2051005D825E8
S2051005D933D9
S2051005DA64A7
S2051005DB3AD0
S2051005DC20E9
S2051005DD64A4
S2051005DE65A2
S2051005DF7492
S2051005E065A0
S2051005E163A1
S2051005E2748F
S2051005E3659D
S2051005E4649D
S2051005E53AC6
S2051005E620DF
S2051005E725D9
S2051005E8639A
S2051005E90AF2
S2051005EA00FB
S2051005EB00FA
S2051005EC25D4
S2051005ED33C5
S2051005EE6493
S2051005EF3ABC
S2051005F020D5
S2051005F16490
S2051005F2658E
S2051005F3747E
S2051005F4658C
S2051005F5638D
S2051005F6747B
S2051005F76589
S2051005F86489
S2051005F93AB2
S2051005FA20CB
S2051005FB27C3
S2051005FC25C4
S2051005FD6385
S2051005FE27C0
S2051005FF20C6
S2051006003BA9
S20510060120C3
S205100602657D
S2051006037869
S2051006047070
S205100605657A
S205100606637B
S2051006077469
S2051006086577
S2051006096477
S20510060A3AA0
S20510060B20B9
S20510060C27B1
S20510060D25B2
S20510060E6373
S20510060F27AE
S20510061020B4
S205100611468D
S2051006124191
S2051006134988
S2051006144C84
S2051006150AC5
S20510061600CE
S20510061700CD
S2051006180AC2
S2051006192AA1
S20510061A2AA0
S20510061B2A9F
S20510061C2A9E
S20510061D2A9D
S20510061E20A6
S20510061F5471
S205100620655F
S2051006217350
S205100622744E
S205100623655C
S205100624645C
S205100625209F
S2051006262599
S2051006276459
S205100628209C
S2051006296952
S20510062A6D4D
S20510062B6158
S20510062C6751
S20510062D6552
S20510062E7343
S20510062F2C89
S2051006302094
S2051006312093
S2051006325062
S2051006336150
S205100634733D
S205100635733C
S2051006366549
S2051006376449
S2051006383A72
S205100639208B
S20510063A2585
S20510063B6445
S20510063C2C7C
S20510063D2087
S20510063E4660
S20510063F6144
S205100640693B
S2051006416C37
S2051006423A68
S2051006432081
S205100644257B
S205100645643B
S2051006462C72
S205100647207D
S2051006485349
S2051006497526
S20510064A6337
S20510064B6336
S20510064C6533
S20510064D7324
S20510064E7323
S20510064F3A5B
S2051006502074
S205100651256E
S2051006523260
S2051006532E63
S205100654315F
S2051006556629
S2051006562569
S2051006572568
S205100658206C
S2051006592A61
S20510065A2A60
S20510065B2A5F
S20510065C2A5E
S20510065D2A5D
S20510065E0A7C
S20510065F0085
S2051006602460
S2051006615330
S2051006624C36
S205100663522F
S2051006645F21
S205100665532C
S2051006664836
S205100667413C
S205100668522A
S2051006694536
S20510066A4436
S20510066B2F4A
S20510066C7008
S20510066D7403
S20510066E2F47
S20510066F77FE
S2051006706F05
S2051006717201
S2051006726B07
S20510067373FE
S2051006747000
S205100675610E
S205100676630B
S2051006776508
S2051006782F3D
S20510067973F8
S20510067A6CFE
S20510067B72F7
S20510067C5F09
S20510067D6403
S20510067E73F3
S20510067F5F06
S2051006806DF7
S2051006816EF5
S20510068278EA
S2051006832E33
S20510068474EC
S20510068578E7
S20510068674EA
S205100687005D
S2051006882537
S20510068973E8
S20510068A005A
S20510068B0059
S20510068C1840
S20510068D5700
S20510068E0056
S20510068F0055
S20510069094C0
S20510069156FD
S2051006920052
S2051006930051
S20510069494BC
S20510069556F9
S205100696004E
S205100697004D
S2051006980C40
S20510069957F4
S20510069A004A
S20510069B0049
S20510069C94B4
S20510069D56F1
S20510069E0046
S20510069F0045
S2051006A094B0
S2051006A156ED
S2051006A20042
S2051006A30041
S2051006A494AC
S2051006A556E9
S2051006A6003E
S2051006A7003D
S2051006A894A8
S2051006A956E5
S2051006AA003A
S2051006AB0039
S2051006AC94A4
S2051006AD56E1
S2051006AE0036
S2051006AF0035
S2051006B094A0
S2051006B156DD
S2051006B20032
S2051006B30031
S2051006B4949C
S2051006B556D9
S2051006B6002E
S2051006B7002D
S2051006B8002C
S2051006B957D4
S2051006BA002A
S2051006BB0029
S2051006BC9494
S2051006BD56D1
S2051006BE0026
S2051006BF0025
S2051006C0F430
S2051006C156CD
S2051006C20022
S2051006C30021
S2051006C4948C
S2051006C556C9
S2051006C6001E
S2051006C7001D
S2051006C89488
S2051006C956C5
S2051006CA001A
S2051006CB0019
S2051006CCE830
S2051006CD56C1
S2051006CE0016
S2051006CF0015
S2051006D0080C
S2051006D161B2
S2051006D20012
S2051006D30011
S2051006D424EC
S2051006D557B8
S2051006D6000E
S2051006D7000D
S2051006D824E8
S2051006D957B4
S2051006DA000A
S2051006DB0009
S2051006DC24E4
S2051006DD57B0
S2051006DE0006
S2051006DF0005
S2051006E024E0
S2051006E157AC
S2051006E20002
S2051006E30001
S2051006E424DC
S2051006E557A8
S2051006E600FE
S2051006E700FD
S2051006E824D8
S2051006E957A4
S2051006EA00FA
S2051006EB00F9
S2051006EC24D4
S2051006ED57A0
S2051006EE00F6
S2051006EF00F5
S2051006F024D0
S2051006F1579C
S2051006F200F2
S2051006F300F1
S2051006F424CC
S2051006F55798
S2051006F600EE
S2051006F700ED
S2051006F824C8
S2051006F95794
S2051006FA00EA
S2051006FB00E9
S2051006FC24C4
S2051006FD5790
S2051006FE00E6
S2051006FF00E5
S20510070024BF
S205100701578B
S20510070200E1
S20510070300E0
S20510070424BB
S2051007055787
S20510070600DD
S20510070700DC
S20510070824B7
S2051007095783
S20510070A00D9
S20510070B00D8
S20510070C24B3
S20510070D577F
S20510070E00D5
S20510070F00D4
S20510071024AF
S205100711577B
S20510071200D1
S20510071300D0
S20510071424AB
S2051007155777
S20510071600CD
S20510071700CC
S20510071824A7
S2051007195773
S20510071A00C9
S20510071B00C8
S20510071C24A3
S20510071D576F
S20510071E00C5
S20510071F00C4
S205100720249F
S205100721576B
S20510072200C1
S20510072300C0
S205100724249B
S2051007255767
S20510072600BD
S20510072700BC
S2051007282497
S2051007295763
S20510072A00B9
S20510072B00B8
S20510072C6453
S20510072D6452
S20510072E00B5
S20510072F00B4
S205100730248F
S205100731575B
S20510073200B1
S20510073300B0
S205100734248B
S2051007355757
S20510073600AD
S20510073700AC
S2051007382487
S2051007395753
S20510073A00A9
S20510073B00A8
S20510073C2483
S20510073D574F
S20510073E00A5
S20510073F00A4
S205100740247F
S205100741574B
S20510074200A1
S20510074300A0
S205100744247B
S2051007455747
S205100746009D
S205100747009C
S2051007482477
S2051007495743
S20510074A0099
S20510074B0098
S20510074C2473
S20510074D573F
S20510074E0095
S20510074F0094
S2051007505C37
S205100751642E
S2051007520091
S2051007530090
S205100754246B
S2051007555737
S205100756008D
S205100757008C
S205100758BCCF
S2051007595B2F
S20510075A0089
S20510075B0088
S20510075C0087
S20510075D6422
S20510075E0085
S20510075F0084
S205100760245F
S205100761572B
S2051007620081
S2051007630080
S205100764F08F
S2051007655925
S205100766007D
S205100767007C
S2051007682457
S2051007695723
S20510076A0079
S20510076B0078
S20510076C2453
S20510076D571F
S20510076E0075
S20510076F0074
S2051007700073
S205100771640E
S2051007720071
S2051007730070
S205100774244B
S2051007755717
S205100776006D
S205100777006C
S2051007782447
S2051007795713
S20510077A0069
S20510077B0068
S20510077C2443
S20510077D570F
S20510077E0065
S20510077F0064
S205100780243F
S205100781570B
S2051007820061
S2051007830060
S205100784243B
S2051007855707
S205100786005D
S205100787005C
S205100788C09B
S2051007895802
S20510078A0059
S20510078B0058
S20510078C0453
S20510078D5CFA
S20510078E0055
S20510078F0054
S205100790242F
S20510079157FB
S2051007920051
S2051007930050
S205100794242B
S20510079557F7
S205100796004D
S205100797004C
S205100798D873
S20510079958F2
S20510079A0049
S20510079B0048
S20510079C2423
S20510079D57EF
S20510079E0045
S20510079F0044
S2051007A00C37
S2051007A158EA
S2051007A20041
S2051007A30040
S2051007A4241B
S2051007A557E7
S2051007A6003D
S2051007A7003C
S2051007A82417
S2051007A957E3
S2051007AA0039
S2051007AB0038
S2051007ACCC6B
S2051007AD58DE
S2051007AE0035
S2051007AF0034
S2051007B0B083
S2051007B15FD3
S2051007B20031
S2051007B30030
S2051007B42807
S2051007B557D7
S2051007B6002D
S2051007B7002C
S2051007B82803
S2051007B957D3
S2051007BA0029
S2051007BB0028
S2051007BC28FF
S2051007BD57CF
S2051007BE0025
S2051007BF0024
S2051007C028FB
S2051007C157CB
S2051007C20021
S2051007C30020
S2051007C428F7
S2051007C557C7
S2051007C6001D
S2051007C7001C
S2051007C828F3
S2051007C957C3
S2051007CA0019
S2051007CB0018
S2051007CC28EF
S2051007CD57BF
S2051007CE0015
S2051007CF0014
S2051007D028EB
S2051007D157BB
S2051007D20011
S2051007D30010
S2051007D428E7
S2051007D557B7
S2051007D6000D
S2051007D7000C
S2051007D828E3
S2051007D957B3
S2051007DA0009
S2051007DB0008
S2051007DC28DF
S2051007DD57AF
S2051007DE0005
S2051007DF0004
S2051007E028DB
S2051007E157AB
S2051007E20001
S2051007E30000
S2051007E428D7
S2051007E557A7
S2051007E600FD
S2051007E700FC
S2051007E828D3
S2051007E957A3
S2051007EA00F9
S2051007EB00F8
S2051007EC28CF
S2051007ED579F
S2051007EE00F5
S2051007EF00F4
S2051007F028CB
S2051007F1579B
S2051007F200F1
S2051007F300F0
S2051007F428C7
S2051007F55797
S2051007F600ED
S2051007F700EC
S2051007F828C3
S2051007F95793
S2051007FA00E9
S2051007FB00E8
S2051007FC28BF
S2051007FD578F
S2051007FE00E5
S2051007FF00E4
S20510080028BA
S205100801578A
S20510080200E0
S20510080300DF
S20510080428B6
S2051008055786
S20510080600DC
S20510080700DB
S20510080828B2
S2051008095782
S20510080A00D8
S20510080B00D7
S20510080C488E
S20510080D5C79
S20510080E00D4
S20510080F00D3
S20510081028AA
S205100811577A
S20510081200D0
S20510081300CF
S20510081428A6
S2051008155776
S20510081600CC
S20510081700CB
S20510081828A2
S2051008195772
S20510081A00C8
S20510081B00C7
S20510081C289E
S20510081D576E
S20510081E00C4
S20510081F00C3
S205100820289A
S205100821576A
S20510082200C0
S20510082300BF
S2051008242896
S2051008255766
S20510082600BC
S20510082700BB
S2051008282892
S2051008295762
S20510082A00B8
S20510082B00B7
S20510082C288E
S20510082D575E
S20510082E00B4
S20510082F00B3
S205100830545E
S2051008315C55
S20510083200B0
S20510083300AF
S2051008342886
S2051008355756
S20510083600AC
S20510083700AB
S205100838C0EA
S2051008395B4E
S20510083A00A8
S20510083B00A7
S20510083CA006
S20510083D584D
S20510083E00A4
S20510083F00A3
S205100840287A
S205100841574A
S20510084200A0
S205100843009F
S205100844F4AA
S2051008455944
S205100846009C
S205100847009B
S2051008482872
S2051008495742
S20510084A0098
S20510084B0097
S20510084C286E
S20510084D573E
S20510084E0094
S20510084F0093
S205100850A0F2
S2051008515839
S2051008520090
S205100853008F
S2051008542866
S2051008555736
S205100856008C
S205100857008B
S2051008582862
S2051008595732
S20510085A0088
S20510085B0087
S20510085C285E
S20510085D572E
S20510085E0084
S20510085F0083
S205100860285A
S205100861572A
S2051008620080
S205100863007F
S2051008642856
S2051008655726
S205100866007C
S205100867007B
S205100868C4B6
S2051008695821
S20510086A0078
S20510086B0077
S20510086C086E
S20510086D5C19
S20510086E0074
S20510086F0073
S205100870284A
S205100871571A
S2051008720070
S205100873006F
S2051008742846
S2051008755716
S205100876006C
S205100877006B
S205100878DC8E
S2051008795811
S20510087A0068
S20510087B0067
S20510087C283E
S20510087D570E
S20510087E0064
S20510087F0063
S2051008801052
S2051008815809
S2051008820060
S205100883005F
S2051008842836
S2051008855706
S205100886005C
S205100887005B
S2051008882832
S2051008895702
S20510088A0058
S20510088B0057
S20510088CD086
S20510088D58FD
S20510088E0054
S20510088F0053
S2051008900052
S2051008910051
S2051008920050
S205100893004F
S205100894004E
S205100895004D
S2051008962428
S205100897400B
S205100898B892
S2051008991E2B
S20510089A85C3
S20510089BEB5C
S20510089C51F5
S20510089DB88D
S20510089E9EA6
S20510089F3F04
S2051008A00042
S2051008A10041
S2051008A20040
S2051008A3003F
S2051008A4003E
S2051008A5003D
S2051008A6F04C
S2051008A73FFC
S2051008A8003A
S2051008A90039
S2051008AAC870
S2051008AB42F5
S2051008AC1422
S2051008AD0035
S2051008AE0034
S2051008AF80B3
S2051008B00032
S2051008B10031
S2051008B20030
S2051008B340EF
S80400008477
